lote,produto_familia,estagio,condicao,tempo_dias,ph,densidade_g_cm3,delta_L,delta_a,delta_b,delta_e_estabilidade,aspecto_score,aspecto_desc,cor_score,cor_desc,odor_conforme,odor_desc,causa_oos,oos_flag
LMU-2401-001,Limpador Multiuso Alcalino,3,Ambiente Escuro 25C,7,10.1,1.004,-0.021,0.0,0.042,0.03,1,liquido homogeneo com leve pelicula na superficie,0,conforme padrao,True,caracteristico,,False
LMU-2401-001,Limpador Multiuso Alcalino,3,Ambiente Escuro 25C,15,10.06,1.003,-0.045,0.0,0.09,0.065,1,liquido homogeneo com leve pelicula na superficie,0,conforme padrao,True,caracteristico do produto,,False
LMU-2401-001,Limpador Multiuso Alcalino,3,Ambiente Escuro 25C,30,10.11,1.003,-0.09,0.0,0.18,0.13,0,"liquido homogeneo, limpido",0,conforme padrao,True,caracteristico do produto,,False
LMU-2401-001,Limpador Multiuso Alcalino,3,Ambiente Escuro 25C,60,10.08,1.004,-0.18,0.0,0.36,0.259,1,liquido homogeneo com leve pelicula na superficie,0,conforme padrao,True,caracteristico do produto,,False
LMU-2401-001,Limpador Multiuso Alcalino,3,Ambiente Escuro 25C,90,10.0,1.007,-0.27,0.0,0.54,0.388,1,liquido homogeneo com leve pelicula na superficie,0,conforme padrao,True,caracteristico do produto,,False
LMU-2401-001,Limpador Multiuso Alcalino,3,Estufa 40C,7,10.04,1.007,-0.099,0.0,0.197,0.142,1,liquido homogeneo com leve pelicula na superficie,0,conforme padrao,True,caracteristico,,False
LMU-2401-001,Limpador Multiuso Alcalino,3,Estufa 40C,15,10.03,1.006,-0.211,0.0,0.422,0.304,1,"homogeneo, leve turvacao em relacao ao padrao",0,conforme padrao,True,caracteristico do produto,,False
LMU-2401-001,Limpador Multiuso Alcalino,3,Estufa 40C,30,9.97,1.007,-0.422,0.0,0.845,0.606,0,"liquido homogeneo, limpido",0,conforme padrao,True,caracteristico,,False
LMU-2401-001,Limpador Multiuso Alcalino,3,Estufa 40C,60,9.81,1.008,-0.845,0.0,1.689,1.207,1,"homogeneo, leve turvacao em relacao ao padrao",1,"levemente diferente do padrao, conforme",True,caracteristico,,False
LMU-2401-001,Limpador Multiuso Alcalino,3,Estufa 40C,90,9.64,1.01,-1.267,0.0,2.534,1.803,0,"liquido homogeneo, limpido",2,perceptivelmente mais escura que o padrao,True,caracteristico,,False
LMU-2401-001,Limpador Multiuso Alcalino,3,Geladeira 5C,7,10.18,1.004,-0.002,0.0,0.004,0.003,0,"liquido homogeneo, levemente opalescente",0,conforme padrao,True,caracteristico,,False
LMU-2401-001,Limpador Multiuso Alcalino,3,Geladeira 5C,15,10.07,1.006,-0.004,0.0,0.009,0.006,2,"cremeacao visivel na superficie, reversivel a agitacao",0,conforme padrao,True,caracteristico,,False
LMU-2401-001,Limpador Multiuso Alcalino,3,Geladeira 5C,30,10.09,1.007,-0.009,0.0,0.018,0.013,1,"homogeneo, leve turvacao em relacao ao padrao",0,conforme padrao,True,caracteristico,,False
LMU-2401-001,Limpador Multiuso Alcalino,3,Geladeira 5C,60,10.09,1.006,-0.018,0.0,0.035,0.025,1,"homogeneo, leve turvacao em relacao ao padrao",0,conforme padrao,True,caracteristico,,False
LMU-2401-001,Limpador Multiuso Alcalino,3,Geladeira 5C,90,10.13,1.005,-0.027,0.0,0.053,0.038,1,"homogeneo, leve turvacao em relacao ao padrao",0,conforme padrao,True,caracteristico do produto,,False
LMU-2401-001,Limpador Multiuso Alcalino,3,Luz Solar,7,10.09,1.005,-0.32,0.0,0.993,0.649,1,liquido homogeneo com leve pelicula na superficie,0,conforme padrao,True,caracteristico do produto,,False
LMU-2401-001,Limpador Multiuso Alcalino,3,Luz Solar,15,10.1,1.006,-0.644,0.0,1.955,1.274,1,"homogeneo, leve turvacao em relacao ao padrao",1,"levemente diferente do padrao, conforme",True,caracteristico do produto,,False
LMU-2401-001,Limpador Multiuso Alcalino,3,Luz Solar,30,10.05,1.005,-1.152,0.0,3.369,2.189,0,"liquido homogeneo, limpido",2,perceptivelmente mais escura que o padrao,True,caracteristico,,False
LMU-2401-001,Limpador Multiuso Alcalino,3,Luz Solar,60,10.04,1.007,-1.884,0.0,5.175,3.363,0,"liquido homogeneo, sem alteracao",3,amarelada em relacao ao padrao,True,caracteristico,,False
LMU-2401-001,Limpador Multiuso Alcalino,3,Luz Solar,90,9.93,1.007,-2.372,0.0,6.216,4.052,1,"homogeneo, leve turvacao em relacao ao padrao",3,amarelada em relacao ao padrao,True,caracteristico,,False
ALV-2401-003,Alvejante Liquido sem Cloro,3,Ambiente Escuro 25C,7,4.06,1.048,-0.014,0.0,0.028,0.026,1,liquido homogeneo com leve pelicula na superficie,0,conforme padrao,True,caracteristico,,False
ALV-2401-003,Alvejante Liquido sem Cloro,3,Ambiente Escuro 25C,15,4.01,1.048,-0.03,0.0,0.06,0.055,0,"liquido homogeneo, levemente opalescente",0,conforme padrao,True,caracteristico,,False
ALV-2401-003,Alvejante Liquido sem Cloro,3,Ambiente Escuro 25C,30,4.05,1.049,-0.06,0.0,0.12,0.109,0,"liquido homogeneo, levemente opalescente",0,conforme padrao,True,caracteristico,,False
ALV-2401-003,Alvejante Liquido sem Cloro,3,Ambiente Escuro 25C,60,3.99,1.051,-0.12,0.0,0.24,0.218,0,"liquido homogeneo, levemente opalescente",0,conforme padrao,True,caracteristico,,False
ALV-2401-003,Alvejante Liquido sem Cloro,3,Ambiente Escuro 25C,90,3.9,1.053,-0.18,0.0,0.36,0.326,1,liquido homogeneo com leve pelicula na superficie,0,conforme padrao,True,caracteristico do produto,,False
ALV-2401-003,Alvejante Liquido sem Cloro,3,Estufa 40C,7,4.0,1.048,-0.066,0.0,0.131,0.12,0,"liquido homogeneo, sem alteracao",0,conforme padrao,True,caracteristico,,False
ALV-2401-003,Alvejante Liquido sem Cloro,3,Estufa 40C,15,3.91,1.048,-0.141,0.0,0.282,0.256,1,"homogeneo, leve turvacao em relacao ao padrao",0,conforme padrao,True,caracteristico do produto,,False
ALV-2401-003,Alvejante Liquido sem Cloro,3,Estufa 40C,30,3.88,1.051,-0.282,0.0,0.563,0.509,1,liquido homogeneo com leve pelicula na superficie,0,conforme padrao,True,caracteristico,,False
ALV-2401-003,Alvejante Liquido sem Cloro,3,Estufa 40C,60,3.67,1.052,-0.563,0.0,1.126,1.008,1,"homogeneo, leve turvacao em relacao ao padrao",1,"levemente diferente do padrao, conforme",True,caracteristico do produto,,False
ALV-2401-003,Alvejante Liquido sem Cloro,3,Estufa 40C,90,3.47,1.058,-0.845,0.0,1.689,1.498,0,"liquido homogeneo, sem alteracao",1,"levemente diferente do padrao, conforme",True,caracteristico,pH fora de faixa,True
ALV-2401-003,Alvejante Liquido sem Cloro,3,Geladeira 5C,7,4.08,1.052,-0.001,0.0,0.003,0.003,0,"liquido homogeneo, limpido",0,conforme padrao,True,caracteristico do produto,,False
ALV-2401-003,Alvejante Liquido sem Cloro,3,Geladeira 5C,15,4.08,1.048,-0.003,0.0,0.006,0.005,1,liquido homogeneo com leve pelicula na superficie,0,conforme padrao,True,caracteristico,,False
ALV-2401-003,Alvejante Liquido sem Cloro,3,Geladeira 5C,30,4.06,1.047,-0.006,0.0,0.012,0.011,0,"liquido homogeneo, levemente opalescente",0,conforme padrao,True,caracteristico,,False
ALV-2401-003,Alvejante Liquido sem Cloro,3,Geladeira 5C,60,4.01,1.048,-0.012,0.0,0.024,0.021,1,"homogeneo, leve turvacao em relacao ao padrao",0,conforme padrao,True,caracteristico do produto,,False
ALV-2401-003,Alvejante Liquido sem Cloro,3,Geladeira 5C,90,4.03,1.052,-0.018,0.0,0.035,0.032,1,liquido homogeneo com leve pelicula na superficie,0,conforme padrao,True,caracteristico,,False
ALV-2401-003,Alvejante Liquido sem Cloro,3,Luz Solar,7,4.04,1.051,-0.376,0.0,1.19,1.027,1,"homogeneo, leve turvacao em relacao ao padrao",1,"levemente diferente do padrao, conforme",True,caracteristico do produto,,False
ALV-2401-003,Alvejante Liquido sem Cloro,3,Luz Solar,15,4.03,1.049,-0.754,0.0,2.337,1.978,1,liquido homogeneo com leve pelicula na superficie,2,perceptivelmente mais escura que o padrao,True,caracteristico,,False
ALV-2401-003,Alvejante Liquido sem Cloro,3,Luz Solar,30,4.04,1.051,-1.34,0.0,4.002,3.301,0,"liquido homogeneo, limpido",3,amarelada em relacao ao padrao,True,caracteristico,,False
ALV-2401-003,Alvejante Liquido sem Cloro,3,Luz Solar,60,3.93,1.049,-2.16,0.0,6.066,4.856,1,"homogeneo, leve turvacao em relacao ao padrao",3,amarelada em relacao ao padrao,True,caracteristico do produto,,False
ALV-2401-003,Alvejante Liquido sem Cloro,3,Luz Solar,90,3.82,1.053,-2.678,0.0,7.18,5.67,1,"homogeneo, leve turvacao em relacao ao padrao",3,amarelada em relacao ao padrao,True,caracteristico,,False
DLL-2401-004,Detergente Liquido Lava-Loucas,3,Ambiente Escuro 25C,7,7.42,1.037,-0.017,0.0,0.034,0.019,1,liquido homogeneo com leve pelicula na superficie,0,conforme padrao,True,caracteristico,,False
DLL-2401-004,Detergente Liquido Lava-Loucas,3,Ambiente Escuro 25C,15,7.39,1.041,-0.036,0.0,0.072,0.04,1,liquido homogeneo com leve pelicula na superficie,0,conforme padrao,True,caracteristico,,False
DLL-2401-004,Detergente Liquido Lava-Loucas,3,Ambiente Escuro 25C,30,7.41,1.038,-0.072,0.0,0.144,0.079,1,liquido homogeneo com leve pelicula na superficie,0,conforme padrao,True,caracteristico,,False
DLL-2401-004,Detergente Liquido Lava-Loucas,3,Ambiente Escuro 25C,60,7.37,1.04,-0.144,0.0,0.288,0.159,1,liquido homogeneo com leve pelicula na superficie,0,conforme padrao,True,caracteristico do produto,,False
DLL-2401-004,Detergente Liquido Lava-Loucas,3,Ambiente Escuro 25C,90,7.34,1.04,-0.216,0.0,0.432,0.238,1,liquido homogeneo com leve pelicula na superficie,0,conforme padrao,True,caracteristico,,False
DLL-2401-004,Detergente Liquido Lava-Loucas,3,Estufa 40C,7,7.37,1.039,-0.079,0.0,0.158,0.087,1,"homogeneo, leve turvacao em relacao ao padrao",0,conforme padrao,True,caracteristico do produto,,False
DLL-2401-004,Detergente Liquido Lava-Loucas,3,Estufa 40C,15,7.37,1.039,-0.169,0.0,0.338,0.186,1,liquido homogeneo com leve pelicula na superficie,0,conforme padrao,True,caracteristico do produto,,False
DLL-2401-004,Detergente Liquido Lava-Loucas,3,Estufa 40C,30,7.27,1.041,-0.338,0.0,0.676,0.372,1,"homogeneo, leve turvacao em relacao ao padrao",0,conforme padrao,True,caracteristico do produto,,False
DLL-2401-004,Detergente Liquido Lava-Loucas,3,Estufa 40C,60,7.21,1.045,-0.676,0.0,1.351,0.741,1,liquido homogeneo com leve pelicula na superficie,0,conforme padrao,True,caracteristico do produto,,False
DLL-2401-004,Detergente Liquido Lava-Loucas,3,Estufa 40C,90,7.04,1.047,-1.014,0.0,2.027,1.107,1,"homogeneo, leve turvacao em relacao ao padrao",1,"levemente diferente do padrao, conforme",True,caracteristico do produto,densidade fora de faixa,True
DLL-2401-004,Detergente Liquido Lava-Loucas,3,Geladeira 5C,7,7.48,1.039,-0.002,0.0,0.003,0.002,2,"leve cremeacao na superficie, porem conforme",0,conforme padrao,True,caracteristico,,False
DLL-2401-004,Detergente Liquido Lava-Loucas,3,Geladeira 5C,15,7.4,1.037,-0.004,0.0,0.007,0.004,1,liquido homogeneo com leve pelicula na superficie,0,conforme padrao,True,caracteristico,,False
DLL-2401-004,Detergente Liquido Lava-Loucas,3,Geladeira 5C,30,7.42,1.04,-0.007,0.0,0.014,0.008,1,"homogeneo, leve turvacao em relacao ao padrao",0,conforme padrao,True,caracteristico,,False
DLL-2401-004,Detergente Liquido Lava-Loucas,3,Geladeira 5C,60,7.43,1.04,-0.014,0.0,0.028,0.016,1,"homogeneo, leve turvacao em relacao ao padrao",0,conforme padrao,True,caracteristico do produto,,False
DLL-2401-004,Detergente Liquido Lava-Loucas,3,Geladeira 5C,90,7.41,1.039,-0.021,0.0,0.042,0.023,1,liquido homogeneo com leve pelicula na superficie,0,conforme padrao,True,caracteristico do produto,,False
DLL-2401-004,Detergente Liquido Lava-Loucas,3,Luz Solar,7,7.37,1.04,-0.256,0.0,0.794,0.39,1,"homogeneo, leve turvacao em relacao ao padrao",0,conforme padrao,True,caracteristico,,False
DLL-2401-004,Detergente Liquido Lava-Loucas,3,Luz Solar,15,7.44,1.039,-0.515,0.0,1.564,0.767,1,liquido homogeneo com leve pelicula na superficie,0,conforme padrao,True,caracteristico do produto,,False
DLL-2401-004,Detergente Liquido Lava-Loucas,3,Luz Solar,30,7.42,1.041,-0.921,0.0,2.695,1.32,1,"homogeneo, leve turvacao em relacao ao padrao",1,"levemente diferente do padrao, conforme",True,caracteristico do produto,,False
DLL-2401-004,Detergente Liquido Lava-Loucas,3,Luz Solar,60,7.31,1.04,-1.507,0.0,4.14,2.034,1,"homogeneo, leve turvacao em relacao ao padrao",2,perceptivelmente mais escura que o padrao,True,caracteristico do produto,,False
DLL-2401-004,Detergente Liquido Lava-Loucas,3,Luz Solar,90,7.25,1.041,-1.898,0.0,4.972,2.456,1,"homogeneo, leve turvacao em relacao ao padrao",2,perceptivelmente mais escura que o padrao,True,caracteristico do produto,,False
AMA-2401-005,Amaciante de Roupas (esterquat),3,Ambiente Escuro 25C,7,2.84,0.993,-0.02,0.0,0.039,0.035,1,liquido homogeneo com leve pelicula na superficie,0,conforme padrao,True,caracteristico do produto,,False
AMA-2401-005,Amaciante de Roupas (esterquat),3,Ambiente Escuro 25C,15,2.8,0.991,-0.042,0.0,0.084,0.075,1,"homogeneo, leve turvacao em relacao ao padrao",0,conforme padrao,True,caracteristico do produto,,False
AMA-2401-005,Amaciante de Roupas (esterquat),3,Ambiente Escuro 25C,30,2.83,0.989,-0.084,0.0,0.168,0.15,1,liquido homogeneo com leve pelicula na superficie,0,conforme padrao,True,caracteristico,,False
AMA-2401-005,Amaciante de Roupas (esterquat),3,Ambiente Escuro 25C,60,2.81,0.991,-0.168,0.0,0.336,0.301,0,"liquido homogeneo, sem alteracao",0,conforme padrao,True,caracteristico,,False
AMA-2401-005,Amaciante de Roupas (esterquat),3,Ambiente Escuro 25C,90,2.7,0.991,-0.252,0.0,0.504,0.452,1,liquido homogeneo com leve pelicula na superficie,0,conforme padrao,True,caracteristico,,False
AMA-2401-005,Amaciante de Roupas (esterquat),3,Estufa 40C,7,2.8,0.987,-0.092,0.0,0.184,0.164,1,"homogeneo, leve turvacao em relacao ao padrao",0,conforme padrao,True,caracteristico do produto,,False
AMA-2401-005,Amaciante de Roupas (esterquat),3,Estufa 40C,15,2.76,0.994,-0.197,0.0,0.394,0.353,1,liquido homogeneo com leve pelicula na superficie,0,conforme padrao,True,caracteristico do produto,,False
AMA-2401-005,Amaciante de Roupas (esterquat),3,Estufa 40C,30,2.66,0.993,-0.394,0.0,0.788,0.71,0,"liquido homogeneo, limpido",0,conforme padrao,True,caracteristico do produto,,False
AMA-2401-005,Amaciante de Roupas (esterquat),3,Estufa 40C,60,2.52,0.996,-0.788,0.0,1.577,1.433,1,liquido homogeneo com leve pelicula na superficie,1,"levemente diferente do padrao, conforme",True,caracteristico do produto,,False
AMA-2401-005,Amaciante de Roupas (esterquat),3,Estufa 40C,90,2.31,0.998,-1.182,0.0,2.365,2.167,0,"liquido homogeneo, sem alteracao",2,perceptivelmente mais escura que o padrao,True,caracteristico do produto,pH fora de faixa,True
AMA-2401-005,Amaciante de Roupas (esterquat),3,Geladeira 5C,7,2.9,0.992,-0.002,0.0,0.004,0.003,1,"homogeneo, leve turvacao em relacao ao padrao",0,conforme padrao,True,caracteristico,,False
AMA-2401-005,Amaciante de Roupas (esterquat),3,Geladeira 5C,15,2.86,0.99,-0.004,0.0,0.008,0.007,0,"liquido homogeneo, levemente opalescente",0,conforme padrao,True,caracteristico,,False
AMA-2401-005,Amaciante de Roupas (esterquat),3,Geladeira 5C,30,2.87,0.989,-0.008,0.0,0.017,0.015,1,liquido homogeneo com leve pelicula na superficie,0,conforme padrao,True,caracteristico do produto,,False
AMA-2401-005,Amaciante de Roupas (esterquat),3,Geladeira 5C,60,2.89,0.993,-0.017,0.0,0.033,0.029,1,"homogeneo, leve turvacao em relacao ao padrao",0,conforme padrao,True,caracteristico,,False
AMA-2401-005,Amaciante de Roupas (esterquat),3,Geladeira 5C,90,2.87,0.989,-0.025,0.0,0.05,0.044,0,"liquido homogeneo, limpido",0,conforme padrao,True,caracteristico,,False
AMA-2401-005,Amaciante de Roupas (esterquat),3,Luz Solar,7,2.83,0.99,-0.226,0.0,0.693,0.601,1,liquido homogeneo com leve pelicula na superficie,0,conforme padrao,True,caracteristico,,False
AMA-2401-005,Amaciante de Roupas (esterquat),3,Luz Solar,15,2.86,0.99,-0.457,0.0,1.368,1.198,1,"homogeneo, leve turvacao em relacao ao padrao",1,"levemente diferente do padrao, conforme",True,caracteristico do produto,,False
AMA-2401-005,Amaciante de Roupas (esterquat),3,Luz Solar,30,2.78,0.993,-0.822,0.0,2.369,2.102,0,"liquido homogeneo, limpido",2,perceptivelmente mais escura que o padrao,True,caracteristico do produto,,False
AMA-2401-005,Amaciante de Roupas (esterquat),3,Luz Solar,60,2.74,0.992,-1.359,0.0,3.674,3.309,1,"homogeneo, leve turvacao em relacao ao padrao",3,amarelada em relacao ao padrao,True,caracteristico,,False
AMA-2401-005,Amaciante de Roupas (esterquat),3,Luz Solar,90,2.63,0.994,-1.73,0.0,4.46,4.046,1,"homogeneo, leve turvacao em relacao ao padrao",3,amarelada em relacao ao padrao,True,caracteristico,,False
AMA-2401-007,Amaciante de Roupas (esterquat),3,Ambiente Escuro 25C,7,2.95,0.992,-0.02,0.0,0.039,0.034,0,"liquido homogeneo, levemente opalescente",0,conforme padrao,True,caracteristico do produto,,False
AMA-2401-007,Amaciante de Roupas (esterquat),3,Ambiente Escuro 25C,15,2.96,0.994,-0.042,0.0,0.084,0.072,0,"liquido homogeneo, limpido",0,conforme padrao,True,caracteristico do produto,,False
AMA-2401-007,Amaciante de Roupas (esterquat),3,Ambiente Escuro 25C,30,2.93,0.991,-0.084,0.0,0.168,0.145,0,"liquido homogeneo, levemente opalescente",0,conforme padrao,True,caracteristico do produto,,False
AMA-2401-007,Amaciante de Roupas (esterquat),3,Ambiente Escuro 25C,60,2.9,0.993,-0.168,0.0,0.336,0.29,0,"liquido homogeneo, sem alteracao",0,conforme padrao,True,caracteristico do produto,,False
AMA-2401-007,Amaciante de Roupas (esterquat),3,Ambiente Escuro 25C,90,2.81,0.993,-0.252,0.0,0.504,0.437,0,"liquido homogeneo, limpido",0,conforme padrao,True,caracteristico,,False
AMA-2401-007,Amaciante de Roupas (esterquat),3,Estufa 40C,7,2.91,0.99,-0.092,0.0,0.184,0.159,0,"liquido homogeneo, limpido",0,conforme padrao,True,caracteristico do produto,,False
AMA-2401-007,Amaciante de Roupas (esterquat),3,Estufa 40C,15,2.92,0.991,-0.197,0.0,0.394,0.341,0,"liquido homogeneo, sem alteracao",0,conforme padrao,True,caracteristico,,False
AMA-2401-007,Amaciante de Roupas (esterquat),3,Estufa 40C,30,2.82,0.995,-0.394,0.0,0.788,0.685,0,"liquido homogeneo, sem alteracao",0,conforme padrao,True,caracteristico do produto,,False
AMA-2401-007,Amaciante de Roupas (esterquat),3,Estufa 40C,60,2.62,0.997,-0.788,0.0,1.577,1.385,0,"liquido homogeneo, limpido",1,"levemente diferente do padrao, conforme",True,caracteristico,,False
AMA-2401-007,Amaciante de Roupas (esterquat),3,Estufa 40C,90,2.61,0.998,-1.182,0.0,2.365,2.098,0,"liquido homogeneo, sem alteracao",2,perceptivelmente mais escura que o padrao,True,caracteristico,,False
AMA-2401-007,Amaciante de Roupas (esterquat),3,Geladeira 5C,7,2.95,0.991,-0.002,0.0,0.004,0.003,0,"liquido homogeneo, levemente opalescente",0,conforme padrao,True,caracteristico,,False
AMA-2401-007,Amaciante de Roupas (esterquat),3,Geladeira 5C,15,2.97,0.997,-0.004,0.0,0.008,0.007,0,"liquido homogeneo, sem alteracao",0,conforme padrao,True,caracteristico,,False
AMA-2401-007,Amaciante de Roupas (esterquat),3,Geladeira 5C,30,2.93,0.991,-0.008,0.0,0.017,0.014,0,"liquido homogeneo, sem alteracao",0,conforme padrao,True,caracteristico do produto,,False
AMA-2401-007,Amaciante de Roupas (esterquat),3,Geladeira 5C,60,3.0,0.993,-0.017,0.0,0.033,0.028,0,"liquido homogeneo, levemente opalescente",0,conforme padrao,True,caracteristico,,False
AMA-2401-007,Amaciante de Roupas (esterquat),3,Geladeira 5C,90,2.96,0.993,-0.025,0.0,0.05,0.043,0,"liquido homogeneo, levemente opalescente",0,conforme padrao,True,caracteristico do produto,,False
AMA-2401-007,Amaciante de Roupas (esterquat),3,Luz Solar,7,2.95,0.992,-0.226,0.0,0.693,0.578,0,"liquido homogeneo, sem alteracao",0,conforme padrao,True,caracteristico do produto,,False
AMA-2401-007,Amaciante de Roupas (esterquat),3,Luz Solar,15,2.95,0.991,-0.457,0.0,1.368,1.154,0,"liquido homogeneo, levemente opalescente",1,"levemente diferente do padrao, conforme",True,caracteristico do produto,,False
AMA-2401-007,Amaciante de Roupas (esterquat),3,Luz Solar,30,2.87,0.992,-0.822,0.0,2.369,2.029,0,"liquido homogeneo, limpido",2,perceptivelmente mais escura que o padrao,True,caracteristico do produto,,False
AMA-2401-007,Amaciante de Roupas (esterquat),3,Luz Solar,60,2.79,0.995,-1.359,0.0,3.674,3.21,0,"liquido homogeneo, sem alteracao",3,amarelada em relacao ao padrao,True,caracteristico,,False
AMA-2401-007,Amaciante de Roupas (esterquat),3,Luz Solar,90,2.81,0.994,-1.73,0.0,4.46,3.94,0,"liquido homogeneo, limpido",3,amarelada em relacao ao padrao,True,caracteristico,,False
DLR-2401-008,Detergente Liquido para Roupas,3,Ambiente Escuro 25C,7,10.2,1.015,-0.018,0.0,0.036,0.03,0,"liquido homogeneo, levemente opalescente",0,conforme padrao,True,caracteristico,,False
DLR-2401-008,Detergente Liquido para Roupas,3,Ambiente Escuro 25C,15,10.15,1.015,-0.039,0.0,0.078,0.065,0,"liquido homogeneo, sem alteracao",0,conforme padrao,True,caracteristico,,False
DLR-2401-008,Detergente Liquido para Roupas,3,Ambiente Escuro 25C,30,10.12,1.016,-0.078,0.0,0.156,0.13,0,"liquido homogeneo, limpido",0,conforme padrao,True,caracteristico do produto,,False
DLR-2401-008,Detergente Liquido para Roupas,3,Ambiente Escuro 25C,60,10.1,1.015,-0.156,0.0,0.312,0.261,0,"liquido homogeneo, sem alteracao",0,conforme padrao,True,caracteristico do produto,,False
DLR-2401-008,Detergente Liquido para Roupas,3,Ambiente Escuro 25C,90,10.13,1.013,-0.234,0.0,0.468,0.391,0,"liquido homogeneo, levemente opalescente",0,conforme padrao,True,caracteristico do produto,,False
DLR-2401-008,Detergente Liquido para Roupas,3,Estufa 40C,7,10.17,1.014,-0.085,0.0,0.171,0.143,0,"liquido homogeneo, limpido",0,conforme padrao,True,caracteristico do produto,,False
DLR-2401-008,Detergente Liquido para Roupas,3,Estufa 40C,15,10.13,1.014,-0.183,0.0,0.366,0.306,0,"liquido homogeneo, sem alteracao",0,conforme padrao,True,caracteristico,,False
DLR-2401-008,Detergente Liquido para Roupas,3,Estufa 40C,30,10.07,1.018,-0.366,0.0,0.732,0.612,0,"liquido homogeneo, sem alteracao",0,conforme padrao,True,caracteristico do produto,,False
DLR-2401-008,Detergente Liquido para Roupas,3,Estufa 40C,60,10.04,1.017,-0.732,0.0,1.464,1.223,0,"liquido homogeneo, sem alteracao",1,"levemente diferente do padrao, conforme",True,caracteristico,,False
DLR-2401-008,Detergente Liquido para Roupas,3,Estufa 40C,90,9.94,1.02,-1.098,0.0,2.196,1.831,0,"liquido homogeneo, levemente opalescente",2,perceptivelmente mais escura que o padrao,True,caracteristico,,False
DLR-2401-008,Detergente Liquido para Roupas,3,Geladeira 5C,7,10.2,1.011,-0.002,0.0,0.004,0.003,0,"liquido homogeneo, sem alteracao",0,conforme padrao,True,caracteristico do produto,,False
DLR-2401-008,Detergente Liquido para Roupas,3,Geladeira 5C,15,10.17,1.017,-0.004,0.0,0.008,0.006,0,"liquido homogeneo, levemente opalescente",0,conforme padrao,True,caracteristico,,False
DLR-2401-008,Detergente Liquido para Roupas,3,Geladeira 5C,30,10.16,1.015,-0.008,0.0,0.015,0.013,0,"liquido homogeneo, limpido",0,conforme padrao,True,caracteristico do produto,,False
DLR-2401-008,Detergente Liquido para Roupas,3,Geladeira 5C,60,10.2,1.011,-0.015,0.0,0.031,0.026,0,"liquido homogeneo, levemente opalescente",0,conforme padrao,True,caracteristico,,False
DLR-2401-008,Detergente Liquido para Roupas,3,Geladeira 5C,90,10.08,1.012,-0.023,0.0,0.046,0.038,0,"liquido homogeneo, sem alteracao",0,conforme padrao,True,caracteristico do produto,,False
DLR-2401-008,Detergente Liquido para Roupas,3,Luz Solar,7,10.15,1.012,-0.281,0.0,0.873,0.693,0,"liquido homogeneo, limpido",0,conforme padrao,True,caracteristico,,False
DLR-2401-008,Detergente Liquido para Roupas,3,Luz Solar,15,10.13,1.016,-0.565,0.0,1.719,1.364,0,"liquido homogeneo, limpido",1,"levemente diferente do padrao, conforme",True,caracteristico do produto,,False
DLR-2401-008,Detergente Liquido para Roupas,3,Luz Solar,30,10.17,1.014,-1.012,0.0,2.961,2.35,0,"liquido homogeneo, sem alteracao",2,perceptivelmente mais escura que o padrao,True,caracteristico do produto,,False
DLR-2401-008,Detergente Liquido para Roupas,3,Luz Solar,60,10.12,1.017,-1.654,0.0,4.546,3.608,0,"liquido homogeneo, sem alteracao",3,amarelada em relacao ao padrao,True,caracteristico do produto,,False
DLR-2401-008,Detergente Liquido para Roupas,3,Luz Solar,90,10.05,1.016,-2.082,0.0,5.457,4.336,0,"liquido homogeneo, sem alteracao",3,amarelada em relacao ao padrao,True,caracteristico,,False
DLL-2401-009,Detergente Liquido Lava-Loucas,3,Ambiente Escuro 25C,7,7.63,1.032,-0.017,0.0,0.034,0.018,1,"homogeneo, leve turvacao em relacao ao padrao",0,conforme padrao,True,caracteristico,,False
DLL-2401-009,Detergente Liquido Lava-Loucas,3,Ambiente Escuro 25C,15,7.59,1.032,-0.036,0.0,0.072,0.04,1,liquido homogeneo com leve pelicula na superficie,0,conforme padrao,True,caracteristico do produto,,False
DLL-2401-009,Detergente Liquido Lava-Loucas,3,Ambiente Escuro 25C,30,7.63,1.031,-0.072,0.0,0.144,0.079,2,"cremeacao visivel na superficie, reversivel a agitacao",0,conforme padrao,True,caracteristico,,False
DLL-2401-009,Detergente Liquido Lava-Loucas,3,Ambiente Escuro 25C,60,7.62,1.031,-0.144,0.0,0.288,0.158,2,"cremeacao visivel na superficie, reversivel a agitacao",0,conforme padrao,True,caracteristico,,False
DLL-2401-009,Detergente Liquido Lava-Loucas,3,Ambiente Escuro 25C,90,7.55,1.032,-0.216,0.0,0.432,0.237,2,"cremeacao visivel na superficie, reversivel a agitacao",0,conforme padrao,True,caracteristico,,False
DLL-2401-009,Detergente Liquido Lava-Loucas,3,Estufa 40C,7,7.61,1.034,-0.079,0.0,0.158,0.086,2,"cremeacao visivel na superficie, reversivel a agitacao",0,conforme padrao,True,caracteristico,,False
DLL-2401-009,Detergente Liquido Lava-Loucas,3,Estufa 40C,15,7.56,1.034,-0.169,0.0,0.338,0.185,2,"leve cremeacao na superficie, porem conforme",0,conforme padrao,True,caracteristico do produto,,False
DLL-2401-009,Detergente Liquido Lava-Loucas,3,Estufa 40C,30,7.48,1.035,-0.338,0.0,0.676,0.369,2,"leve cremeacao na superficie, porem conforme",0,conforme padrao,True,caracteristico do produto,,False
DLL-2401-009,Detergente Liquido Lava-Loucas,3,Estufa 40C,60,7.33,1.035,-0.676,0.0,1.351,0.736,3,sedimento no fundo nao reincorporavel,0,conforme padrao,True,caracteristico,aspecto nao conforme,True
DLL-2401-009,Detergente Liquido Lava-Loucas,3,Estufa 40C,90,7.28,1.037,-1.014,0.0,2.027,1.1,2,"leve cremeacao na superficie, porem conforme",1,"levemente diferente do padrao, conforme",True,caracteristico,,False
DLL-2401-009,Detergente Liquido Lava-Loucas,3,Geladeira 5C,7,7.64,1.031,-0.002,0.0,0.003,0.002,2,"leve cremeacao na superficie, porem conforme",0,conforme padrao,True,caracteristico do produto,,False
DLL-2401-009,Detergente Liquido Lava-Loucas,3,Geladeira 5C,15,7.62,1.033,-0.004,0.0,0.007,0.004,1,"homogeneo, leve turvacao em relacao ao padrao",0,conforme padrao,True,caracteristico,,False
DLL-2401-009,Detergente Liquido Lava-Loucas,3,Geladeira 5C,30,7.63,1.032,-0.007,0.0,0.014,0.008,2,"leve cremeacao na superficie, porem conforme",0,conforme padrao,True,caracteristico,,False
DLL-2401-009,Detergente Liquido Lava-Loucas,3,Geladeira 5C,60,7.64,1.032,-0.014,0.0,0.028,0.016,2,"leve cremeacao na superficie, porem conforme",0,conforme padrao,True,caracteristico,,False
DLL-2401-009,Detergente Liquido Lava-Loucas,3,Geladeira 5C,90,7.62,1.031,-0.021,0.0,0.042,0.023,1,"homogeneo, leve turvacao em relacao ao padrao",0,conforme padrao,True,caracteristico do produto,,False
DLL-2401-009,Detergente Liquido Lava-Loucas,3,Luz Solar,7,7.63,1.032,-0.256,0.0,0.794,0.388,2,"cremeacao visivel na superficie, reversivel a agitacao",0,conforme padrao,True,caracteristico do produto,,False
DLL-2401-009,Detergente Liquido Lava-Loucas,3,Luz Solar,15,7.63,1.03,-0.515,0.0,1.564,0.763,1,"homogeneo, leve turvacao em relacao ao padrao",0,conforme padrao,True,caracteristico do produto,,False
DLL-2401-009,Detergente Liquido Lava-Loucas,3,Luz Solar,30,7.6,1.033,-0.921,0.0,2.695,1.313,2,"cremeacao visivel na superficie, reversivel a agitacao",1,"levemente diferente do padrao, conforme",True,caracteristico do produto,,False
DLL-2401-009,Detergente Liquido Lava-Loucas,3,Luz Solar,60,7.59,1.032,-1.507,0.0,4.14,2.023,2,"cremeacao visivel na superficie, reversivel a agitacao",2,perceptivelmente mais escura que o padrao,True,caracteristico,,False
DLL-2401-009,Detergente Liquido Lava-Loucas,3,Luz Solar,90,7.47,1.037,-1.898,0.0,4.972,2.443,2,"cremeacao visivel na superficie, reversivel a agitacao",2,perceptivelmente mais escura que o padrao,True,caracteristico,,False
DLR-2401-010,Detergente Liquido para Roupas,3,Ambiente Escuro 25C,7,9.38,1.017,-0.018,0.0,0.036,0.03,1,liquido homogeneo com leve pelicula na superficie,0,conforme padrao,True,caracteristico do produto,,False
DLR-2401-010,Detergente Liquido para Roupas,3,Ambiente Escuro 25C,15,9.43,1.017,-0.039,0.0,0.078,0.065,1,liquido homogeneo com leve pelicula na superficie,0,conforme padrao,True,caracteristico,,False
DLR-2401-010,Detergente Liquido para Roupas,3,Ambiente Escuro 25C,30,9.34,1.015,-0.078,0.0,0.156,0.13,1,"homogeneo, leve turvacao em relacao ao padrao",0,conforme padrao,True,caracteristico do produto,,False
DLR-2401-010,Detergente Liquido para Roupas,3,Ambiente Escuro 25C,60,9.29,1.017,-0.156,0.0,0.312,0.261,1,liquido homogeneo com leve pelicula na superficie,0,conforme padrao,True,caracteristico do produto,,False
DLR-2401-010,Detergente Liquido para Roupas,3,Ambiente Escuro 25C,90,9.34,1.017,-0.234,0.0,0.468,0.391,1,"homogeneo, leve turvacao em relacao ao padrao",0,conforme padrao,True,caracteristico,,False
DLR-2401-010,Detergente Liquido para Roupas,3,Estufa 40C,7,9.31,1.015,-0.085,0.0,0.171,0.143,1,"homogeneo, leve turvacao em relacao ao padrao",0,conforme padrao,True,caracteristico do produto,,False
DLR-2401-010,Detergente Liquido para Roupas,3,Estufa 40C,15,9.32,1.018,-0.183,0.0,0.366,0.306,1,"homogeneo, leve turvacao em relacao ao padrao",0,conforme padrao,True,caracteristico do produto,,False
DLR-2401-010,Detergente Liquido para Roupas,3,Estufa 40C,30,9.27,1.018,-0.366,0.0,0.732,0.611,1,liquido homogeneo com leve pelicula na superficie,0,conforme padrao,True,caracteristico do produto,,False
DLR-2401-010,Detergente Liquido para Roupas,3,Estufa 40C,60,9.13,1.022,-0.732,0.0,1.464,1.222,1,liquido homogeneo com leve pelicula na superficie,1,"levemente diferente do padrao, conforme",True,caracteristico,,False
DLR-2401-010,Detergente Liquido para Roupas,3,Estufa 40C,90,9.03,1.02,-1.098,0.0,2.196,1.831,2,"leve cremeacao na superficie, porem conforme",2,perceptivelmente mais escura que o padrao,True,caracteristico do produto,,False
DLR-2401-010,Detergente Liquido para Roupas,3,Geladeira 5C,7,9.41,1.016,-0.002,0.0,0.004,0.003,1,liquido homogeneo com leve pelicula na superficie,0,conforme padrao,True,caracteristico,,False
DLR-2401-010,Detergente Liquido para Roupas,3,Geladeira 5C,15,9.4,1.019,-0.004,0.0,0.008,0.006,2,"leve cremeacao na superficie, porem conforme",0,conforme padrao,True,caracteristico do produto,,False
DLR-2401-010,Detergente Liquido para Roupas,3,Geladeira 5C,30,9.39,1.017,-0.008,0.0,0.015,0.013,1,liquido homogeneo com leve pelicula na superficie,0,conforme padrao,True,caracteristico,,False
DLR-2401-010,Detergente Liquido para Roupas,3,Geladeira 5C,60,9.35,1.018,-0.015,0.0,0.031,0.026,0,"liquido homogeneo, limpido",0,conforme padrao,True,caracteristico do produto,,False
DLR-2401-010,Detergente Liquido para Roupas,3,Geladeira 5C,90,9.33,1.018,-0.023,0.0,0.046,0.038,1,liquido homogeneo com leve pelicula na superficie,0,conforme padrao,True,caracteristico do produto,,False
DLR-2401-010,Detergente Liquido para Roupas,3,Luz Solar,7,9.32,1.017,-0.281,0.0,0.873,0.693,1,liquido homogeneo com leve pelicula na superficie,0,conforme padrao,True,caracteristico do produto,,False
DLR-2401-010,Detergente Liquido para Roupas,3,Luz Solar,15,9.35,1.019,-0.565,0.0,1.719,1.365,1,"homogeneo, leve turvacao em relacao ao padrao",1,"levemente diferente do padrao, conforme",True,caracteristico do produto,,False
DLR-2401-010,Detergente Liquido para Roupas,3,Luz Solar,30,9.32,1.016,-1.012,0.0,2.961,2.353,1,"homogeneo, leve turvacao em relacao ao padrao",2,perceptivelmente mais escura que o padrao,True,caracteristico do produto,,False
DLR-2401-010,Detergente Liquido para Roupas,3,Luz Solar,60,9.31,1.018,-1.654,0.0,4.546,3.614,1,liquido homogeneo com leve pelicula na superficie,3,amarelada em relacao ao padrao,True,caracteristico do produto,,False
DLR-2401-010,Detergente Liquido para Roupas,3,Luz Solar,90,9.22,1.019,-2.082,0.0,5.457,4.343,1,liquido homogeneo com leve pelicula na superficie,3,amarelada em relacao ao padrao,True,caracteristico do produto,,False
DLR-2402-012,Detergente Liquido para Roupas,3,Ambiente Escuro 25C,7,9.41,1.022,-0.018,0.0,0.036,0.031,0,"liquido homogeneo, sem alteracao",0,conforme padrao,True,caracteristico do produto,,False
DLR-2402-012,Detergente Liquido para Roupas,3,Ambiente Escuro 25C,15,9.47,1.019,-0.039,0.0,0.078,0.066,1,"homogeneo, leve turvacao em relacao ao padrao",0,conforme padrao,True,caracteristico do produto,,False
DLR-2402-012,Detergente Liquido para Roupas,3,Ambiente Escuro 25C,30,9.37,1.022,-0.078,0.0,0.156,0.131,0,"liquido homogeneo, sem alteracao",0,conforme padrao,True,caracteristico,,False
DLR-2402-012,Detergente Liquido para Roupas,3,Ambiente Escuro 25C,60,9.37,1.024,-0.156,0.0,0.312,0.262,0,"liquido homogeneo, limpido",0,conforme padrao,True,caracteristico,,False
DLR-2402-012,Detergente Liquido para Roupas,3,Ambiente Escuro 25C,90,9.36,1.025,-0.234,0.0,0.468,0.393,0,"liquido homogeneo, levemente opalescente",0,conforme padrao,True,caracteristico,,False
DLR-2402-012,Detergente Liquido para Roupas,3,Estufa 40C,7,9.4,1.02,-0.085,0.0,0.171,0.143,1,liquido homogeneo com leve pelicula na superficie,0,conforme padrao,True,caracteristico do produto,,False
DLR-2402-012,Detergente Liquido para Roupas,3,Estufa 40C,15,9.35,1.018,-0.183,0.0,0.366,0.307,1,liquido homogeneo com leve pelicula na superficie,0,conforme padrao,True,caracteristico do produto,,False
DLR-2402-012,Detergente Liquido para Roupas,3,Estufa 40C,30,9.27,1.021,-0.366,0.0,0.732,0.614,0,"liquido homogeneo, levemente opalescente",0,conforme padrao,True,caracteristico do produto,,False
DLR-2402-012,Detergente Liquido para Roupas,3,Estufa 40C,60,9.22,1.028,-0.732,0.0,1.464,1.227,0,"liquido homogeneo, sem alteracao",1,"levemente diferente do padrao, conforme",True,caracteristico,,False
DLR-2402-012,Detergente Liquido para Roupas,3,Estufa 40C,90,9.04,1.026,-1.098,0.0,2.196,1.838,1,liquido homogeneo com leve pelicula na superficie,2,perceptivelmente mais escura que o padrao,True,caracteristico do produto,,False
DLR-2402-012,Detergente Liquido para Roupas,3,Geladeira 5C,7,9.38,1.024,-0.002,0.0,0.004,0.003,1,"homogeneo, leve turvacao em relacao ao padrao",0,conforme padrao,True,caracteristico do produto,,False
DLR-2402-012,Detergente Liquido para Roupas,3,Geladeira 5C,15,9.42,1.023,-0.004,0.0,0.008,0.006,0,"liquido homogeneo, sem alteracao",0,conforme padrao,True,caracteristico,,False
DLR-2402-012,Detergente Liquido para Roupas,3,Geladeira 5C,30,9.46,1.022,-0.008,0.0,0.015,0.013,0,"liquido homogeneo, sem alteracao",0,conforme padrao,True,caracteristico,,False
DLR-2402-012,Detergente Liquido para Roupas,3,Geladeira 5C,60,9.44,1.021,-0.015,0.0,0.031,0.026,1,liquido homogeneo com leve pelicula na superficie,0,conforme padrao,True,caracteristico,,False
DLR-2402-012,Detergente Liquido para Roupas,3,Geladeira 5C,90,9.42,1.023,-0.023,0.0,0.046,0.039,1,"homogeneo, leve turvacao em relacao ao padrao",0,conforme padrao,True,caracteristico do produto,,False
DLR-2402-012,Detergente Liquido para Roupas,3,Luz Solar,7,9.44,1.021,-0.281,0.0,0.873,0.696,1,"homogeneo, leve turvacao em relacao ao padrao",0,conforme padrao,True,caracteristico,,False
DLR-2402-012,Detergente Liquido para Roupas,3,Luz Solar,15,9.44,1.021,-0.565,0.0,1.719,1.37,0,"liquido homogeneo, limpido",1,"levemente diferente do padrao, conforme",True,caracteristico do produto,,False
DLR-2402-012,Detergente Liquido para Roupas,3,Luz Solar,30,9.36,1.024,-1.012,0.0,2.961,2.358,0,"liquido homogeneo, limpido",2,perceptivelmente mais escura que o padrao,True,caracteristico,,False
DLR-2402-012,Detergente Liquido para Roupas,3,Luz Solar,60,9.33,1.025,-1.654,0.0,4.546,3.618,0,"liquido homogeneo, sem alteracao",3,amarelada em relacao ao padrao,True,caracteristico,,False
DLR-2402-012,Detergente Liquido para Roupas,3,Luz Solar,90,9.33,1.025,-2.082,0.0,5.457,4.346,1,liquido homogeneo com leve pelicula na superficie,3,amarelada em relacao ao padrao,True,caracteristico,,False
DLR-2402-014,Detergente Liquido para Roupas,3,Ambiente Escuro 25C,7,9.63,1.018,-0.018,0.0,0.036,0.031,0,"liquido homogeneo, limpido",0,conforme padrao,True,caracteristico,,False
DLR-2402-014,Detergente Liquido para Roupas,3,Ambiente Escuro 25C,15,9.58,1.018,-0.039,0.0,0.078,0.065,0,"liquido homogeneo, limpido",0,conforme padrao,True,caracteristico,,False
DLR-2402-014,Detergente Liquido para Roupas,3,Ambiente Escuro 25C,30,9.59,1.017,-0.078,0.0,0.156,0.131,0,"liquido homogeneo, levemente opalescente",0,conforme padrao,True,caracteristico,,False
DLR-2402-014,Detergente Liquido para Roupas,3,Ambiente Escuro 25C,60,9.58,1.016,-0.156,0.0,0.312,0.262,0,"liquido homogeneo, levemente opalescente",0,conforme padrao,True,caracteristico do produto,,False
DLR-2402-014,Detergente Liquido para Roupas,3,Ambiente Escuro 25C,90,9.52,1.019,-0.234,0.0,0.468,0.393,0,"liquido homogeneo, sem alteracao",0,conforme padrao,True,caracteristico do produto,,False
DLR-2402-014,Detergente Liquido para Roupas,3,Estufa 40C,7,9.58,1.019,-0.085,0.0,0.171,0.143,0,"liquido homogeneo, sem alteracao",0,conforme padrao,True,caracteristico,,False
DLR-2402-014,Detergente Liquido para Roupas,3,Estufa 40C,15,9.57,1.017,-0.183,0.0,0.366,0.307,0,"liquido homogeneo, sem alteracao",0,conforme padrao,True,caracteristico,,False
DLR-2402-014,Detergente Liquido para Roupas,3,Estufa 40C,30,9.47,1.019,-0.366,0.0,0.732,0.615,0,"liquido homogeneo, limpido",0,conforme padrao,True,caracteristico do produto,,False
DLR-2402-014,Detergente Liquido para Roupas,3,Estufa 40C,60,9.46,1.022,-0.732,0.0,1.464,1.23,0,"liquido homogeneo, limpido",1,"levemente diferente do padrao, conforme",True,caracteristico,,False
DLR-2402-014,Detergente Liquido para Roupas,3,Estufa 40C,90,9.31,1.023,-1.098,0.0,2.196,1.845,0,"liquido homogeneo, sem alteracao",2,perceptivelmente mais escura que o padrao,True,caracteristico do produto,,False
DLR-2402-014,Detergente Liquido para Roupas,3,Geladeira 5C,7,9.64,1.018,-0.002,0.0,0.004,0.003,0,"liquido homogeneo, limpido",0,conforme padrao,True,caracteristico,,False
DLR-2402-014,Detergente Liquido para Roupas,3,Geladeira 5C,15,9.62,1.018,-0.004,0.0,0.008,0.006,0,"liquido homogeneo, levemente opalescente",0,conforme padrao,True,caracteristico do produto,,False
DLR-2402-014,Detergente Liquido para Roupas,3,Geladeira 5C,30,9.6,1.015,-0.008,0.0,0.015,0.013,0,"liquido homogeneo, sem alteracao",0,conforme padrao,True,caracteristico do produto,,False
DLR-2402-014,Detergente Liquido para Roupas,3,Geladeira 5C,60,9.61,1.018,-0.015,0.0,0.031,0.026,0,"liquido homogeneo, sem alteracao",0,conforme padrao,True,caracteristico,,False
DLR-2402-014,Detergente Liquido para Roupas,3,Geladeira 5C,90,9.52,1.016,-0.023,0.0,0.046,0.039,0,"liquido homogeneo, limpido",0,conforme padrao,True,caracteristico do produto,,False
DLR-2402-014,Detergente Liquido para Roupas,3,Luz Solar,7,9.63,1.017,-0.281,0.0,0.873,0.696,0,"liquido homogeneo, limpido",0,conforme padrao,True,caracteristico,,False
DLR-2402-014,Detergente Liquido para Roupas,3,Luz Solar,15,9.58,1.019,-0.565,0.0,1.719,1.374,0,"liquido homogeneo, limpido",1,"levemente diferente do padrao, conforme",True,caracteristico do produto,,False
DLR-2402-014,Detergente Liquido para Roupas,3,Luz Solar,30,9.55,1.02,-1.012,0.0,2.961,2.372,0,"liquido homogeneo, limpido",2,perceptivelmente mais escura que o padrao,True,caracteristico,,False
DLR-2402-014,Detergente Liquido para Roupas,3,Luz Solar,60,9.56,1.017,-1.654,0.0,4.546,3.652,0,"liquido homogeneo, levemente opalescente",3,amarelada em relacao ao padrao,True,caracteristico do produto,,False
DLR-2402-014,Detergente Liquido para Roupas,3,Luz Solar,90,9.54,1.017,-2.082,0.0,5.457,4.395,0,"liquido homogeneo, levemente opalescente",3,amarelada em relacao ao padrao,True,caracteristico,,False
ALV-2402-015,Alvejante Liquido sem Cloro,3,Ambiente Escuro 25C,7,3.68,1.043,-0.014,0.0,0.028,0.025,0,"liquido homogeneo, sem alteracao",0,conforme padrao,True,caracteristico,,False
ALV-2402-015,Alvejante Liquido sem Cloro,3,Ambiente Escuro 25C,15,3.65,1.043,-0.03,0.0,0.06,0.053,0,"liquido homogeneo, limpido",0,conforme padrao,True,caracteristico do produto,,False
ALV-2402-015,Alvejante Liquido sem Cloro,3,Ambiente Escuro 25C,30,3.69,1.042,-0.06,0.0,0.12,0.107,0,"liquido homogeneo, limpido",0,conforme padrao,True,caracteristico,,False
ALV-2402-015,Alvejante Liquido sem Cloro,3,Ambiente Escuro 25C,60,3.76,1.043,-0.12,0.0,0.24,0.213,0,"liquido homogeneo, sem alteracao",0,conforme padrao,True,caracteristico,,False
ALV-2402-015,Alvejante Liquido sem Cloro,3,Ambiente Escuro 25C,90,3.6,1.042,-0.18,0.0,0.36,0.319,0,"liquido homogeneo, sem alteracao",0,conforme padrao,True,caracteristico,,False
ALV-2402-015,Alvejante Liquido sem Cloro,3,Estufa 40C,7,3.66,1.04,-0.066,0.0,0.131,0.117,0,"liquido homogeneo, levemente opalescente",0,conforme padrao,True,caracteristico,,False
ALV-2402-015,Alvejante Liquido sem Cloro,3,Estufa 40C,15,3.65,1.044,-0.141,0.0,0.282,0.25,0,"liquido homogeneo, levemente opalescente",0,conforme padrao,True,caracteristico,,False
ALV-2402-015,Alvejante Liquido sem Cloro,3,Estufa 40C,30,3.58,1.043,-0.282,0.0,0.563,0.497,0,"liquido homogeneo, limpido",0,conforme padrao,True,caracteristico,,False
ALV-2402-015,Alvejante Liquido sem Cloro,3,Estufa 40C,60,3.45,1.044,-0.563,0.0,1.126,0.986,0,"liquido homogeneo, sem alteracao",1,"levemente diferente do padrao, conforme",True,caracteristico,pH fora de faixa,True
ALV-2402-015,Alvejante Liquido sem Cloro,3,Estufa 40C,90,3.33,1.048,-0.845,0.0,1.689,1.466,0,"liquido homogeneo, sem alteracao",1,"levemente diferente do padrao, conforme",True,caracteristico do produto,pH fora de faixa,True
ALV-2402-015,Alvejante Liquido sem Cloro,3,Geladeira 5C,7,3.73,1.043,-0.001,0.0,0.003,0.002,0,"liquido homogeneo, levemente opalescente",0,conforme padrao,True,caracteristico do produto,,False
ALV-2402-015,Alvejante Liquido sem Cloro,3,Geladeira 5C,15,3.68,1.039,-0.003,0.0,0.006,0.005,0,"liquido homogeneo, sem alteracao",0,conforme padrao,True,caracteristico do produto,,False
ALV-2402-015,Alvejante Liquido sem Cloro,3,Geladeira 5C,30,3.66,1.042,-0.006,0.0,0.012,0.01,0,"liquido homogeneo, limpido",0,conforme padrao,True,caracteristico,,False
ALV-2402-015,Alvejante Liquido sem Cloro,3,Geladeira 5C,60,3.72,1.042,-0.012,0.0,0.024,0.021,0,"liquido homogeneo, sem alteracao",0,conforme padrao,True,caracteristico,,False
ALV-2402-015,Alvejante Liquido sem Cloro,3,Geladeira 5C,90,3.68,1.041,-0.018,0.0,0.035,0.031,0,"liquido homogeneo, limpido",0,conforme padrao,True,caracteristico,,False
ALV-2402-015,Alvejante Liquido sem Cloro,3,Luz Solar,7,3.67,1.04,-0.376,0.0,1.19,1.002,0,"liquido homogeneo, sem alteracao",1,"levemente diferente do padrao, conforme",True,caracteristico,,False
ALV-2402-015,Alvejante Liquido sem Cloro,3,Luz Solar,15,3.66,1.039,-0.754,0.0,2.337,1.934,0,"liquido homogeneo, levemente opalescente",2,perceptivelmente mais escura que o padrao,True,caracteristico do produto,,False
ALV-2402-015,Alvejante Liquido sem Cloro,3,Luz Solar,30,3.63,1.044,-1.34,0.0,4.002,3.232,0,"liquido homogeneo, levemente opalescente",3,amarelada em relacao ao padrao,True,caracteristico,,False
ALV-2402-015,Alvejante Liquido sem Cloro,3,Luz Solar,60,3.63,1.043,-2.16,0.0,6.066,4.764,0,"liquido homogeneo, levemente opalescente",3,amarelada em relacao ao padrao,True,caracteristico,,False
ALV-2402-015,Alvejante Liquido sem Cloro,3,Luz Solar,90,3.53,1.043,-2.678,0.0,7.18,5.568,0,"liquido homogeneo, sem alteracao",3,amarelada em relacao ao padrao,True,caracteristico,,False
DES-2402-016,Desinfetante Quaternario Concentrado,3,Ambiente Escuro 25C,7,6.92,1.01,-0.015,0.0,0.031,0.017,2,"cremeacao visivel na superficie, reversivel a agitacao",0,conforme padrao,True,caracteristico,,False
DES-2402-016,Desinfetante Quaternario Concentrado,3,Ambiente Escuro 25C,15,6.95,1.009,-0.033,0.0,0.066,0.036,2,"leve cremeacao na superficie, porem conforme",0,conforme padrao,True,caracteristico,,False
DES-2402-016,Desinfetante Quaternario Concentrado,3,Ambiente Escuro 25C,30,6.9,1.014,-0.066,0.0,0.132,0.073,2,"leve cremeacao na superficie, porem conforme",0,conforme padrao,True,caracteristico,,False
DES-2402-016,Desinfetante Quaternario Concentrado,3,Ambiente Escuro 25C,60,6.93,1.014,-0.132,0.0,0.264,0.146,2,"cremeacao visivel na superficie, reversivel a agitacao",0,conforme padrao,True,caracteristico do produto,,False
DES-2402-016,Desinfetante Quaternario Concentrado,3,Ambiente Escuro 25C,90,6.86,1.012,-0.198,0.0,0.396,0.219,2,"leve cremeacao na superficie, porem conforme",0,conforme padrao,True,caracteristico do produto,,False
DES-2402-016,Desinfetante Quaternario Concentrado,3,Estufa 40C,7,6.94,1.009,-0.072,0.0,0.145,0.08,1,"homogeneo, leve turvacao em relacao ao padrao",0,conforme padrao,True,caracteristico do produto,,False
DES-2402-016,Desinfetante Quaternario Concentrado,3,Estufa 40C,15,6.89,1.01,-0.155,0.0,0.31,0.171,2,"leve cremeacao na superficie, porem conforme",0,conforme padrao,True,caracteristico do produto,,False
DES-2402-016,Desinfetante Quaternario Concentrado,3,Estufa 40C,30,6.84,1.012,-0.31,0.0,0.619,0.344,2,"leve cremeacao na superficie, porem conforme",0,conforme padrao,True,caracteristico,,False
DES-2402-016,Desinfetante Quaternario Concentrado,3,Estufa 40C,60,6.73,1.012,-0.619,0.0,1.239,0.691,2,"cremeacao visivel na superficie, reversivel a agitacao",0,conforme padrao,True,caracteristico,,False
DES-2402-016,Desinfetante Quaternario Concentrado,3,Estufa 40C,90,6.56,1.014,-0.929,0.0,1.858,1.043,4,quebra de emulsao com sobrenadante limpido,1,"levemente diferente do padrao, conforme",True,caracteristico do produto,aspecto nao conforme,True
DES-2402-016,Desinfetante Quaternario Concentrado,3,Geladeira 5C,7,6.95,1.012,-0.002,0.0,0.003,0.002,2,"leve cremeacao na superficie, porem conforme",0,conforme padrao,True,caracteristico do produto,,False
DES-2402-016,Desinfetante Quaternario Concentrado,3,Geladeira 5C,15,6.97,1.011,-0.003,0.0,0.006,0.004,1,liquido homogeneo com leve pelicula na superficie,0,conforme padrao,False,"caracteristico, porem alterado",odor alterado,True
DES-2402-016,Desinfetante Quaternario Concentrado,3,Geladeira 5C,30,6.95,1.01,-0.006,0.0,0.013,0.007,2,"cremeacao visivel na superficie, reversivel a agitacao",0,conforme padrao,True,caracteristico do produto,,False
DES-2402-016,Desinfetante Quaternario Concentrado,3,Geladeira 5C,60,6.92,1.01,-0.013,0.0,0.026,0.014,2,"cremeacao visivel na superficie, reversivel a agitacao",0,conforme padrao,True,caracteristico,,False
DES-2402-016,Desinfetante Quaternario Concentrado,3,Geladeira 5C,90,6.94,1.011,-0.019,0.0,0.039,0.021,2,"cremeacao visivel na superficie, reversivel a agitacao",0,conforme padrao,True,caracteristico,,False
DES-2402-016,Desinfetante Quaternario Concentrado,3,Luz Solar,7,6.99,1.011,-0.344,0.0,1.084,0.497,1,liquido homogeneo com leve pelicula na superficie,0,conforme padrao,True,caracteristico do produto,,False
DES-2402-016,Desinfetante Quaternario Concentrado,3,Luz Solar,15,6.98,1.011,-0.691,0.0,2.131,0.995,2,"leve cremeacao na superficie, porem conforme",1,"levemente diferente do padrao, conforme",True,caracteristico do produto,,False
DES-2402-016,Desinfetante Quaternario Concentrado,3,Luz Solar,30,6.92,1.012,-1.231,0.0,3.655,1.759,2,"cremeacao visivel na superficie, reversivel a agitacao",2,perceptivelmente mais escura que o padrao,True,caracteristico do produto,,False
DES-2402-016,Desinfetante Quaternario Concentrado,3,Luz Solar,60,6.88,1.012,-1.991,0.0,5.559,2.799,2,"leve cremeacao na superficie, porem conforme",2,perceptivelmente mais escura que o padrao,True,caracteristico do produto,,False
DES-2402-016,Desinfetante Quaternario Concentrado,3,Luz Solar,90,6.82,1.014,-2.479,0.0,6.606,3.428,3,sedimento no fundo nao reincorporavel,3,amarelada em relacao ao padrao,True,caracteristico,aspecto nao conforme,True
LMU-2402-017,Limpador Multiuso Alcalino,3,Ambiente Escuro 25C,7,10.31,1.011,-0.021,0.0,0.042,0.03,1,liquido homogeneo com leve pelicula na superficie,0,conforme padrao,True,caracteristico,,False
LMU-2402-017,Limpador Multiuso Alcalino,3,Ambiente Escuro 25C,15,10.3,1.01,-0.045,0.0,0.09,0.065,0,"liquido homogeneo, sem alteracao",0,conforme padrao,True,caracteristico do produto,,False
LMU-2402-017,Limpador Multiuso Alcalino,3,Ambiente Escuro 25C,30,10.26,1.01,-0.09,0.0,0.18,0.13,0,"liquido homogeneo, limpido",0,conforme padrao,True,caracteristico do produto,,False
LMU-2402-017,Limpador Multiuso Alcalino,3,Ambiente Escuro 25C,60,10.21,1.01,-0.18,0.0,0.36,0.261,0,"liquido homogeneo, limpido",0,conforme padrao,True,caracteristico do produto,,False
LMU-2402-017,Limpador Multiuso Alcalino,3,Ambiente Escuro 25C,90,10.21,1.011,-0.27,0.0,0.54,0.39,1,liquido homogeneo com leve pelicula na superficie,0,conforme padrao,True,caracteristico do produto,,False
LMU-2402-017,Limpador Multiuso Alcalino,3,Estufa 40C,7,10.25,1.009,-0.099,0.0,0.197,0.143,1,"homogeneo, leve turvacao em relacao ao padrao",0,conforme padrao,True,caracteristico do produto,,False
LMU-2402-017,Limpador Multiuso Alcalino,3,Estufa 40C,15,10.23,1.008,-0.211,0.0,0.422,0.305,0,"liquido homogeneo, limpido",0,conforme padrao,True,caracteristico do produto,,False
LMU-2402-017,Limpador Multiuso Alcalino,3,Estufa 40C,30,10.13,1.011,-0.422,0.0,0.845,0.61,0,"liquido homogeneo, limpido",0,conforme padrao,True,caracteristico do produto,,False
LMU-2402-017,Limpador Multiuso Alcalino,3,Estufa 40C,60,9.96,1.011,-0.845,0.0,1.689,1.214,1,"homogeneo, leve turvacao em relacao ao padrao",1,"levemente diferente do padrao, conforme",True,caracteristico do produto,,False
LMU-2402-017,Limpador Multiuso Alcalino,3,Estufa 40C,90,9.89,1.015,-1.267,0.0,2.534,1.813,1,liquido homogeneo com leve pelicula na superficie,2,perceptivelmente mais escura que o padrao,True,caracteristico,,False
LMU-2402-017,Limpador Multiuso Alcalino,3,Geladeira 5C,7,10.32,1.008,-0.002,0.0,0.004,0.003,0,"liquido homogeneo, sem alteracao",0,conforme padrao,True,caracteristico do produto,,False
LMU-2402-017,Limpador Multiuso Alcalino,3,Geladeira 5C,15,10.31,1.008,-0.004,0.0,0.009,0.006,0,"liquido homogeneo, sem alteracao",0,conforme padrao,True,caracteristico do produto,,False
LMU-2402-017,Limpador Multiuso Alcalino,3,Geladeira 5C,30,10.36,1.011,-0.009,0.0,0.018,0.013,0,"liquido homogeneo, sem alteracao",0,conforme padrao,True,caracteristico,,False
LMU-2402-017,Limpador Multiuso Alcalino,3,Geladeira 5C,60,10.29,1.007,-0.018,0.0,0.035,0.026,1,"homogeneo, leve turvacao em relacao ao padrao",0,conforme padrao,True,caracteristico do produto,,False
LMU-2402-017,Limpador Multiuso Alcalino,3,Geladeira 5C,90,10.25,1.008,-0.027,0.0,0.053,0.038,1,"homogeneo, leve turvacao em relacao ao padrao",0,conforme padrao,True,caracteristico do produto,,False
LMU-2402-017,Limpador Multiuso Alcalino,3,Luz Solar,7,10.3,1.008,-0.32,0.0,0.993,0.658,1,"homogeneo, leve turvacao em relacao ao padrao",0,conforme padrao,True,caracteristico do produto,,False
LMU-2402-017,Limpador Multiuso Alcalino,3,Luz Solar,15,10.3,1.007,-0.644,0.0,1.955,1.291,1,liquido homogeneo com leve pelicula na superficie,1,"levemente diferente do padrao, conforme",True,caracteristico,,False
LMU-2402-017,Limpador Multiuso Alcalino,3,Luz Solar,30,10.3,1.013,-1.152,0.0,3.369,2.216,0,"liquido homogeneo, levemente opalescente",2,perceptivelmente mais escura que o padrao,True,caracteristico,,False
LMU-2402-017,Limpador Multiuso Alcalino,3,Luz Solar,60,10.21,1.009,-1.884,0.0,5.175,3.399,0,"liquido homogeneo, limpido",3,amarelada em relacao ao padrao,True,caracteristico do produto,,False
LMU-2402-017,Limpador Multiuso Alcalino,3,Luz Solar,90,10.11,1.011,-2.372,0.0,6.216,4.091,1,liquido homogeneo com leve pelicula na superficie,3,amarelada em relacao ao padrao,True,caracteristico do produto,,False
LMU-2402-018,Limpador Multiuso Alcalino,3,Ambiente Escuro 25C,7,10.2,1.015,-0.021,0.0,0.042,0.03,1,liquido homogeneo com leve pelicula na superficie,0,conforme padrao,True,caracteristico,,False
LMU-2402-018,Limpador Multiuso Alcalino,3,Ambiente Escuro 25C,15,10.17,1.013,-0.045,0.0,0.09,0.065,1,"homogeneo, leve turvacao em relacao ao padrao",0,conforme padrao,True,caracteristico do produto,,False
LMU-2402-018,Limpador Multiuso Alcalino,3,Ambiente Escuro 25C,30,10.21,1.012,-0.09,0.0,0.18,0.129,0,"liquido homogeneo, sem alteracao",0,conforme padrao,True,caracteristico do produto,,False
LMU-2402-018,Limpador Multiuso Alcalino,3,Ambiente Escuro 25C,60,10.18,1.014,-0.18,0.0,0.36,0.258,1,liquido homogeneo com leve pelicula na superficie,0,conforme padrao,True,caracteristico,,False
LMU-2402-018,Limpador Multiuso Alcalino,3,Ambiente Escuro 25C,90,10.1,1.012,-0.27,0.0,0.54,0.387,0,"liquido homogeneo, limpido",0,conforme padrao,True,caracteristico,,False
LMU-2402-018,Limpador Multiuso Alcalino,3,Estufa 40C,7,10.18,1.012,-0.099,0.0,0.197,0.141,0,"liquido homogeneo, levemente opalescente",0,conforme padrao,True,caracteristico do produto,,False
LMU-2402-018,Limpador Multiuso Alcalino,3,Estufa 40C,15,10.11,1.015,-0.211,0.0,0.422,0.302,0,"liquido homogeneo, limpido",0,conforme padrao,True,caracteristico,,False
LMU-2402-018,Limpador Multiuso Alcalino,3,Estufa 40C,30,10.0,1.016,-0.422,0.0,0.845,0.604,1,"homogeneo, leve turvacao em relacao ao padrao",0,conforme padrao,True,caracteristico do produto,,False
LMU-2402-018,Limpador Multiuso Alcalino,3,Estufa 40C,60,9.87,1.015,-0.845,0.0,1.689,1.203,1,liquido homogeneo com leve pelicula na superficie,1,"levemente diferente do padrao, conforme",True,caracteristico do produto,,False
LMU-2402-018,Limpador Multiuso Alcalino,3,Estufa 40C,90,9.74,1.02,-1.267,0.0,2.534,1.796,0,"liquido homogeneo, sem alteracao",2,perceptivelmente mais escura que o padrao,True,caracteristico,,False
LMU-2402-018,Limpador Multiuso Alcalino,3,Geladeira 5C,7,10.21,1.015,-0.002,0.0,0.004,0.003,1,liquido homogeneo com leve pelicula na superficie,0,conforme padrao,True,caracteristico do produto,,False
LMU-2402-018,Limpador Multiuso Alcalino,3,Geladeira 5C,15,10.2,1.016,-0.004,0.0,0.009,0.006,1,liquido homogeneo com leve pelicula na superficie,0,conforme padrao,False,"alterado, notas rancosas",odor alterado,True
LMU-2402-018,Limpador Multiuso Alcalino,3,Geladeira 5C,30,10.18,1.013,-0.009,0.0,0.018,0.013,0,"liquido homogeneo, limpido",0,conforme padrao,True,caracteristico,,False
LMU-2402-018,Limpador Multiuso Alcalino,3,Geladeira 5C,60,10.16,1.015,-0.018,0.0,0.035,0.025,1,"homogeneo, leve turvacao em relacao ao padrao",0,conforme padrao,True,caracteristico,,False
LMU-2402-018,Limpador Multiuso Alcalino,3,Geladeira 5C,90,10.23,1.014,-0.027,0.0,0.053,0.038,0,"liquido homogeneo, limpido",0,conforme padrao,True,caracteristico,,False
LMU-2402-018,Limpador Multiuso Alcalino,3,Luz Solar,7,10.21,1.011,-0.32,0.0,0.993,0.646,1,liquido homogeneo com leve pelicula na superficie,0,conforme padrao,True,caracteristico,,False
LMU-2402-018,Limpador Multiuso Alcalino,3,Luz Solar,15,10.14,1.014,-0.644,0.0,1.955,1.269,1,liquido homogeneo com leve pelicula na superficie,1,"levemente diferente do padrao, conforme",True,caracteristico,,False
LMU-2402-018,Limpador Multiuso Alcalino,3,Luz Solar,30,10.13,1.012,-1.152,0.0,3.369,2.18,1,liquido homogeneo com leve pelicula na superficie,2,perceptivelmente mais escura que o padrao,True,caracteristico do produto,,False
LMU-2402-018,Limpador Multiuso Alcalino,3,Luz Solar,60,10.05,1.014,-1.884,0.0,5.175,3.349,0,"liquido homogeneo, limpido",3,amarelada em relacao ao padrao,True,caracteristico,,False
LMU-2402-018,Limpador Multiuso Alcalino,3,Luz Solar,90,10.0,1.015,-2.372,0.0,6.216,4.036,1,liquido homogeneo com leve pelicula na superficie,3,amarelada em relacao ao padrao,True,caracteristico do produto,,False
DLL-2402-019,Detergente Liquido Lava-Loucas,3,Ambiente Escuro 25C,7,7.54,1.034,-0.017,0.0,0.034,0.019,1,liquido homogeneo com leve pelicula na superficie,0,conforme padrao,True,caracteristico,,False
DLL-2402-019,Detergente Liquido Lava-Loucas,3,Ambiente Escuro 25C,15,7.59,1.03,-0.036,0.0,0.072,0.04,1,"homogeneo, leve turvacao em relacao ao padrao",0,conforme padrao,True,caracteristico,,False
DLL-2402-019,Detergente Liquido Lava-Loucas,3,Ambiente Escuro 25C,30,7.52,1.034,-0.072,0.0,0.144,0.08,1,"homogeneo, leve turvacao em relacao ao padrao",0,conforme padrao,True,caracteristico do produto,,False
DLL-2402-019,Detergente Liquido Lava-Loucas,3,Ambiente Escuro 25C,60,7.48,1.032,-0.144,0.0,0.288,0.159,1,"homogeneo, leve turvacao em relacao ao padrao",0,conforme padrao,True,caracteristico,,False
DLL-2402-019,Detergente Liquido Lava-Loucas,3,Ambiente Escuro 25C,90,7.48,1.034,-0.216,0.0,0.432,0.239,1,liquido homogeneo com leve pelicula na superficie,0,conforme padrao,True,caracteristico,,False
DLL-2402-019,Detergente Liquido Lava-Loucas,3,Estufa 40C,7,7.57,1.035,-0.079,0.0,0.158,0.087,1,liquido homogeneo com leve pelicula na superficie,0,conforme padrao,True,caracteristico,,False
DLL-2402-019,Detergente Liquido Lava-Loucas,3,Estufa 40C,15,7.46,1.031,-0.169,0.0,0.338,0.187,1,"homogeneo, leve turvacao em relacao ao padrao",0,conforme padrao,True,caracteristico do produto,,False
DLL-2402-019,Detergente Liquido Lava-Loucas,3,Estufa 40C,30,7.38,1.034,-0.338,0.0,0.676,0.373,1,"homogeneo, leve turvacao em relacao ao padrao",0,conforme padrao,True,caracteristico,,False
DLL-2402-019,Detergente Liquido Lava-Loucas,3,Estufa 40C,60,7.29,1.035,-0.676,0.0,1.351,0.742,1,liquido homogeneo com leve pelicula na superficie,0,conforme padrao,True,caracteristico do produto,,False
DLL-2402-019,Detergente Liquido Lava-Loucas,3,Estufa 40C,90,7.19,1.038,-1.014,0.0,2.027,1.109,1,liquido homogeneo com leve pelicula na superficie,1,"levemente diferente do padrao, conforme",True,caracteristico do produto,,False
DLL-2402-019,Detergente Liquido Lava-Loucas,3,Geladeira 5C,7,7.54,1.031,-0.002,0.0,0.003,0.002,1,liquido homogeneo com leve pelicula na superficie,0,conforme padrao,True,caracteristico,,False
DLL-2402-019,Detergente Liquido Lava-Loucas,3,Geladeira 5C,15,7.61,1.032,-0.004,0.0,0.007,0.004,1,liquido homogeneo com leve pelicula na superficie,0,conforme padrao,True,caracteristico,,False
DLL-2402-019,Detergente Liquido Lava-Loucas,3,Geladeira 5C,30,7.55,1.032,-0.007,0.0,0.014,0.008,1,liquido homogeneo com leve pelicula na superficie,0,conforme padrao,True,caracteristico,,False
DLL-2402-019,Detergente Liquido Lava-Loucas,3,Geladeira 5C,60,7.6,1.034,-0.014,0.0,0.028,0.016,1,"homogeneo, leve turvacao em relacao ao padrao",0,conforme padrao,True,caracteristico,,False
DLL-2402-019,Detergente Liquido Lava-Loucas,3,Geladeira 5C,90,7.52,1.034,-0.021,0.0,0.042,0.023,1,"homogeneo, leve turvacao em relacao ao padrao",0,conforme padrao,True,caracteristico do produto,,False
DLL-2402-019,Detergente Liquido Lava-Loucas,3,Luz Solar,7,7.6,1.032,-0.256,0.0,0.794,0.392,1,"homogeneo, leve turvacao em relacao ao padrao",0,conforme padrao,True,caracteristico,,False
DLL-2402-019,Detergente Liquido Lava-Loucas,3,Luz Solar,15,7.51,1.034,-0.515,0.0,1.564,0.77,1,"homogeneo, leve turvacao em relacao ao padrao",0,conforme padrao,True,caracteristico do produto,,False
DLL-2402-019,Detergente Liquido Lava-Loucas,3,Luz Solar,30,7.52,1.033,-0.921,0.0,2.695,1.325,1,"homogeneo, leve turvacao em relacao ao padrao",1,"levemente diferente do padrao, conforme",True,caracteristico,,False
DLL-2402-019,Detergente Liquido Lava-Loucas,3,Luz Solar,60,7.44,1.034,-1.507,0.0,4.14,2.041,1,"homogeneo, leve turvacao em relacao ao padrao",2,perceptivelmente mais escura que o padrao,True,caracteristico,,False
DLL-2402-019,Detergente Liquido Lava-Loucas,3,Luz Solar,90,7.41,1.033,-1.898,0.0,4.972,2.464,1,liquido homogeneo com leve pelicula na superficie,2,perceptivelmente mais escura que o padrao,True,caracteristico,,False
DLL-2402-020,Detergente Liquido Lava-Loucas,3,Ambiente Escuro 25C,7,7.52,1.038,-0.017,0.0,0.034,0.018,1,liquido homogeneo com leve pelicula na superficie,0,conforme padrao,True,caracteristico do produto,,False
DLL-2402-020,Detergente Liquido Lava-Loucas,3,Ambiente Escuro 25C,15,7.57,1.042,-0.036,0.0,0.072,0.039,1,liquido homogeneo com leve pelicula na superficie,0,conforme padrao,True,caracteristico,,False
DLL-2402-020,Detergente Liquido Lava-Loucas,3,Ambiente Escuro 25C,30,7.53,1.038,-0.072,0.0,0.144,0.078,0,"liquido homogeneo, sem alteracao",0,conforme padrao,True,caracteristico do produto,,False
DLL-2402-020,Detergente Liquido Lava-Loucas,3,Ambiente Escuro 25C,60,7.51,1.041,-0.144,0.0,0.288,0.157,1,liquido homogeneo com leve pelicula na superficie,0,conforme padrao,True,caracteristico do produto,,False
DLL-2402-020,Detergente Liquido Lava-Loucas,3,Ambiente Escuro 25C,90,7.51,1.04,-0.216,0.0,0.432,0.235,1,liquido homogeneo com leve pelicula na superficie,0,conforme padrao,True,caracteristico,,False
DLL-2402-020,Detergente Liquido Lava-Loucas,3,Estufa 40C,7,7.57,1.04,-0.079,0.0,0.158,0.086,1,liquido homogeneo com leve pelicula na superficie,0,conforme padrao,True,caracteristico do produto,,False
DLL-2402-020,Detergente Liquido Lava-Loucas,3,Estufa 40C,15,7.5,1.04,-0.169,0.0,0.338,0.184,1,"homogeneo, leve turvacao em relacao ao padrao",0,conforme padrao,True,caracteristico do produto,,False
DLL-2402-020,Detergente Liquido Lava-Loucas,3,Estufa 40C,30,7.42,1.04,-0.338,0.0,0.676,0.367,1,liquido homogeneo com leve pelicula na superficie,0,conforme padrao,True,caracteristico,,False
DLL-2402-020,Detergente Liquido Lava-Loucas,3,Estufa 40C,60,7.33,1.042,-0.676,0.0,1.351,0.731,2,"cremeacao visivel na superficie, reversivel a agitacao",0,conforme padrao,True,caracteristico,,False
DLL-2402-020,Detergente Liquido Lava-Loucas,3,Estufa 40C,90,7.12,1.045,-1.014,0.0,2.027,1.092,1,"homogeneo, leve turvacao em relacao ao padrao",1,"levemente diferente do padrao, conforme",True,caracteristico do produto,,False
DLL-2402-020,Detergente Liquido Lava-Loucas,3,Geladeira 5C,7,7.57,1.04,-0.002,0.0,0.003,0.002,1,liquido homogeneo com leve pelicula na superficie,0,conforme padrao,True,caracteristico,,False
DLL-2402-020,Detergente Liquido Lava-Loucas,3,Geladeira 5C,15,7.54,1.039,-0.004,0.0,0.007,0.004,1,liquido homogeneo com leve pelicula na superficie,0,conforme padrao,True,caracteristico,,False
DLL-2402-020,Detergente Liquido Lava-Loucas,3,Geladeira 5C,30,7.56,1.041,-0.007,0.0,0.014,0.008,1,liquido homogeneo com leve pelicula na superficie,0,conforme padrao,True,caracteristico,,False
DLL-2402-020,Detergente Liquido Lava-Loucas,3,Geladeira 5C,60,7.59,1.039,-0.014,0.0,0.028,0.015,1,liquido homogeneo com leve pelicula na superficie,0,conforme padrao,True,caracteristico do produto,,False
DLL-2402-020,Detergente Liquido Lava-Loucas,3,Geladeira 5C,90,7.56,1.036,-0.021,0.0,0.042,0.023,1,liquido homogeneo com leve pelicula na superficie,0,conforme padrao,True,caracteristico,,False
DLL-2402-020,Detergente Liquido Lava-Loucas,3,Luz Solar,7,7.59,1.038,-0.256,0.0,0.794,0.385,1,"homogeneo, leve turvacao em relacao ao padrao",0,conforme padrao,True,caracteristico,,False
DLL-2402-020,Detergente Liquido Lava-Loucas,3,Luz Solar,15,7.56,1.038,-0.515,0.0,1.564,0.757,1,"homogeneo, leve turvacao em relacao ao padrao",0,conforme padrao,True,caracteristico,,False
DLL-2402-020,Detergente Liquido Lava-Loucas,3,Luz Solar,30,7.49,1.041,-0.921,0.0,2.695,1.303,1,"homogeneo, leve turvacao em relacao ao padrao",1,"levemente diferente do padrao, conforme",True,caracteristico,,False
DLL-2402-020,Detergente Liquido Lava-Loucas,3,Luz Solar,60,7.5,1.041,-1.507,0.0,4.14,2.008,1,"homogeneo, leve turvacao em relacao ao padrao",2,perceptivelmente mais escura que o padrao,True,caracteristico do produto,,False
DLL-2402-020,Detergente Liquido Lava-Loucas,3,Luz Solar,90,7.47,1.041,-1.898,0.0,4.972,2.425,0,"liquido homogeneo, sem alteracao",2,perceptivelmente mais escura que o padrao,True,caracteristico do produto,,False
DES-2402-022,Desinfetante Quaternario Concentrado,3,Ambiente Escuro 25C,7,7.15,1.006,-0.015,0.0,0.031,0.017,1,liquido homogeneo com leve pelicula na superficie,0,conforme padrao,True,caracteristico do produto,,False
DES-2402-022,Desinfetante Quaternario Concentrado,3,Ambiente Escuro 25C,15,7.1,1.004,-0.033,0.0,0.066,0.037,0,"liquido homogeneo, limpido",0,conforme padrao,True,caracteristico do produto,,False
DES-2402-022,Desinfetante Quaternario Concentrado,3,Ambiente Escuro 25C,30,7.19,1.006,-0.066,0.0,0.132,0.074,0,"liquido homogeneo, sem alteracao",0,conforme padrao,True,caracteristico do produto,,False
DES-2402-022,Desinfetante Quaternario Concentrado,3,Ambiente Escuro 25C,60,7.11,1.004,-0.132,0.0,0.264,0.148,1,"homogeneo, leve turvacao em relacao ao padrao",0,conforme padrao,True,caracteristico,,False
DES-2402-022,Desinfetante Quaternario Concentrado,3,Ambiente Escuro 25C,90,7.12,1.005,-0.198,0.0,0.396,0.222,1,liquido homogeneo com leve pelicula na superficie,0,conforme padrao,True,caracteristico do produto,,False
DES-2402-022,Desinfetante Quaternario Concentrado,3,Estufa 40C,7,7.2,1.004,-0.072,0.0,0.145,0.081,1,liquido homogeneo com leve pelicula na superficie,0,conforme padrao,True,caracteristico do produto,,False
DES-2402-022,Desinfetante Quaternario Concentrado,3,Estufa 40C,15,7.11,1.005,-0.155,0.0,0.31,0.174,0,"liquido homogeneo, limpido",0,conforme padrao,True,caracteristico do produto,,False
DES-2402-022,Desinfetante Quaternario Concentrado,3,Estufa 40C,30,7.1,1.006,-0.31,0.0,0.619,0.348,0,"liquido homogeneo, sem alteracao",0,conforme padrao,True,caracteristico,,False
DES-2402-022,Desinfetante Quaternario Concentrado,3,Estufa 40C,60,7.0,1.009,-0.619,0.0,1.239,0.7,0,"liquido homogeneo, limpido",0,conforme padrao,True,caracteristico,,False
DES-2402-022,Desinfetante Quaternario Concentrado,3,Estufa 40C,90,6.91,1.01,-0.929,0.0,1.858,1.057,0,"liquido homogeneo, sem alteracao",1,"levemente diferente do padrao, conforme",True,caracteristico do produto,,False
DES-2402-022,Desinfetante Quaternario Concentrado,3,Geladeira 5C,7,7.26,1.005,-0.002,0.0,0.003,0.002,0,"liquido homogeneo, limpido",0,conforme padrao,True,caracteristico,,False
DES-2402-022,Desinfetante Quaternario Concentrado,3,Geladeira 5C,15,7.23,1.003,-0.003,0.0,0.006,0.004,1,"homogeneo, leve turvacao em relacao ao padrao",0,conforme padrao,True,caracteristico,,False
DES-2402-022,Desinfetante Quaternario Concentrado,3,Geladeira 5C,30,7.19,1.004,-0.006,0.0,0.013,0.007,0,"liquido homogeneo, limpido",0,conforme padrao,True,caracteristico do produto,,False
DES-2402-022,Desinfetante Quaternario Concentrado,3,Geladeira 5C,60,7.21,1.006,-0.013,0.0,0.026,0.015,0,"liquido homogeneo, levemente opalescente",0,conforme padrao,True,caracteristico,,False
DES-2402-022,Desinfetante Quaternario Concentrado,3,Geladeira 5C,90,7.18,1.002,-0.019,0.0,0.039,0.022,1,liquido homogeneo com leve pelicula na superficie,0,conforme padrao,True,caracteristico do produto,,False
DES-2402-022,Desinfetante Quaternario Concentrado,3,Luz Solar,7,7.22,1.005,-0.344,0.0,1.084,0.502,0,"liquido homogeneo, levemente opalescente",0,conforme padrao,True,caracteristico,,False
DES-2402-022,Desinfetante Quaternario Concentrado,3,Luz Solar,15,7.17,1.007,-0.691,0.0,2.131,1.005,0,"liquido homogeneo, levemente opalescente",1,"levemente diferente do padrao, conforme",True,caracteristico do produto,,False
DES-2402-022,Desinfetante Quaternario Concentrado,3,Luz Solar,30,7.16,1.006,-1.231,0.0,3.655,1.778,1,"homogeneo, leve turvacao em relacao ao padrao",2,perceptivelmente mais escura que o padrao,True,caracteristico do produto,,False
DES-2402-022,Desinfetante Quaternario Concentrado,3,Luz Solar,60,7.13,1.007,-1.991,0.0,5.559,2.829,0,"liquido homogeneo, sem alteracao",2,perceptivelmente mais escura que o padrao,True,caracteristico,,False
DES-2402-022,Desinfetante Quaternario Concentrado,3,Luz Solar,90,7.11,1.006,-2.479,0.0,6.606,3.466,1,"homogeneo, leve turvacao em relacao ao padrao",3,amarelada em relacao ao padrao,True,caracteristico do produto,,False
DLL-2402-023,Detergente Liquido Lava-Loucas,3,Ambiente Escuro 25C,7,7.72,1.027,-0.017,0.0,0.034,0.019,1,"homogeneo, leve turvacao em relacao ao padrao",0,conforme padrao,True,caracteristico do produto,,False
DLL-2402-023,Detergente Liquido Lava-Loucas,3,Ambiente Escuro 25C,15,7.71,1.025,-0.036,0.0,0.072,0.04,0,"liquido homogeneo, limpido",0,conforme padrao,True,caracteristico,,False
DLL-2402-023,Detergente Liquido Lava-Loucas,3,Ambiente Escuro 25C,30,7.69,1.028,-0.072,0.0,0.144,0.079,1,"homogeneo, leve turvacao em relacao ao padrao",0,conforme padrao,True,caracteristico,,False
DLL-2402-023,Detergente Liquido Lava-Loucas,3,Ambiente Escuro 25C,60,7.7,1.03,-0.144,0.0,0.288,0.159,0,"liquido homogeneo, limpido",0,conforme padrao,True,caracteristico do produto,,False
DLL-2402-023,Detergente Liquido Lava-Loucas,3,Ambiente Escuro 25C,90,7.68,1.03,-0.216,0.0,0.432,0.238,0,"liquido homogeneo, levemente opalescente",0,conforme padrao,True,caracteristico,,False
DLL-2402-023,Detergente Liquido Lava-Loucas,3,Estufa 40C,7,7.71,1.029,-0.079,0.0,0.158,0.087,1,"homogeneo, leve turvacao em relacao ao padrao",0,conforme padrao,True,caracteristico do produto,,False
DLL-2402-023,Detergente Liquido Lava-Loucas,3,Estufa 40C,15,7.67,1.028,-0.169,0.0,0.338,0.186,0,"liquido homogeneo, limpido",0,conforme padrao,True,caracteristico,,False
DLL-2402-023,Detergente Liquido Lava-Loucas,3,Estufa 40C,30,7.57,1.029,-0.338,0.0,0.676,0.371,1,"homogeneo, leve turvacao em relacao ao padrao",0,conforme padrao,True,caracteristico do produto,,False
DLL-2402-023,Detergente Liquido Lava-Loucas,3,Estufa 40C,60,7.55,1.032,-0.676,0.0,1.351,0.74,1,liquido homogeneo com leve pelicula na superficie,0,conforme padrao,True,caracteristico,,False
DLL-2402-023,Detergente Liquido Lava-Loucas,3,Estufa 40C,90,7.38,1.031,-1.014,0.0,2.027,1.105,1,"homogeneo, leve turvacao em relacao ao padrao",1,"levemente diferente do padrao, conforme",True,caracteristico,,False
DLL-2402-023,Detergente Liquido Lava-Loucas,3,Geladeira 5C,7,7.71,1.027,-0.002,0.0,0.003,0.002,0,"liquido homogeneo, limpido",0,conforme padrao,True,caracteristico do produto,,False
DLL-2402-023,Detergente Liquido Lava-Loucas,3,Geladeira 5C,15,7.71,1.028,-0.004,0.0,0.007,0.004,1,"homogeneo, leve turvacao em relacao ao padrao",0,conforme padrao,True,caracteristico,,False
DLL-2402-023,Detergente Liquido Lava-Loucas,3,Geladeira 5C,30,7.69,1.025,-0.007,0.0,0.014,0.008,1,"homogeneo, leve turvacao em relacao ao padrao",0,conforme padrao,True,caracteristico do produto,,False
DLL-2402-023,Detergente Liquido Lava-Loucas,3,Geladeira 5C,60,7.7,1.026,-0.014,0.0,0.028,0.016,0,"liquido homogeneo, levemente opalescente",0,conforme padrao,True,caracteristico do produto,,False
DLL-2402-023,Detergente Liquido Lava-Loucas,3,Geladeira 5C,90,7.66,1.026,-0.021,0.0,0.042,0.023,1,"homogeneo, leve turvacao em relacao ao padrao",0,conforme padrao,True,caracteristico do produto,,False
DLL-2402-023,Detergente Liquido Lava-Loucas,3,Luz Solar,7,7.69,1.024,-0.256,0.0,0.794,0.39,1,liquido homogeneo com leve pelicula na superficie,0,conforme padrao,True,caracteristico,,False
DLL-2402-023,Detergente Liquido Lava-Loucas,3,Luz Solar,15,7.69,1.026,-0.515,0.0,1.564,0.767,1,liquido homogeneo com leve pelicula na superficie,0,conforme padrao,True,caracteristico do produto,,False
DLL-2402-023,Detergente Liquido Lava-Loucas,3,Luz Solar,30,7.63,1.029,-0.921,0.0,2.695,1.32,1,"homogeneo, leve turvacao em relacao ao padrao",1,"levemente diferente do padrao, conforme",True,caracteristico do produto,,False
DLL-2402-023,Detergente Liquido Lava-Loucas,3,Luz Solar,60,7.64,1.028,-1.507,0.0,4.14,2.033,0,"liquido homogeneo, limpido",2,perceptivelmente mais escura que o padrao,True,caracteristico do produto,,False
DLL-2402-023,Detergente Liquido Lava-Loucas,3,Luz Solar,90,7.63,1.03,-1.898,0.0,4.972,2.456,1,"homogeneo, leve turvacao em relacao ao padrao",2,perceptivelmente mais escura que o padrao,True,caracteristico,,False
LMU-2402-024,Limpador Multiuso Alcalino,3,Ambiente Escuro 25C,7,10.19,1.006,-0.021,0.0,0.042,0.03,2,"leve cremeacao na superficie, porem conforme",0,conforme padrao,True,caracteristico,,False
LMU-2402-024,Limpador Multiuso Alcalino,3,Ambiente Escuro 25C,15,10.14,1.007,-0.045,0.0,0.09,0.064,2,"cremeacao visivel na superficie, reversivel a agitacao",0,conforme padrao,True,caracteristico do produto,,False
LMU-2402-024,Limpador Multiuso Alcalino,3,Ambiente Escuro 25C,30,10.11,1.008,-0.09,0.0,0.18,0.128,2,"cremeacao visivel na superficie, reversivel a agitacao",0,conforme padrao,True,caracteristico,,False
LMU-2402-024,Limpador Multiuso Alcalino,3,Ambiente Escuro 25C,60,10.06,1.009,-0.18,0.0,0.36,0.256,2,"cremeacao visivel na superficie, reversivel a agitacao",0,conforme padrao,True,caracteristico do produto,,False
LMU-2402-024,Limpador Multiuso Alcalino,3,Ambiente Escuro 25C,90,10.04,1.008,-0.27,0.0,0.54,0.384,2,"leve cremeacao na superficie, porem conforme",0,conforme padrao,True,caracteristico do produto,,False
LMU-2402-024,Limpador Multiuso Alcalino,3,Estufa 40C,7,10.14,1.011,-0.099,0.0,0.197,0.14,2,"leve cremeacao na superficie, porem conforme",0,conforme padrao,True,caracteristico,,False
LMU-2402-024,Limpador Multiuso Alcalino,3,Estufa 40C,15,10.01,1.008,-0.211,0.0,0.422,0.3,2,"cremeacao visivel na superficie, reversivel a agitacao",0,conforme padrao,True,caracteristico,,False
LMU-2402-024,Limpador Multiuso Alcalino,3,Estufa 40C,30,9.98,1.008,-0.422,0.0,0.845,0.6,3,sedimento no fundo nao reincorporavel,0,conforme padrao,True,caracteristico do produto,aspecto nao conforme,True
LMU-2402-024,Limpador Multiuso Alcalino,3,Estufa 40C,60,9.68,1.01,-0.845,0.0,1.689,1.195,2,"cremeacao visivel na superficie, reversivel a agitacao",1,"levemente diferente do padrao, conforme",True,caracteristico do produto,,False
LMU-2402-024,Limpador Multiuso Alcalino,3,Estufa 40C,90,9.53,1.015,-1.267,0.0,2.534,1.785,4,separacao franca de fases; coalescencia evidente,2,perceptivelmente mais escura que o padrao,True,caracteristico do produto,aspecto nao conforme,True
LMU-2402-024,Limpador Multiuso Alcalino,3,Geladeira 5C,7,10.18,1.01,-0.002,0.0,0.004,0.003,1,liquido homogeneo com leve pelicula na superficie,0,conforme padrao,True,caracteristico,,False
LMU-2402-024,Limpador Multiuso Alcalino,3,Geladeira 5C,15,10.16,1.008,-0.004,0.0,0.009,0.006,1,"homogeneo, leve turvacao em relacao ao padrao",0,conforme padrao,True,caracteristico,,False
LMU-2402-024,Limpador Multiuso Alcalino,3,Geladeira 5C,30,10.11,1.008,-0.009,0.0,0.018,0.013,2,"leve cremeacao na superficie, porem conforme",0,conforme padrao,True,caracteristico,,False
LMU-2402-024,Limpador Multiuso Alcalino,3,Geladeira 5C,60,10.1,1.011,-0.018,0.0,0.035,0.025,2,"cremeacao visivel na superficie, reversivel a agitacao",0,conforme padrao,True,caracteristico,,False
LMU-2402-024,Limpador Multiuso Alcalino,3,Geladeira 5C,90,10.14,1.011,-0.027,0.0,0.053,0.038,1,"homogeneo, leve turvacao em relacao ao padrao",0,conforme padrao,True,caracteristico,,False
LMU-2402-024,Limpador Multiuso Alcalino,3,Luz Solar,7,10.07,1.009,-0.32,0.0,0.993,0.643,1,liquido homogeneo com leve pelicula na superficie,0,conforme padrao,True,caracteristico,,False
LMU-2402-024,Limpador Multiuso Alcalino,3,Luz Solar,15,10.15,1.007,-0.644,0.0,1.955,1.262,2,"cremeacao visivel na superficie, reversivel a agitacao",1,"levemente diferente do padrao, conforme",True,caracteristico,,False
LMU-2402-024,Limpador Multiuso Alcalino,3,Luz Solar,30,10.02,1.011,-1.152,0.0,3.369,2.168,2,"cremeacao visivel na superficie, reversivel a agitacao",2,perceptivelmente mais escura que o padrao,True,caracteristico,,False
LMU-2402-024,Limpador Multiuso Alcalino,3,Luz Solar,60,10.01,1.01,-1.884,0.0,5.175,3.33,2,"leve cremeacao na superficie, porem conforme",3,amarelada em relacao ao padrao,True,caracteristico do produto,,False
LMU-2402-024,Limpador Multiuso Alcalino,3,Luz Solar,90,9.92,1.01,-2.372,0.0,6.216,4.013,3,"separacao parcial de fase, camada superior definida",3,amarelada em relacao ao padrao,True,caracteristico,aspecto nao conforme,True
DES-2402-025,Desinfetante Quaternario Concentrado,3,Ambiente Escuro 25C,7,6.88,1.004,-0.015,0.0,0.031,0.017,0,"liquido homogeneo, limpido",0,conforme padrao,True,caracteristico do produto,,False
DES-2402-025,Desinfetante Quaternario Concentrado,3,Ambiente Escuro 25C,15,6.91,1.004,-0.033,0.0,0.066,0.037,0,"liquido homogeneo, levemente opalescente",0,conforme padrao,True,caracteristico,,False
DES-2402-025,Desinfetante Quaternario Concentrado,3,Ambiente Escuro 25C,30,6.91,1.001,-0.066,0.0,0.132,0.073,0,"liquido homogeneo, limpido",0,conforme padrao,True,caracteristico,,False
DES-2402-025,Desinfetante Quaternario Concentrado,3,Ambiente Escuro 25C,60,6.86,1.001,-0.132,0.0,0.264,0.147,0,"liquido homogeneo, levemente opalescente",0,conforme padrao,True,caracteristico,,False
DES-2402-025,Desinfetante Quaternario Concentrado,3,Ambiente Escuro 25C,90,6.79,1.004,-0.198,0.0,0.396,0.221,0,"liquido homogeneo, sem alteracao",0,conforme padrao,True,caracteristico do produto,,False
DES-2402-025,Desinfetante Quaternario Concentrado,3,Estufa 40C,7,6.85,1.002,-0.072,0.0,0.145,0.08,0,"liquido homogeneo, limpido",0,conforme padrao,True,caracteristico do produto,,False
DES-2402-025,Desinfetante Quaternario Concentrado,3,Estufa 40C,15,6.84,1.005,-0.155,0.0,0.31,0.173,0,"liquido homogeneo, sem alteracao",0,conforme padrao,True,caracteristico do produto,,False
DES-2402-025,Desinfetante Quaternario Concentrado,3,Estufa 40C,30,6.85,1.004,-0.31,0.0,0.619,0.346,1,liquido homogeneo com leve pelicula na superficie,0,conforme padrao,True,caracteristico do produto,,False
DES-2402-025,Desinfetante Quaternario Concentrado,3,Estufa 40C,60,6.72,1.006,-0.619,0.0,1.239,0.696,0,"liquido homogeneo, sem alteracao",0,conforme padrao,True,caracteristico do produto,,False
DES-2402-025,Desinfetante Quaternario Concentrado,3,Estufa 40C,90,6.66,1.008,-0.929,0.0,1.858,1.049,1,"homogeneo, leve turvacao em relacao ao padrao",1,"levemente diferente do padrao, conforme",True,caracteristico,,False
DES-2402-025,Desinfetante Quaternario Concentrado,3,Geladeira 5C,7,6.93,1.007,-0.002,0.0,0.003,0.002,0,"liquido homogeneo, limpido",0,conforme padrao,True,caracteristico,,False
DES-2402-025,Desinfetante Quaternario Concentrado,3,Geladeira 5C,15,6.93,1.003,-0.003,0.0,0.006,0.004,1,liquido homogeneo com leve pelicula na superficie,0,conforme padrao,True,caracteristico,,False
DES-2402-025,Desinfetante Quaternario Concentrado,3,Geladeira 5C,30,6.92,1.008,-0.006,0.0,0.013,0.007,0,"liquido homogeneo, limpido",0,conforme padrao,True,caracteristico do produto,,False
DES-2402-025,Desinfetante Quaternario Concentrado,3,Geladeira 5C,60,6.97,1.002,-0.013,0.0,0.026,0.014,1,liquido homogeneo com leve pelicula na superficie,0,conforme padrao,True,caracteristico,,False
DES-2402-025,Desinfetante Quaternario Concentrado,3,Geladeira 5C,90,6.93,1.006,-0.019,0.0,0.039,0.022,0,"liquido homogeneo, limpido",0,conforme padrao,True,caracteristico,,False
DES-2402-025,Desinfetante Quaternario Concentrado,3,Luz Solar,7,6.91,1.005,-0.344,0.0,1.084,0.498,0,"liquido homogeneo, levemente opalescente",0,conforme padrao,True,caracteristico do produto,,False
DES-2402-025,Desinfetante Quaternario Concentrado,3,Luz Solar,15,6.87,1.004,-0.691,0.0,2.131,0.997,0,"liquido homogeneo, limpido",1,"levemente diferente do padrao, conforme",True,caracteristico do produto,,False
DES-2402-025,Desinfetante Quaternario Concentrado,3,Luz Solar,30,6.88,1.007,-1.231,0.0,3.655,1.764,0,"liquido homogeneo, limpido",2,perceptivelmente mais escura que o padrao,True,caracteristico,,False
DES-2402-025,Desinfetante Quaternario Concentrado,3,Luz Solar,60,6.89,1.007,-1.991,0.0,5.559,2.808,0,"liquido homogeneo, limpido",2,perceptivelmente mais escura que o padrao,True,caracteristico,,False
DES-2402-025,Desinfetante Quaternario Concentrado,3,Luz Solar,90,6.86,1.007,-2.479,0.0,6.606,3.439,1,"homogeneo, leve turvacao em relacao ao padrao",3,amarelada em relacao ao padrao,True,caracteristico do produto,,False
DLL-2402-027,Detergente Liquido Lava-Loucas,3,Ambiente Escuro 25C,7,7.58,1.027,-0.017,0.0,0.034,0.018,1,liquido homogeneo com leve pelicula na superficie,0,conforme padrao,True,caracteristico,,False
DLL-2402-027,Detergente Liquido Lava-Loucas,3,Ambiente Escuro 25C,15,7.53,1.03,-0.036,0.0,0.072,0.039,1,"homogeneo, leve turvacao em relacao ao padrao",0,conforme padrao,True,caracteristico,,False
DLL-2402-027,Detergente Liquido Lava-Loucas,3,Ambiente Escuro 25C,30,7.51,1.031,-0.072,0.0,0.144,0.079,1,"homogeneo, leve turvacao em relacao ao padrao",0,conforme padrao,True,caracteristico,,False
DLL-2402-027,Detergente Liquido Lava-Loucas,3,Ambiente Escuro 25C,60,7.52,1.031,-0.144,0.0,0.288,0.158,2,"cremeacao visivel na superficie, reversivel a agitacao",0,conforme padrao,True,caracteristico do produto,,False
DLL-2402-027,Detergente Liquido Lava-Loucas,3,Ambiente Escuro 25C,90,7.45,1.033,-0.216,0.0,0.432,0.236,1,"homogeneo, leve turvacao em relacao ao padrao",0,conforme padrao,True,caracteristico,,False
DLL-2402-027,Detergente Liquido Lava-Loucas,3,Estufa 40C,7,7.49,1.031,-0.079,0.0,0.158,0.086,1,"homogeneo, leve turvacao em relacao ao padrao",0,conforme padrao,True,caracteristico,,False
DLL-2402-027,Detergente Liquido Lava-Loucas,3,Estufa 40C,15,7.54,1.033,-0.169,0.0,0.338,0.185,1,liquido homogeneo com leve pelicula na superficie,0,conforme padrao,True,caracteristico do produto,,False
DLL-2402-027,Detergente Liquido Lava-Loucas,3,Estufa 40C,30,7.45,1.034,-0.338,0.0,0.676,0.369,1,liquido homogeneo com leve pelicula na superficie,0,conforme padrao,True,caracteristico do produto,,False
DLL-2402-027,Detergente Liquido Lava-Loucas,3,Estufa 40C,60,7.34,1.036,-0.676,0.0,1.351,0.735,1,"homogeneo, leve turvacao em relacao ao padrao",0,conforme padrao,True,caracteristico do produto,,False
DLL-2402-027,Detergente Liquido Lava-Loucas,3,Estufa 40C,90,7.18,1.035,-1.014,0.0,2.027,1.098,1,liquido homogeneo com leve pelicula na superficie,1,"levemente diferente do padrao, conforme",True,caracteristico do produto,,False
DLL-2402-027,Detergente Liquido Lava-Loucas,3,Geladeira 5C,7,7.53,1.032,-0.002,0.0,0.003,0.002,1,liquido homogeneo com leve pelicula na superficie,0,conforme padrao,True,caracteristico do produto,,False
DLL-2402-027,Detergente Liquido Lava-Loucas,3,Geladeira 5C,15,7.53,1.032,-0.004,0.0,0.007,0.004,1,liquido homogeneo com leve pelicula na superficie,0,conforme padrao,True,caracteristico,,False
DLL-2402-027,Detergente Liquido Lava-Loucas,3,Geladeira 5C,30,7.59,1.031,-0.007,0.0,0.014,0.008,1,liquido homogeneo com leve pelicula na superficie,0,conforme padrao,True,caracteristico do produto,,False
DLL-2402-027,Detergente Liquido Lava-Loucas,3,Geladeira 5C,60,7.52,1.031,-0.014,0.0,0.028,0.016,1,liquido homogeneo com leve pelicula na superficie,0,conforme padrao,True,caracteristico do produto,,False
DLL-2402-027,Detergente Liquido Lava-Loucas,3,Geladeira 5C,90,7.5,1.032,-0.021,0.0,0.042,0.023,1,liquido homogeneo com leve pelicula na superficie,0,conforme padrao,True,caracteristico,,False
DLL-2402-027,Detergente Liquido Lava-Loucas,3,Luz Solar,7,7.58,1.032,-0.256,0.0,0.794,0.388,0,"liquido homogeneo, sem alteracao",0,conforme padrao,True,caracteristico,,False
DLL-2402-027,Detergente Liquido Lava-Loucas,3,Luz Solar,15,7.55,1.032,-0.515,0.0,1.564,0.762,1,liquido homogeneo com leve pelicula na superficie,0,conforme padrao,True,caracteristico,,False
DLL-2402-027,Detergente Liquido Lava-Loucas,3,Luz Solar,30,7.53,1.032,-0.921,0.0,2.695,1.311,1,liquido homogeneo com leve pelicula na superficie,1,"levemente diferente do padrao, conforme",True,caracteristico do produto,,False
DLL-2402-027,Detergente Liquido Lava-Loucas,3,Luz Solar,60,7.51,1.031,-1.507,0.0,4.14,2.02,2,"leve cremeacao na superficie, porem conforme",2,perceptivelmente mais escura que o padrao,True,caracteristico,,False
DLL-2402-027,Detergente Liquido Lava-Loucas,3,Luz Solar,90,7.48,1.034,-1.898,0.0,4.972,2.44,1,"homogeneo, leve turvacao em relacao ao padrao",2,perceptivelmente mais escura que o padrao,True,caracteristico,,False
DES-2402-028,Desinfetante Quaternario Concentrado,3,Ambiente Escuro 25C,7,7.31,1.004,-0.015,0.0,0.031,0.017,2,"leve cremeacao na superficie, porem conforme",0,conforme padrao,True,caracteristico do produto,,False
DES-2402-028,Desinfetante Quaternario Concentrado,3,Ambiente Escuro 25C,15,7.35,1.007,-0.033,0.0,0.066,0.037,2,"cremeacao visivel na superficie, reversivel a agitacao",0,conforme padrao,True,caracteristico do produto,,False
DES-2402-028,Desinfetante Quaternario Concentrado,3,Ambiente Escuro 25C,30,7.29,1.004,-0.066,0.0,0.132,0.073,2,"cremeacao visivel na superficie, reversivel a agitacao",0,conforme padrao,True,caracteristico do produto,,False
DES-2402-028,Desinfetante Quaternario Concentrado,3,Ambiente Escuro 25C,60,7.21,1.005,-0.132,0.0,0.264,0.147,2,"cremeacao visivel na superficie, reversivel a agitacao",0,conforme padrao,True,caracteristico do produto,,False
DES-2402-028,Desinfetante Quaternario Concentrado,3,Ambiente Escuro 25C,90,7.24,1.006,-0.198,0.0,0.396,0.221,2,"cremeacao visivel na superficie, reversivel a agitacao",0,conforme padrao,True,caracteristico do produto,,False
DES-2402-028,Desinfetante Quaternario Concentrado,3,Estufa 40C,7,7.2,1.006,-0.072,0.0,0.145,0.08,1,"homogeneo, leve turvacao em relacao ao padrao",0,conforme padrao,True,caracteristico,,False
DES-2402-028,Desinfetante Quaternario Concentrado,3,Estufa 40C,15,7.2,1.007,-0.155,0.0,0.31,0.172,3,"separacao parcial de fase, camada superior definida",0,conforme padrao,True,caracteristico do produto,aspecto nao conforme,True
DES-2402-028,Desinfetante Quaternario Concentrado,3,Estufa 40C,30,7.15,1.007,-0.31,0.0,0.619,0.346,2,"cremeacao visivel na superficie, reversivel a agitacao",0,conforme padrao,True,caracteristico do produto,,False
DES-2402-028,Desinfetante Quaternario Concentrado,3,Estufa 40C,60,7.02,1.009,-0.619,0.0,1.239,0.696,4,separacao franca de fases; coalescencia evidente,0,conforme padrao,True,caracteristico,aspecto nao conforme,True
DES-2402-028,Desinfetante Quaternario Concentrado,3,Estufa 40C,90,6.87,1.013,-0.929,0.0,1.858,1.049,4,quebra de emulsao com sobrenadante limpido,1,"levemente diferente do padrao, conforme",True,caracteristico do produto,aspecto nao conforme,True
DES-2402-028,Desinfetante Quaternario Concentrado,3,Geladeira 5C,7,7.27,1.005,-0.002,0.0,0.003,0.002,2,"leve cremeacao na superficie, porem conforme",0,conforme padrao,True,caracteristico do produto,,False
DES-2402-028,Desinfetante Quaternario Concentrado,3,Geladeira 5C,15,7.28,1.005,-0.003,0.0,0.006,0.004,2,"leve cremeacao na superficie, porem conforme",0,conforme padrao,True,caracteristico do produto,,False
DES-2402-028,Desinfetante Quaternario Concentrado,3,Geladeira 5C,30,7.27,1.007,-0.006,0.0,0.013,0.007,1,"homogeneo, leve turvacao em relacao ao padrao",0,conforme padrao,True,caracteristico do produto,,False
DES-2402-028,Desinfetante Quaternario Concentrado,3,Geladeira 5C,60,7.3,1.006,-0.013,0.0,0.026,0.014,2,"leve cremeacao na superficie, porem conforme",0,conforme padrao,True,caracteristico do produto,,False
DES-2402-028,Desinfetante Quaternario Concentrado,3,Geladeira 5C,90,7.29,1.005,-0.019,0.0,0.039,0.022,2,"cremeacao visivel na superficie, reversivel a agitacao",0,conforme padrao,True,caracteristico,,False
DES-2402-028,Desinfetante Quaternario Concentrado,3,Luz Solar,7,7.28,1.005,-0.344,0.0,1.084,0.501,1,liquido homogeneo com leve pelicula na superficie,0,conforme padrao,True,caracteristico,,False
DES-2402-028,Desinfetante Quaternario Concentrado,3,Luz Solar,15,7.36,1.008,-0.691,0.0,2.131,1.003,2,"leve cremeacao na superficie, porem conforme",1,"levemente diferente do padrao, conforme",True,caracteristico do produto,,False
DES-2402-028,Desinfetante Quaternario Concentrado,3,Luz Solar,30,7.22,1.005,-1.231,0.0,3.655,1.775,2,"cremeacao visivel na superficie, reversivel a agitacao",2,perceptivelmente mais escura que o padrao,True,caracteristico,,False
DES-2402-028,Desinfetante Quaternario Concentrado,3,Luz Solar,60,7.18,1.008,-1.991,0.0,5.559,2.824,2,"leve cremeacao na superficie, porem conforme",2,perceptivelmente mais escura que o padrao,True,caracteristico do produto,,False
DES-2402-028,Desinfetante Quaternario Concentrado,3,Luz Solar,90,7.22,1.005,-2.479,0.0,6.606,3.458,3,sedimento no fundo nao reincorporavel,3,amarelada em relacao ao padrao,True,caracteristico do produto,aspecto nao conforme,True
AMA-2403-030,Amaciante de Roupas (esterquat),3,Ambiente Escuro 25C,7,3.07,0.995,-0.02,0.0,0.039,0.034,1,liquido homogeneo com leve pelicula na superficie,0,conforme padrao,True,caracteristico do produto,,False
AMA-2403-030,Amaciante de Roupas (esterquat),3,Ambiente Escuro 25C,15,3.05,0.997,-0.042,0.0,0.084,0.073,1,liquido homogeneo com leve pelicula na superficie,0,conforme padrao,True,caracteristico do produto,,False
AMA-2403-030,Amaciante de Roupas (esterquat),3,Ambiente Escuro 25C,30,3.04,0.994,-0.084,0.0,0.168,0.145,1,"homogeneo, leve turvacao em relacao ao padrao",0,conforme padrao,True,caracteristico,,False
AMA-2403-030,Amaciante de Roupas (esterquat),3,Ambiente Escuro 25C,60,3.04,0.996,-0.168,0.0,0.336,0.291,1,"homogeneo, leve turvacao em relacao ao padrao",0,conforme padrao,True,caracteristico do produto,,False
AMA-2403-030,Amaciante de Roupas (esterquat),3,Ambiente Escuro 25C,90,2.96,0.995,-0.252,0.0,0.504,0.438,1,"homogeneo, leve turvacao em relacao ao padrao",0,conforme padrao,True,caracteristico,,False
AMA-2403-030,Amaciante de Roupas (esterquat),3,Estufa 40C,7,3.0,0.996,-0.092,0.0,0.184,0.159,0,"liquido homogeneo, limpido",0,conforme padrao,True,caracteristico,,False
AMA-2403-030,Amaciante de Roupas (esterquat),3,Estufa 40C,15,3.01,0.996,-0.197,0.0,0.394,0.342,1,liquido homogeneo com leve pelicula na superficie,0,conforme padrao,True,caracteristico,,False
AMA-2403-030,Amaciante de Roupas (esterquat),3,Estufa 40C,30,2.88,0.997,-0.394,0.0,0.788,0.687,1,"homogeneo, leve turvacao em relacao ao padrao",0,conforme padrao,True,caracteristico,,False
AMA-2403-030,Amaciante de Roupas (esterquat),3,Estufa 40C,60,2.68,1.0,-0.788,0.0,1.577,1.391,1,liquido homogeneo com leve pelicula na superficie,1,"levemente diferente do padrao, conforme",True,caracteristico,,False
AMA-2403-030,Amaciante de Roupas (esterquat),3,Estufa 40C,90,2.55,1.002,-1.182,0.0,2.365,2.11,1,liquido homogeneo com leve pelicula na superficie,2,perceptivelmente mais escura que o padrao,True,caracteristico do produto,,False
AMA-2403-030,Amaciante de Roupas (esterquat),3,Geladeira 5C,7,3.01,0.996,-0.002,0.0,0.004,0.003,1,liquido homogeneo com leve pelicula na superficie,0,conforme padrao,True,caracteristico,,False
AMA-2403-030,Amaciante de Roupas (esterquat),3,Geladeira 5C,15,3.14,0.998,-0.004,0.0,0.008,0.007,0,"liquido homogeneo, limpido",0,conforme padrao,True,caracteristico,,False
AMA-2403-030,Amaciante de Roupas (esterquat),3,Geladeira 5C,30,3.08,0.994,-0.008,0.0,0.017,0.014,1,"homogeneo, leve turvacao em relacao ao padrao",0,conforme padrao,True,caracteristico do produto,,False
AMA-2403-030,Amaciante de Roupas (esterquat),3,Geladeira 5C,60,3.1,0.992,-0.017,0.0,0.033,0.028,1,liquido homogeneo com leve pelicula na superficie,0,conforme padrao,True,caracteristico do produto,,False
AMA-2403-030,Amaciante de Roupas (esterquat),3,Geladeira 5C,90,3.08,0.993,-0.025,0.0,0.05,0.043,1,liquido homogeneo com leve pelicula na superficie,0,conforme padrao,True,caracteristico do produto,,False
AMA-2403-030,Amaciante de Roupas (esterquat),3,Luz Solar,7,3.05,0.995,-0.226,0.0,0.693,0.58,1,"homogeneo, leve turvacao em relacao ao padrao",0,conforme padrao,True,caracteristico,,False
AMA-2403-030,Amaciante de Roupas (esterquat),3,Luz Solar,15,3.03,0.998,-0.457,0.0,1.368,1.16,1,"homogeneo, leve turvacao em relacao ao padrao",1,"levemente diferente do padrao, conforme",True,caracteristico do produto,,False
AMA-2403-030,Amaciante de Roupas (esterquat),3,Luz Solar,30,2.98,0.995,-0.822,0.0,2.369,2.043,1,liquido homogeneo com leve pelicula na superficie,2,perceptivelmente mais escura que o padrao,True,caracteristico,,False
AMA-2403-030,Amaciante de Roupas (esterquat),3,Luz Solar,60,2.93,0.996,-1.359,0.0,3.674,3.241,0,"liquido homogeneo, limpido",3,amarelada em relacao ao padrao,True,caracteristico do produto,,False
AMA-2403-030,Amaciante de Roupas (esterquat),3,Luz Solar,90,2.82,0.995,-1.73,0.0,4.46,3.984,2,"leve cremeacao na superficie, porem conforme",3,amarelada em relacao ao padrao,True,caracteristico,,False
DES-2403-031,Desinfetante Quaternario Concentrado,3,Ambiente Escuro 25C,7,6.97,0.997,-0.015,0.0,0.031,0.017,1,liquido homogeneo com leve pelicula na superficie,0,conforme padrao,True,caracteristico do produto,,False
DES-2403-031,Desinfetante Quaternario Concentrado,3,Ambiente Escuro 25C,15,6.96,0.997,-0.033,0.0,0.066,0.037,0,"liquido homogeneo, limpido",0,conforme padrao,True,caracteristico do produto,,False
DES-2403-031,Desinfetante Quaternario Concentrado,3,Ambiente Escuro 25C,30,6.93,0.998,-0.066,0.0,0.132,0.073,0,"liquido homogeneo, sem alteracao",0,conforme padrao,True,caracteristico do produto,,False
DES-2403-031,Desinfetante Quaternario Concentrado,3,Ambiente Escuro 25C,60,6.93,0.998,-0.132,0.0,0.264,0.147,0,"liquido homogeneo, sem alteracao",0,conforme padrao,True,caracteristico,,False
DES-2403-031,Desinfetante Quaternario Concentrado,3,Ambiente Escuro 25C,90,6.88,0.996,-0.198,0.0,0.396,0.22,0,"liquido homogeneo, levemente opalescente",0,conforme padrao,True,caracteristico do produto,,False
DES-2403-031,Desinfetante Quaternario Concentrado,3,Estufa 40C,7,6.89,0.997,-0.072,0.0,0.145,0.08,0,"liquido homogeneo, levemente opalescente",0,conforme padrao,True,caracteristico,,False
DES-2403-031,Desinfetante Quaternario Concentrado,3,Estufa 40C,15,6.9,0.995,-0.155,0.0,0.31,0.172,0,"liquido homogeneo, sem alteracao",0,conforme padrao,True,caracteristico do produto,,False
DES-2403-031,Desinfetante Quaternario Concentrado,3,Estufa 40C,30,6.82,0.995,-0.31,0.0,0.619,0.345,0,"liquido homogeneo, sem alteracao",0,conforme padrao,True,caracteristico do produto,,False
DES-2403-031,Desinfetante Quaternario Concentrado,3,Estufa 40C,60,6.73,0.997,-0.619,0.0,1.239,0.693,0,"liquido homogeneo, levemente opalescente",0,conforme padrao,True,caracteristico do produto,,False
DES-2403-031,Desinfetante Quaternario Concentrado,3,Estufa 40C,90,6.75,0.999,-0.929,0.0,1.858,1.046,0,"liquido homogeneo, limpido",1,"levemente diferente do padrao, conforme",True,caracteristico do produto,,False
DES-2403-031,Desinfetante Quaternario Concentrado,3,Geladeira 5C,7,6.97,0.997,-0.002,0.0,0.003,0.002,0,"liquido homogeneo, sem alteracao",0,conforme padrao,True,caracteristico,,False
DES-2403-031,Desinfetante Quaternario Concentrado,3,Geladeira 5C,15,6.93,0.997,-0.003,0.0,0.006,0.004,0,"liquido homogeneo, sem alteracao",0,conforme padrao,True,caracteristico do produto,,False
DES-2403-031,Desinfetante Quaternario Concentrado,3,Geladeira 5C,30,6.94,0.994,-0.006,0.0,0.013,0.007,1,liquido homogeneo com leve pelicula na superficie,0,conforme padrao,True,caracteristico,densidade fora de faixa,True
DES-2403-031,Desinfetante Quaternario Concentrado,3,Geladeira 5C,60,6.92,0.995,-0.013,0.0,0.026,0.014,0,"liquido homogeneo, limpido",0,conforme padrao,True,caracteristico,,False
DES-2403-031,Desinfetante Quaternario Concentrado,3,Geladeira 5C,90,6.92,0.998,-0.019,0.0,0.039,0.022,0,"liquido homogeneo, levemente opalescente",0,conforme padrao,True,caracteristico do produto,,False
DES-2403-031,Desinfetante Quaternario Concentrado,3,Luz Solar,7,6.9,0.994,-0.344,0.0,1.084,0.497,0,"liquido homogeneo, limpido",0,conforme padrao,True,caracteristico do produto,densidade fora de faixa,True
DES-2403-031,Desinfetante Quaternario Concentrado,3,Luz Solar,15,6.91,0.995,-0.691,0.0,2.131,0.995,0,"liquido homogeneo, levemente opalescente",1,"levemente diferente do padrao, conforme",True,caracteristico do produto,,False
DES-2403-031,Desinfetante Quaternario Concentrado,3,Luz Solar,30,6.97,0.998,-1.231,0.0,3.655,1.761,0,"liquido homogeneo, limpido",2,perceptivelmente mais escura que o padrao,True,caracteristico do produto,,False
DES-2403-031,Desinfetante Quaternario Concentrado,3,Luz Solar,60,6.9,0.996,-1.991,0.0,5.559,2.802,0,"liquido homogeneo, sem alteracao",2,perceptivelmente mais escura que o padrao,True,caracteristico do produto,,False
DES-2403-031,Desinfetante Quaternario Concentrado,3,Luz Solar,90,6.85,1.0,-2.479,0.0,6.606,3.432,0,"liquido homogeneo, sem alteracao",3,amarelada em relacao ao padrao,True,caracteristico do produto,,False
ALV-2403-034,Alvejante Liquido sem Cloro,3,Ambiente Escuro 25C,7,3.74,1.047,-0.014,0.0,0.028,0.026,1,liquido homogeneo com leve pelicula na superficie,0,conforme padrao,True,caracteristico do produto,,False
ALV-2403-034,Alvejante Liquido sem Cloro,3,Ambiente Escuro 25C,15,3.77,1.05,-0.03,0.0,0.06,0.056,1,liquido homogeneo com leve pelicula na superficie,0,conforme padrao,True,caracteristico,,False
ALV-2403-034,Alvejante Liquido sem Cloro,3,Ambiente Escuro 25C,30,3.74,1.052,-0.06,0.0,0.12,0.112,1,liquido homogeneo com leve pelicula na superficie,0,conforme padrao,True,caracteristico do produto,,False
ALV-2403-034,Alvejante Liquido sem Cloro,3,Ambiente Escuro 25C,60,3.7,1.049,-0.12,0.0,0.24,0.223,1,"homogeneo, leve turvacao em relacao ao padrao",0,conforme padrao,True,caracteristico do produto,,False
ALV-2403-034,Alvejante Liquido sem Cloro,3,Ambiente Escuro 25C,90,3.63,1.05,-0.18,0.0,0.36,0.333,1,liquido homogeneo com leve pelicula na superficie,0,conforme padrao,True,caracteristico do produto,,False
ALV-2403-034,Alvejante Liquido sem Cloro,3,Estufa 40C,7,3.69,1.049,-0.066,0.0,0.131,0.122,1,"homogeneo, leve turvacao em relacao ao padrao",0,conforme padrao,False,"alterado, notas rancosas",odor alterado,True
ALV-2403-034,Alvejante Liquido sem Cloro,3,Estufa 40C,15,3.74,1.051,-0.141,0.0,0.282,0.261,1,liquido homogeneo com leve pelicula na superficie,0,conforme padrao,False,"alterado, notas rancosas",odor alterado,True
ALV-2403-034,Alvejante Liquido sem Cloro,3,Estufa 40C,30,3.55,1.053,-0.282,0.0,0.563,0.52,0,"liquido homogeneo, limpido",0,conforme padrao,True,caracteristico,,False
ALV-2403-034,Alvejante Liquido sem Cloro,3,Estufa 40C,60,3.38,1.053,-0.563,0.0,1.126,1.029,1,"homogeneo, leve turvacao em relacao ao padrao",1,"levemente diferente do padrao, conforme",True,caracteristico do produto,pH fora de faixa,True
ALV-2403-034,Alvejante Liquido sem Cloro,3,Estufa 40C,90,3.23,1.055,-0.845,0.0,1.689,1.529,1,liquido homogeneo com leve pelicula na superficie,1,"levemente diferente do padrao, conforme",True,caracteristico,pH fora de faixa,True
ALV-2403-034,Alvejante Liquido sem Cloro,3,Geladeira 5C,7,3.79,1.048,-0.001,0.0,0.003,0.003,0,"liquido homogeneo, limpido",0,conforme padrao,True,caracteristico do produto,,False
ALV-2403-034,Alvejante Liquido sem Cloro,3,Geladeira 5C,15,3.8,1.049,-0.003,0.0,0.006,0.005,1,"homogeneo, leve turvacao em relacao ao padrao",0,conforme padrao,True,caracteristico do produto,,False
ALV-2403-034,Alvejante Liquido sem Cloro,3,Geladeira 5C,30,3.77,1.048,-0.006,0.0,0.012,0.011,1,liquido homogeneo com leve pelicula na superficie,0,conforme padrao,True,caracteristico,,False
ALV-2403-034,Alvejante Liquido sem Cloro,3,Geladeira 5C,60,3.75,1.045,-0.012,0.0,0.024,0.022,1,"homogeneo, leve turvacao em relacao ao padrao",0,conforme padrao,True,caracteristico,,False
ALV-2403-034,Alvejante Liquido sem Cloro,3,Geladeira 5C,90,3.8,1.052,-0.018,0.0,0.035,0.033,1,"homogeneo, leve turvacao em relacao ao padrao",0,conforme padrao,True,caracteristico,,False
ALV-2403-034,Alvejante Liquido sem Cloro,3,Luz Solar,7,3.77,1.047,-0.376,0.0,1.19,1.049,1,liquido homogeneo com leve pelicula na superficie,1,"levemente diferente do padrao, conforme",True,caracteristico do produto,,False
ALV-2403-034,Alvejante Liquido sem Cloro,3,Luz Solar,15,3.7,1.047,-0.754,0.0,2.337,2.021,1,liquido homogeneo com leve pelicula na superficie,2,perceptivelmente mais escura que o padrao,True,caracteristico do produto,,False
ALV-2403-034,Alvejante Liquido sem Cloro,3,Luz Solar,30,3.8,1.048,-1.34,0.0,4.002,3.369,1,"homogeneo, leve turvacao em relacao ao padrao",3,amarelada em relacao ao padrao,True,caracteristico do produto,,False
ALV-2403-034,Alvejante Liquido sem Cloro,3,Luz Solar,60,3.64,1.049,-2.16,0.0,6.066,4.954,1,"homogeneo, leve turvacao em relacao ao padrao",3,amarelada em relacao ao padrao,True,caracteristico,,False
ALV-2403-034,Alvejante Liquido sem Cloro,3,Luz Solar,90,3.61,1.051,-2.678,0.0,7.18,5.781,1,liquido homogeneo com leve pelicula na superficie,3,amarelada em relacao ao padrao,True,caracteristico,,False
DES-2403-035,Desinfetante Quaternario Concentrado,3,Ambiente Escuro 25C,7,6.99,1.003,-0.015,0.0,0.031,0.017,1,"homogeneo, leve turvacao em relacao ao padrao",0,conforme padrao,True,caracteristico,,False
DES-2403-035,Desinfetante Quaternario Concentrado,3,Ambiente Escuro 25C,15,7.01,1.001,-0.033,0.0,0.066,0.037,1,"homogeneo, leve turvacao em relacao ao padrao",0,conforme padrao,True,caracteristico,,False
DES-2403-035,Desinfetante Quaternario Concentrado,3,Ambiente Escuro 25C,30,7.06,1.002,-0.066,0.0,0.132,0.074,1,liquido homogeneo com leve pelicula na superficie,0,conforme padrao,True,caracteristico do produto,,False
DES-2403-035,Desinfetante Quaternario Concentrado,3,Ambiente Escuro 25C,60,7.01,1.0,-0.132,0.0,0.264,0.147,0,"liquido homogeneo, limpido",0,conforme padrao,True,caracteristico,,False
DES-2403-035,Desinfetante Quaternario Concentrado,3,Ambiente Escuro 25C,90,6.97,1.003,-0.198,0.0,0.396,0.221,1,"homogeneo, leve turvacao em relacao ao padrao",0,conforme padrao,True,caracteristico,,False
DES-2403-035,Desinfetante Quaternario Concentrado,3,Estufa 40C,7,7.02,1.002,-0.072,0.0,0.145,0.081,1,"homogeneo, leve turvacao em relacao ao padrao",0,conforme padrao,True,caracteristico,,False
DES-2403-035,Desinfetante Quaternario Concentrado,3,Estufa 40C,15,6.97,1.002,-0.155,0.0,0.31,0.173,1,"homogeneo, leve turvacao em relacao ao padrao",0,conforme padrao,True,caracteristico,,False
DES-2403-035,Desinfetante Quaternario Concentrado,3,Estufa 40C,30,6.96,1.004,-0.31,0.0,0.619,0.347,1,liquido homogeneo com leve pelicula na superficie,0,conforme padrao,True,caracteristico do produto,,False
DES-2403-035,Desinfetante Quaternario Concentrado,3,Estufa 40C,60,6.86,1.007,-0.619,0.0,1.239,0.697,1,liquido homogeneo com leve pelicula na superficie,0,conforme padrao,True,caracteristico,,False
DES-2403-035,Desinfetante Quaternario Concentrado,3,Estufa 40C,90,6.76,1.009,-0.929,0.0,1.858,1.052,0,"liquido homogeneo, levemente opalescente",1,"levemente diferente do padrao, conforme",True,caracteristico do produto,,False
DES-2403-035,Desinfetante Quaternario Concentrado,3,Geladeira 5C,7,7.04,1.0,-0.002,0.0,0.003,0.002,1,"homogeneo, leve turvacao em relacao ao padrao",0,conforme padrao,True,caracteristico do produto,,False
DES-2403-035,Desinfetante Quaternario Concentrado,3,Geladeira 5C,15,7.03,1.003,-0.003,0.0,0.006,0.004,1,"homogeneo, leve turvacao em relacao ao padrao",0,conforme padrao,True,caracteristico,,False
DES-2403-035,Desinfetante Quaternario Concentrado,3,Geladeira 5C,30,7.03,1.004,-0.006,0.0,0.013,0.007,1,"homogeneo, leve turvacao em relacao ao padrao",0,conforme padrao,True,caracteristico,,False
DES-2403-035,Desinfetante Quaternario Concentrado,3,Geladeira 5C,60,7.03,1.002,-0.013,0.0,0.026,0.014,1,liquido homogeneo com leve pelicula na superficie,0,conforme padrao,True,caracteristico,,False
DES-2403-035,Desinfetante Quaternario Concentrado,3,Geladeira 5C,90,7.01,1.0,-0.019,0.0,0.039,0.022,1,"homogeneo, leve turvacao em relacao ao padrao",0,conforme padrao,True,caracteristico,,False
DES-2403-035,Desinfetante Quaternario Concentrado,3,Luz Solar,7,7.0,1.003,-0.344,0.0,1.084,0.502,1,liquido homogeneo com leve pelicula na superficie,0,conforme padrao,True,caracteristico do produto,,False
DES-2403-035,Desinfetante Quaternario Concentrado,3,Luz Solar,15,7.04,1.0,-0.691,0.0,2.131,1.006,0,"liquido homogeneo, levemente opalescente",1,"levemente diferente do padrao, conforme",True,caracteristico,,False
DES-2403-035,Desinfetante Quaternario Concentrado,3,Luz Solar,30,7.02,1.004,-1.231,0.0,3.655,1.781,1,"homogeneo, leve turvacao em relacao ao padrao",2,perceptivelmente mais escura que o padrao,True,caracteristico do produto,,False
DES-2403-035,Desinfetante Quaternario Concentrado,3,Luz Solar,60,6.98,1.003,-1.991,0.0,5.559,2.834,0,"liquido homogeneo, limpido",2,perceptivelmente mais escura que o padrao,True,caracteristico do produto,,False
DES-2403-035,Desinfetante Quaternario Concentrado,3,Luz Solar,90,6.92,1.003,-2.479,0.0,6.606,3.471,1,"homogeneo, leve turvacao em relacao ao padrao",3,amarelada em relacao ao padrao,True,caracteristico do produto,,False
DLR-2403-036,Detergente Liquido para Roupas,3,Ambiente Escuro 25C,7,9.52,1.025,-0.018,0.0,0.036,0.03,1,liquido homogeneo com leve pelicula na superficie,0,conforme padrao,True,caracteristico,,False
DLR-2403-036,Detergente Liquido para Roupas,3,Ambiente Escuro 25C,15,9.49,1.029,-0.039,0.0,0.078,0.065,1,liquido homogeneo com leve pelicula na superficie,0,conforme padrao,True,caracteristico do produto,,False
DLR-2403-036,Detergente Liquido para Roupas,3,Ambiente Escuro 25C,30,9.49,1.022,-0.078,0.0,0.156,0.13,1,liquido homogeneo com leve pelicula na superficie,0,conforme padrao,True,caracteristico,,False
DLR-2403-036,Detergente Liquido para Roupas,3,Ambiente Escuro 25C,60,9.44,1.026,-0.156,0.0,0.312,0.261,1,liquido homogeneo com leve pelicula na superficie,0,conforme padrao,True,caracteristico,,False
DLR-2403-036,Detergente Liquido para Roupas,3,Ambiente Escuro 25C,90,9.35,1.025,-0.234,0.0,0.468,0.391,1,liquido homogeneo com leve pelicula na superficie,0,conforme padrao,True,caracteristico,,False
DLR-2403-036,Detergente Liquido para Roupas,3,Estufa 40C,7,9.49,1.028,-0.085,0.0,0.171,0.143,1,liquido homogeneo com leve pelicula na superficie,0,conforme padrao,True,caracteristico do produto,,False
DLR-2403-036,Detergente Liquido para Roupas,3,Estufa 40C,15,9.46,1.025,-0.183,0.0,0.366,0.306,1,"homogeneo, leve turvacao em relacao ao padrao",0,conforme padrao,True,caracteristico,,False
DLR-2403-036,Detergente Liquido para Roupas,3,Estufa 40C,30,9.38,1.026,-0.366,0.0,0.732,0.612,1,liquido homogeneo com leve pelicula na superficie,0,conforme padrao,True,caracteristico,,False
DLR-2403-036,Detergente Liquido para Roupas,3,Estufa 40C,60,9.23,1.026,-0.732,0.0,1.464,1.223,1,"homogeneo, leve turvacao em relacao ao padrao",1,"levemente diferente do padrao, conforme",True,caracteristico do produto,,False
DLR-2403-036,Detergente Liquido para Roupas,3,Estufa 40C,90,9.06,1.029,-1.098,0.0,2.196,1.832,1,liquido homogeneo com leve pelicula na superficie,2,perceptivelmente mais escura que o padrao,True,caracteristico,,False
DLR-2403-036,Detergente Liquido para Roupas,3,Geladeira 5C,7,9.5,1.025,-0.002,0.0,0.004,0.003,1,"homogeneo, leve turvacao em relacao ao padrao",0,conforme padrao,True,caracteristico,,False
DLR-2403-036,Detergente Liquido para Roupas,3,Geladeira 5C,15,9.44,1.025,-0.004,0.0,0.008,0.006,1,"homogeneo, leve turvacao em relacao ao padrao",0,conforme padrao,True,caracteristico,,False
DLR-2403-036,Detergente Liquido para Roupas,3,Geladeira 5C,30,9.53,1.022,-0.008,0.0,0.015,0.013,1,liquido homogeneo com leve pelicula na superficie,0,conforme padrao,True,caracteristico,,False
DLR-2403-036,Detergente Liquido para Roupas,3,Geladeira 5C,60,9.46,1.024,-0.015,0.0,0.031,0.026,1,"homogeneo, leve turvacao em relacao ao padrao",0,conforme padrao,True,caracteristico,,False
DLR-2403-036,Detergente Liquido para Roupas,3,Geladeira 5C,90,9.48,1.023,-0.023,0.0,0.046,0.038,1,"homogeneo, leve turvacao em relacao ao padrao",0,conforme padrao,True,caracteristico do produto,,False
DLR-2403-036,Detergente Liquido para Roupas,3,Luz Solar,7,9.45,1.024,-0.281,0.0,0.873,0.692,2,"leve cremeacao na superficie, porem conforme",0,conforme padrao,True,caracteristico,,False
DLR-2403-036,Detergente Liquido para Roupas,3,Luz Solar,15,9.45,1.024,-0.565,0.0,1.719,1.364,1,liquido homogeneo com leve pelicula na superficie,1,"levemente diferente do padrao, conforme",True,caracteristico,,False
DLR-2403-036,Detergente Liquido para Roupas,3,Luz Solar,30,9.47,1.026,-1.012,0.0,2.961,2.351,1,"homogeneo, leve turvacao em relacao ao padrao",2,perceptivelmente mais escura que o padrao,True,caracteristico do produto,,False
DLR-2403-036,Detergente Liquido para Roupas,3,Luz Solar,60,9.46,1.028,-1.654,0.0,4.546,3.613,2,"cremeacao visivel na superficie, reversivel a agitacao",3,amarelada em relacao ao padrao,True,caracteristico,,False
DLR-2403-036,Detergente Liquido para Roupas,3,Luz Solar,90,9.35,1.027,-2.082,0.0,5.457,4.344,1,"homogeneo, leve turvacao em relacao ao padrao",3,amarelada em relacao ao padrao,True,caracteristico,,False
ALV-2403-038,Alvejante Liquido sem Cloro,3,Ambiente Escuro 25C,7,3.87,1.047,-0.014,0.0,0.028,0.026,0,"liquido homogeneo, limpido",0,conforme padrao,True,caracteristico do produto,,False
ALV-2403-038,Alvejante Liquido sem Cloro,3,Ambiente Escuro 25C,15,3.93,1.047,-0.03,0.0,0.06,0.056,1,liquido homogeneo com leve pelicula na superficie,0,conforme padrao,True,caracteristico,,False
ALV-2403-038,Alvejante Liquido sem Cloro,3,Ambiente Escuro 25C,30,3.94,1.044,-0.06,0.0,0.12,0.112,1,liquido homogeneo com leve pelicula na superficie,0,conforme padrao,True,caracteristico do produto,,False
ALV-2403-038,Alvejante Liquido sem Cloro,3,Ambiente Escuro 25C,60,3.89,1.046,-0.12,0.0,0.24,0.223,1,"homogeneo, leve turvacao em relacao ao padrao",0,conforme padrao,True,caracteristico,,False
ALV-2403-038,Alvejante Liquido sem Cloro,3,Ambiente Escuro 25C,90,3.84,1.049,-0.18,0.0,0.36,0.334,1,"homogeneo, leve turvacao em relacao ao padrao",0,conforme padrao,True,caracteristico,,False
ALV-2403-038,Alvejante Liquido sem Cloro,3,Estufa 40C,7,3.86,1.044,-0.066,0.0,0.131,0.122,1,liquido homogeneo com leve pelicula na superficie,0,conforme padrao,True,caracteristico,,False
ALV-2403-038,Alvejante Liquido sem Cloro,3,Estufa 40C,15,3.86,1.048,-0.141,0.0,0.282,0.262,1,"homogeneo, leve turvacao em relacao ao padrao",0,conforme padrao,True,caracteristico do produto,,False
ALV-2403-038,Alvejante Liquido sem Cloro,3,Estufa 40C,30,3.78,1.046,-0.282,0.0,0.563,0.521,1,liquido homogeneo com leve pelicula na superficie,0,conforme padrao,True,caracteristico do produto,,False
ALV-2403-038,Alvejante Liquido sem Cloro,3,Estufa 40C,60,3.6,1.051,-0.563,0.0,1.126,1.034,0,"liquido homogeneo, limpido",1,"levemente diferente do padrao, conforme",True,caracteristico,,False
ALV-2403-038,Alvejante Liquido sem Cloro,3,Estufa 40C,90,3.38,1.054,-0.845,0.0,1.689,1.539,0,"liquido homogeneo, sem alteracao",1,"levemente diferente do padrao, conforme",True,caracteristico do produto,pH fora de faixa,True
ALV-2403-038,Alvejante Liquido sem Cloro,3,Geladeira 5C,7,3.95,1.044,-0.001,0.0,0.003,0.003,1,"homogeneo, leve turvacao em relacao ao padrao",0,conforme padrao,False,"alterado, notas rancosas",odor alterado,True
ALV-2403-038,Alvejante Liquido sem Cloro,3,Geladeira 5C,15,3.96,1.046,-0.003,0.0,0.006,0.006,0,"liquido homogeneo, sem alteracao",0,conforme padrao,True,caracteristico do produto,,False
ALV-2403-038,Alvejante Liquido sem Cloro,3,Geladeira 5C,30,3.91,1.045,-0.006,0.0,0.012,0.011,0,"liquido homogeneo, levemente opalescente",0,conforme padrao,True,caracteristico,,False
ALV-2403-038,Alvejante Liquido sem Cloro,3,Geladeira 5C,60,3.95,1.045,-0.012,0.0,0.024,0.022,1,liquido homogeneo com leve pelicula na superficie,0,conforme padrao,True,caracteristico,,False
ALV-2403-038,Alvejante Liquido sem Cloro,3,Geladeira 5C,90,3.95,1.047,-0.018,0.0,0.035,0.033,1,liquido homogeneo com leve pelicula na superficie,0,conforme padrao,True,caracteristico do produto,,False
ALV-2403-038,Alvejante Liquido sem Cloro,3,Luz Solar,7,3.96,1.045,-0.376,0.0,1.19,1.055,1,liquido homogeneo com leve pelicula na superficie,1,"levemente diferente do padrao, conforme",True,caracteristico do produto,,False
ALV-2403-038,Alvejante Liquido sem Cloro,3,Luz Solar,15,3.89,1.046,-0.754,0.0,2.337,2.037,1,liquido homogeneo com leve pelicula na superficie,2,perceptivelmente mais escura que o padrao,True,caracteristico do produto,,False
ALV-2403-038,Alvejante Liquido sem Cloro,3,Luz Solar,30,3.91,1.048,-1.34,0.0,4.002,3.402,1,"homogeneo, leve turvacao em relacao ao padrao",3,amarelada em relacao ao padrao,True,caracteristico,,False
ALV-2403-038,Alvejante Liquido sem Cloro,3,Luz Solar,60,3.8,1.048,-2.16,0.0,6.066,5.008,0,"liquido homogeneo, levemente opalescente",3,amarelada em relacao ao padrao,True,caracteristico do produto,,False
ALV-2403-038,Alvejante Liquido sem Cloro,3,Luz Solar,90,3.77,1.05,-2.678,0.0,7.18,5.847,0,"liquido homogeneo, sem alteracao",3,amarelada em relacao ao padrao,True,caracteristico,,False
DLR-2403-039,Detergente Liquido para Roupas,3,Ambiente Escuro 25C,7,10.07,1.021,-0.018,0.0,0.036,0.031,0,"liquido homogeneo, sem alteracao",0,conforme padrao,True,caracteristico do produto,,False
DLR-2403-039,Detergente Liquido para Roupas,3,Ambiente Escuro 25C,15,10.03,1.024,-0.039,0.0,0.078,0.065,1,liquido homogeneo com leve pelicula na superficie,0,conforme padrao,True,caracteristico do produto,,False
DLR-2403-039,Detergente Liquido para Roupas,3,Ambiente Escuro 25C,30,10.01,1.026,-0.078,0.0,0.156,0.131,0,"liquido homogeneo, levemente opalescente",0,conforme padrao,True,caracteristico do produto,,False
DLR-2403-039,Detergente Liquido para Roupas,3,Ambiente Escuro 25C,60,10.0,1.024,-0.156,0.0,0.312,0.262,1,liquido homogeneo com leve pelicula na superficie,0,conforme padrao,True,caracteristico,,False
DLR-2403-039,Detergente Liquido para Roupas,3,Ambiente Escuro 25C,90,9.95,1.023,-0.234,0.0,0.468,0.392,0,"liquido homogeneo, limpido",0,conforme padrao,True,caracteristico,,False
DLR-2403-039,Detergente Liquido para Roupas,3,Estufa 40C,7,10.04,1.024,-0.085,0.0,0.171,0.143,1,"homogeneo, leve turvacao em relacao ao padrao",0,conforme padrao,True,caracteristico,,False
DLR-2403-039,Detergente Liquido para Roupas,3,Estufa 40C,15,10.05,1.023,-0.183,0.0,0.366,0.307,0,"liquido homogeneo, levemente opalescente",0,conforme padrao,True,caracteristico do produto,,False
DLR-2403-039,Detergente Liquido para Roupas,3,Estufa 40C,30,9.95,1.025,-0.366,0.0,0.732,0.613,1,"homogeneo, leve turvacao em relacao ao padrao",0,conforme padrao,True,caracteristico,,False
DLR-2403-039,Detergente Liquido para Roupas,3,Estufa 40C,60,9.79,1.026,-0.732,0.0,1.464,1.226,0,"liquido homogeneo, sem alteracao",1,"levemente diferente do padrao, conforme",True,caracteristico do produto,,False
DLR-2403-039,Detergente Liquido para Roupas,3,Estufa 40C,90,9.73,1.029,-1.098,0.0,2.196,1.836,0,"liquido homogeneo, sem alteracao",2,perceptivelmente mais escura que o padrao,True,caracteristico do produto,,False
DLR-2403-039,Detergente Liquido para Roupas,3,Geladeira 5C,7,10.04,1.026,-0.002,0.0,0.004,0.003,0,"liquido homogeneo, levemente opalescente",0,conforme padrao,True,caracteristico,,False
DLR-2403-039,Detergente Liquido para Roupas,3,Geladeira 5C,15,10.08,1.024,-0.004,0.0,0.008,0.006,1,"homogeneo, leve turvacao em relacao ao padrao",0,conforme padrao,True,caracteristico do produto,,False
DLR-2403-039,Detergente Liquido para Roupas,3,Geladeira 5C,30,10.06,1.023,-0.008,0.0,0.015,0.013,0,"liquido homogeneo, limpido",0,conforme padrao,True,caracteristico,,False
DLR-2403-039,Detergente Liquido para Roupas,3,Geladeira 5C,60,10.07,1.023,-0.015,0.0,0.031,0.026,1,liquido homogeneo com leve pelicula na superficie,0,conforme padrao,True,caracteristico,,False
DLR-2403-039,Detergente Liquido para Roupas,3,Geladeira 5C,90,10.05,1.021,-0.023,0.0,0.046,0.039,0,"liquido homogeneo, limpido",0,conforme padrao,True,caracteristico,,False
DLR-2403-039,Detergente Liquido para Roupas,3,Luz Solar,7,10.02,1.024,-0.281,0.0,0.873,0.695,0,"liquido homogeneo, levemente opalescente",0,conforme padrao,True,caracteristico do produto,,False
DLR-2403-039,Detergente Liquido para Roupas,3,Luz Solar,15,10.07,1.023,-0.565,0.0,1.719,1.369,0,"liquido homogeneo, levemente opalescente",1,"levemente diferente do padrao, conforme",True,caracteristico,,False
DLR-2403-039,Detergente Liquido para Roupas,3,Luz Solar,30,10.05,1.019,-1.012,0.0,2.961,2.358,1,"homogeneo, leve turvacao em relacao ao padrao",2,perceptivelmente mais escura que o padrao,True,caracteristico,,False
DLR-2403-039,Detergente Liquido para Roupas,3,Luz Solar,60,9.95,1.022,-1.654,0.0,4.546,3.62,1,"homogeneo, leve turvacao em relacao ao padrao",3,amarelada em relacao ao padrao,True,caracteristico,,False
DLR-2403-039,Detergente Liquido para Roupas,3,Luz Solar,90,9.97,1.025,-2.082,0.0,5.457,4.35,0,"liquido homogeneo, limpido",3,amarelada em relacao ao padrao,True,caracteristico do produto,,False
LMU-2403-040,Limpador Multiuso Alcalino,3,Ambiente Escuro 25C,7,10.21,1.014,-0.021,0.0,0.042,0.03,2,"leve cremeacao na superficie, porem conforme",0,conforme padrao,True,caracteristico do produto,,False
LMU-2403-040,Limpador Multiuso Alcalino,3,Ambiente Escuro 25C,15,10.14,1.012,-0.045,0.0,0.09,0.064,2,"cremeacao visivel na superficie, reversivel a agitacao",0,conforme padrao,True,caracteristico,,False
LMU-2403-040,Limpador Multiuso Alcalino,3,Ambiente Escuro 25C,30,10.18,1.011,-0.09,0.0,0.18,0.129,2,"cremeacao visivel na superficie, reversivel a agitacao",0,conforme padrao,True,caracteristico do produto,,False
LMU-2403-040,Limpador Multiuso Alcalino,3,Ambiente Escuro 25C,60,10.14,1.014,-0.18,0.0,0.36,0.257,2,"cremeacao visivel na superficie, reversivel a agitacao",0,conforme padrao,True,caracteristico do produto,,False
LMU-2403-040,Limpador Multiuso Alcalino,3,Ambiente Escuro 25C,90,10.11,1.015,-0.27,0.0,0.54,0.385,2,"leve cremeacao na superficie, porem conforme",0,conforme padrao,True,caracteristico do produto,,False
LMU-2403-040,Limpador Multiuso Alcalino,3,Estufa 40C,7,10.2,1.011,-0.099,0.0,0.197,0.141,1,liquido homogeneo com leve pelicula na superficie,0,conforme padrao,True,caracteristico,,False
LMU-2403-040,Limpador Multiuso Alcalino,3,Estufa 40C,15,10.16,1.013,-0.211,0.0,0.422,0.302,2,"leve cremeacao na superficie, porem conforme",0,conforme padrao,True,caracteristico do produto,,False
LMU-2403-040,Limpador Multiuso Alcalino,3,Estufa 40C,30,10.01,1.015,-0.422,0.0,0.845,0.602,3,"separacao parcial de fase, camada superior definida",0,conforme padrao,True,caracteristico,aspecto nao conforme,True
LMU-2403-040,Limpador Multiuso Alcalino,3,Estufa 40C,60,9.75,1.017,-0.845,0.0,1.689,1.199,4,quebra de emulsao com sobrenadante limpido,1,"levemente diferente do padrao, conforme",True,caracteristico,aspecto nao conforme,True
LMU-2403-040,Limpador Multiuso Alcalino,3,Estufa 40C,90,9.61,1.016,-1.267,0.0,2.534,1.791,4,separacao franca de fases; coalescencia evidente,2,perceptivelmente mais escura que o padrao,False,"caracteristico, porem alterado",aspecto nao conforme; odor alterado,True
LMU-2403-040,Limpador Multiuso Alcalino,3,Geladeira 5C,7,10.19,1.012,-0.002,0.0,0.004,0.003,2,"cremeacao visivel na superficie, reversivel a agitacao",0,conforme padrao,True,caracteristico do produto,,False
LMU-2403-040,Limpador Multiuso Alcalino,3,Geladeira 5C,15,10.21,1.014,-0.004,0.0,0.009,0.006,2,"cremeacao visivel na superficie, reversivel a agitacao",0,conforme padrao,True,caracteristico do produto,,False
LMU-2403-040,Limpador Multiuso Alcalino,3,Geladeira 5C,30,10.2,1.013,-0.009,0.0,0.018,0.013,2,"cremeacao visivel na superficie, reversivel a agitacao",0,conforme padrao,True,caracteristico,,False
LMU-2403-040,Limpador Multiuso Alcalino,3,Geladeira 5C,60,10.28,1.011,-0.018,0.0,0.035,0.025,2,"cremeacao visivel na superficie, reversivel a agitacao",0,conforme padrao,True,caracteristico do produto,,False
LMU-2403-040,Limpador Multiuso Alcalino,3,Geladeira 5C,90,10.19,1.012,-0.027,0.0,0.053,0.038,1,liquido homogeneo com leve pelicula na superficie,0,conforme padrao,True,caracteristico do produto,,False
LMU-2403-040,Limpador Multiuso Alcalino,3,Luz Solar,7,10.28,1.012,-0.32,0.0,0.993,0.647,2,"cremeacao visivel na superficie, reversivel a agitacao",0,conforme padrao,True,caracteristico do produto,,False
LMU-2403-040,Limpador Multiuso Alcalino,3,Luz Solar,15,10.17,1.013,-0.644,0.0,1.955,1.27,2,"cremeacao visivel na superficie, reversivel a agitacao",1,"levemente diferente do padrao, conforme",True,caracteristico do produto,,False
LMU-2403-040,Limpador Multiuso Alcalino,3,Luz Solar,30,10.15,1.014,-1.152,0.0,3.369,2.181,2,"cremeacao visivel na superficie, reversivel a agitacao",2,perceptivelmente mais escura que o padrao,True,caracteristico do produto,,False
LMU-2403-040,Limpador Multiuso Alcalino,3,Luz Solar,60,10.05,1.014,-1.884,0.0,5.175,3.348,2,"cremeacao visivel na superficie, reversivel a agitacao",3,amarelada em relacao ao padrao,True,caracteristico do produto,,False
LMU-2403-040,Limpador Multiuso Alcalino,3,Luz Solar,90,9.93,1.014,-2.372,0.0,6.216,4.032,3,"separacao parcial de fase, camada superior definida",3,amarelada em relacao ao padrao,True,caracteristico do produto,aspecto nao conforme,True
DLL-2403-041,Detergente Liquido Lava-Loucas,3,Ambiente Escuro 25C,7,7.27,1.029,-0.017,0.0,0.034,0.018,1,liquido homogeneo com leve pelicula na superficie,0,conforme padrao,True,caracteristico,,False
DLL-2403-041,Detergente Liquido Lava-Loucas,3,Ambiente Escuro 25C,15,7.3,1.027,-0.036,0.0,0.072,0.04,1,"homogeneo, leve turvacao em relacao ao padrao",0,conforme padrao,True,caracteristico do produto,,False
DLL-2403-041,Detergente Liquido Lava-Loucas,3,Ambiente Escuro 25C,30,7.32,1.03,-0.072,0.0,0.144,0.079,0,"liquido homogeneo, limpido",0,conforme padrao,True,caracteristico do produto,,False
DLL-2403-041,Detergente Liquido Lava-Loucas,3,Ambiente Escuro 25C,60,7.31,1.03,-0.144,0.0,0.288,0.158,0,"liquido homogeneo, sem alteracao",0,conforme padrao,True,caracteristico,,False
DLL-2403-041,Detergente Liquido Lava-Loucas,3,Ambiente Escuro 25C,90,7.23,1.028,-0.216,0.0,0.432,0.237,0,"liquido homogeneo, levemente opalescente",0,conforme padrao,True,caracteristico,,False
DLL-2403-041,Detergente Liquido Lava-Loucas,3,Estufa 40C,7,7.28,1.029,-0.079,0.0,0.158,0.087,0,"liquido homogeneo, sem alteracao",0,conforme padrao,True,caracteristico do produto,,False
DLL-2403-041,Detergente Liquido Lava-Loucas,3,Estufa 40C,15,7.24,1.035,-0.169,0.0,0.338,0.186,0,"liquido homogeneo, sem alteracao",0,conforme padrao,True,caracteristico do produto,,False
DLL-2403-041,Detergente Liquido Lava-Loucas,3,Estufa 40C,30,7.19,1.028,-0.338,0.0,0.676,0.371,0,"liquido homogeneo, sem alteracao",0,conforme padrao,True,caracteristico,,False
DLL-2403-041,Detergente Liquido Lava-Loucas,3,Estufa 40C,60,7.06,1.032,-0.676,0.0,1.351,0.738,0,"liquido homogeneo, limpido",0,conforme padrao,True,caracteristico do produto,,False
DLL-2403-041,Detergente Liquido Lava-Loucas,3,Estufa 40C,90,7.0,1.034,-1.014,0.0,2.027,1.103,1,liquido homogeneo com leve pelicula na superficie,1,"levemente diferente do padrao, conforme",True,caracteristico do produto,,False
DLL-2403-041,Detergente Liquido Lava-Loucas,3,Geladeira 5C,7,7.28,1.032,-0.002,0.0,0.003,0.002,0,"liquido homogeneo, limpido",0,conforme padrao,True,caracteristico do produto,,False
DLL-2403-041,Detergente Liquido Lava-Loucas,3,Geladeira 5C,15,7.33,1.028,-0.004,0.0,0.007,0.004,0,"liquido homogeneo, sem alteracao",0,conforme padrao,True,caracteristico,,False
DLL-2403-041,Detergente Liquido Lava-Loucas,3,Geladeira 5C,30,7.26,1.028,-0.007,0.0,0.014,0.008,1,liquido homogeneo com leve pelicula na superficie,0,conforme padrao,True,caracteristico,,False
DLL-2403-041,Detergente Liquido Lava-Loucas,3,Geladeira 5C,60,7.31,1.029,-0.014,0.0,0.028,0.016,1,"homogeneo, leve turvacao em relacao ao padrao",0,conforme padrao,True,caracteristico,,False
DLL-2403-041,Detergente Liquido Lava-Loucas,3,Geladeira 5C,90,7.31,1.028,-0.021,0.0,0.042,0.023,0,"liquido homogeneo, levemente opalescente",0,conforme padrao,True,caracteristico,,False
DLL-2403-041,Detergente Liquido Lava-Loucas,3,Luz Solar,7,7.32,1.03,-0.256,0.0,0.794,0.39,0,"liquido homogeneo, sem alteracao",0,conforme padrao,True,caracteristico,,False
DLL-2403-041,Detergente Liquido Lava-Loucas,3,Luz Solar,15,7.26,1.029,-0.515,0.0,1.564,0.766,0,"liquido homogeneo, sem alteracao",0,conforme padrao,True,caracteristico do produto,,False
DLL-2403-041,Detergente Liquido Lava-Loucas,3,Luz Solar,30,7.24,1.031,-0.921,0.0,2.695,1.317,0,"liquido homogeneo, levemente opalescente",1,"levemente diferente do padrao, conforme",True,caracteristico do produto,,False
DLL-2403-041,Detergente Liquido Lava-Loucas,3,Luz Solar,60,7.26,1.032,-1.507,0.0,4.14,2.029,1,liquido homogeneo com leve pelicula na superficie,2,perceptivelmente mais escura que o padrao,True,caracteristico,,False
DLL-2403-041,Detergente Liquido Lava-Loucas,3,Luz Solar,90,7.16,1.03,-1.898,0.0,4.972,2.45,0,"liquido homogeneo, levemente opalescente",2,perceptivelmente mais escura que o padrao,True,caracteristico do produto,,False
DLR-2403-042,Detergente Liquido para Roupas,3,Ambiente Escuro 25C,7,9.31,1.021,-0.018,0.0,0.036,0.031,1,liquido homogeneo com leve pelicula na superficie,0,conforme padrao,True,caracteristico,,False
DLR-2403-042,Detergente Liquido para Roupas,3,Ambiente Escuro 25C,15,9.33,1.022,-0.039,0.0,0.078,0.066,2,"cremeacao visivel na superficie, reversivel a agitacao",0,conforme padrao,True,caracteristico,,False
DLR-2403-042,Detergente Liquido para Roupas,3,Ambiente Escuro 25C,30,9.25,1.022,-0.078,0.0,0.156,0.133,2,"cremeacao visivel na superficie, reversivel a agitacao",0,conforme padrao,True,caracteristico do produto,,False
DLR-2403-042,Detergente Liquido para Roupas,3,Ambiente Escuro 25C,60,9.27,1.023,-0.156,0.0,0.312,0.266,2,"leve cremeacao na superficie, porem conforme",0,conforme padrao,True,caracteristico do produto,,False
DLR-2403-042,Detergente Liquido para Roupas,3,Ambiente Escuro 25C,90,9.23,1.024,-0.234,0.0,0.468,0.398,2,"leve cremeacao na superficie, porem conforme",0,conforme padrao,True,caracteristico do produto,,False
DLR-2403-042,Detergente Liquido para Roupas,3,Estufa 40C,7,9.3,1.026,-0.085,0.0,0.171,0.145,2,"leve cremeacao na superficie, porem conforme",0,conforme padrao,True,caracteristico,,False
DLR-2403-042,Detergente Liquido para Roupas,3,Estufa 40C,15,9.29,1.024,-0.183,0.0,0.366,0.312,2,"cremeacao visivel na superficie, reversivel a agitacao",0,conforme padrao,True,caracteristico,,False
DLR-2403-042,Detergente Liquido para Roupas,3,Estufa 40C,30,9.16,1.025,-0.366,0.0,0.732,0.623,2,"leve cremeacao na superficie, porem conforme",0,conforme padrao,True,caracteristico,,False
DLR-2403-042,Detergente Liquido para Roupas,3,Estufa 40C,60,9.01,1.025,-0.732,0.0,1.464,1.245,2,"leve cremeacao na superficie, porem conforme",1,"levemente diferente do padrao, conforme",True,caracteristico,,False
DLR-2403-042,Detergente Liquido para Roupas,3,Estufa 40C,90,8.84,1.025,-1.098,0.0,2.196,1.865,3,sedimento no fundo nao reincorporavel,2,perceptivelmente mais escura que o padrao,True,caracteristico do produto,aspecto nao conforme,True
DLR-2403-042,Detergente Liquido para Roupas,3,Geladeira 5C,7,9.33,1.022,-0.002,0.0,0.004,0.003,2,"leve cremeacao na superficie, porem conforme",0,conforme padrao,True,caracteristico do produto,,False
DLR-2403-042,Detergente Liquido para Roupas,3,Geladeira 5C,15,9.41,1.022,-0.004,0.0,0.008,0.007,2,"leve cremeacao na superficie, porem conforme",0,conforme padrao,True,caracteristico do produto,,False
DLR-2403-042,Detergente Liquido para Roupas,3,Geladeira 5C,30,9.36,1.022,-0.008,0.0,0.015,0.013,2,"leve cremeacao na superficie, porem conforme",0,conforme padrao,True,caracteristico,,False
DLR-2403-042,Detergente Liquido para Roupas,3,Geladeira 5C,60,9.38,1.022,-0.015,0.0,0.031,0.026,1,"homogeneo, leve turvacao em relacao ao padrao",0,conforme padrao,True,caracteristico,,False
DLR-2403-042,Detergente Liquido para Roupas,3,Geladeira 5C,90,9.32,1.022,-0.023,0.0,0.046,0.039,2,"cremeacao visivel na superficie, reversivel a agitacao",0,conforme padrao,True,caracteristico do produto,,False
DLR-2403-042,Detergente Liquido para Roupas,3,Luz Solar,7,9.32,1.022,-0.281,0.0,0.873,0.708,2,"leve cremeacao na superficie, porem conforme",0,conforme padrao,True,caracteristico do produto,,False
DLR-2403-042,Detergente Liquido para Roupas,3,Luz Solar,15,9.25,1.022,-0.565,0.0,1.719,1.394,2,"leve cremeacao na superficie, porem conforme",1,"levemente diferente do padrao, conforme",True,caracteristico,,False
DLR-2403-042,Detergente Liquido para Roupas,3,Luz Solar,30,9.27,1.022,-1.012,0.0,2.961,2.402,1,"homogeneo, leve turvacao em relacao ao padrao",2,perceptivelmente mais escura que o padrao,True,caracteristico do produto,,False
DLR-2403-042,Detergente Liquido para Roupas,3,Luz Solar,60,9.25,1.023,-1.654,0.0,4.546,3.688,2,"cremeacao visivel na superficie, reversivel a agitacao",3,amarelada em relacao ao padrao,True,caracteristico,,False
DLR-2403-042,Detergente Liquido para Roupas,3,Luz Solar,90,9.14,1.025,-2.082,0.0,5.457,4.431,3,sedimento no fundo nao reincorporavel,3,amarelada em relacao ao padrao,True,caracteristico do produto,aspecto nao conforme,True
DLL-2403-043,Detergente Liquido Lava-Loucas,3,Ambiente Escuro 25C,7,7.59,1.036,-0.017,0.0,0.034,0.019,1,liquido homogeneo com leve pelicula na superficie,0,conforme padrao,True,caracteristico do produto,,False
DLL-2403-043,Detergente Liquido Lava-Loucas,3,Ambiente Escuro 25C,15,7.57,1.035,-0.036,0.0,0.072,0.04,1,liquido homogeneo com leve pelicula na superficie,0,conforme padrao,True,caracteristico,,False
DLL-2403-043,Detergente Liquido Lava-Loucas,3,Ambiente Escuro 25C,30,7.61,1.038,-0.072,0.0,0.144,0.08,2,"cremeacao visivel na superficie, reversivel a agitacao",0,conforme padrao,True,caracteristico do produto,,False
DLL-2403-043,Detergente Liquido Lava-Loucas,3,Ambiente Escuro 25C,60,7.53,1.035,-0.144,0.0,0.288,0.16,1,"homogeneo, leve turvacao em relacao ao padrao",0,conforme padrao,True,caracteristico do produto,,False
DLL-2403-043,Detergente Liquido Lava-Loucas,3,Ambiente Escuro 25C,90,7.52,1.038,-0.216,0.0,0.432,0.24,2,"leve cremeacao na superficie, porem conforme",0,conforme padrao,True,caracteristico,,False
DLL-2403-043,Detergente Liquido Lava-Loucas,3,Estufa 40C,7,7.59,1.037,-0.079,0.0,0.158,0.088,1,liquido homogeneo com leve pelicula na superficie,0,conforme padrao,True,caracteristico do produto,,False
DLL-2403-043,Detergente Liquido Lava-Loucas,3,Estufa 40C,15,7.55,1.035,-0.169,0.0,0.338,0.188,2,"cremeacao visivel na superficie, reversivel a agitacao",0,conforme padrao,True,caracteristico,,False
DLL-2403-043,Detergente Liquido Lava-Loucas,3,Estufa 40C,30,7.48,1.039,-0.338,0.0,0.676,0.375,2,"cremeacao visivel na superficie, reversivel a agitacao",0,conforme padrao,True,caracteristico do produto,,False
DLL-2403-043,Detergente Liquido Lava-Loucas,3,Estufa 40C,60,7.35,1.038,-0.676,0.0,1.351,0.747,2,"cremeacao visivel na superficie, reversivel a agitacao",0,conforme padrao,True,caracteristico,,False
DLL-2403-043,Detergente Liquido Lava-Loucas,3,Estufa 40C,90,7.19,1.04,-1.014,0.0,2.027,1.116,2,"cremeacao visivel na superficie, reversivel a agitacao",1,"levemente diferente do padrao, conforme",True,caracteristico,,False
DLL-2403-043,Detergente Liquido Lava-Loucas,3,Geladeira 5C,7,7.57,1.037,-0.002,0.0,0.003,0.002,2,"leve cremeacao na superficie, porem conforme",0,conforme padrao,True,caracteristico do produto,,False
DLL-2403-043,Detergente Liquido Lava-Loucas,3,Geladeira 5C,15,7.6,1.034,-0.004,0.0,0.007,0.004,2,"leve cremeacao na superficie, porem conforme",0,conforme padrao,True,caracteristico,,False
DLL-2403-043,Detergente Liquido Lava-Loucas,3,Geladeira 5C,30,7.56,1.037,-0.007,0.0,0.014,0.008,2,"leve cremeacao na superficie, porem conforme",0,conforme padrao,True,caracteristico do produto,,False
DLL-2403-043,Detergente Liquido Lava-Loucas,3,Geladeira 5C,60,7.62,1.036,-0.014,0.0,0.028,0.016,1,liquido homogeneo com leve pelicula na superficie,0,conforme padrao,True,caracteristico do produto,,False
DLL-2403-043,Detergente Liquido Lava-Loucas,3,Geladeira 5C,90,7.57,1.034,-0.021,0.0,0.042,0.024,2,"leve cremeacao na superficie, porem conforme",0,conforme padrao,True,caracteristico,,False
DLL-2403-043,Detergente Liquido Lava-Loucas,3,Luz Solar,7,7.61,1.034,-0.256,0.0,0.794,0.396,1,liquido homogeneo com leve pelicula na superficie,0,conforme padrao,True,caracteristico do produto,,False
DLL-2403-043,Detergente Liquido Lava-Loucas,3,Luz Solar,15,7.55,1.034,-0.515,0.0,1.564,0.778,1,liquido homogeneo com leve pelicula na superficie,0,conforme padrao,True,caracteristico do produto,,False
DLL-2403-043,Detergente Liquido Lava-Loucas,3,Luz Solar,30,7.53,1.033,-0.921,0.0,2.695,1.338,2,"leve cremeacao na superficie, porem conforme",1,"levemente diferente do padrao, conforme",True,caracteristico,,False
DLL-2403-043,Detergente Liquido Lava-Loucas,3,Luz Solar,60,7.49,1.033,-1.507,0.0,4.14,2.058,2,"cremeacao visivel na superficie, reversivel a agitacao",2,perceptivelmente mais escura que o padrao,True,caracteristico do produto,,False
DLL-2403-043,Detergente Liquido Lava-Loucas,3,Luz Solar,90,7.4,1.036,-1.898,0.0,4.972,2.484,2,"leve cremeacao na superficie, porem conforme",2,perceptivelmente mais escura que o padrao,True,caracteristico do produto,,False
DES-2403-044,Desinfetante Quaternario Concentrado,3,Ambiente Escuro 25C,7,6.87,1.009,-0.015,0.0,0.031,0.018,2,"cremeacao visivel na superficie, reversivel a agitacao",0,conforme padrao,True,caracteristico,,False
DES-2403-044,Desinfetante Quaternario Concentrado,3,Ambiente Escuro 25C,15,6.83,1.008,-0.033,0.0,0.066,0.038,2,"cremeacao visivel na superficie, reversivel a agitacao",0,conforme padrao,True,caracteristico do produto,,False
DES-2403-044,Desinfetante Quaternario Concentrado,3,Ambiente Escuro 25C,30,6.82,1.01,-0.066,0.0,0.132,0.076,2,"leve cremeacao na superficie, porem conforme",0,conforme padrao,True,caracteristico do produto,,False
DES-2403-044,Desinfetante Quaternario Concentrado,3,Ambiente Escuro 25C,60,6.73,1.009,-0.132,0.0,0.264,0.152,2,"cremeacao visivel na superficie, reversivel a agitacao",0,conforme padrao,True,caracteristico do produto,,False
DES-2403-044,Desinfetante Quaternario Concentrado,3,Ambiente Escuro 25C,90,6.73,1.007,-0.198,0.0,0.396,0.228,3,"separacao parcial de fase, camada superior definida",0,conforme padrao,True,caracteristico do produto,aspecto nao conforme,True
DES-2403-044,Desinfetante Quaternario Concentrado,3,Estufa 40C,7,6.83,1.009,-0.072,0.0,0.145,0.083,2,"leve cremeacao na superficie, porem conforme",0,conforme padrao,True,caracteristico do produto,,False
DES-2403-044,Desinfetante Quaternario Concentrado,3,Estufa 40C,15,6.75,1.01,-0.155,0.0,0.31,0.178,2,"leve cremeacao na superficie, porem conforme",0,conforme padrao,True,caracteristico do produto,,False
DES-2403-044,Desinfetante Quaternario Concentrado,3,Estufa 40C,30,6.66,1.009,-0.31,0.0,0.619,0.358,2,"cremeacao visivel na superficie, reversivel a agitacao",0,conforme padrao,True,caracteristico,,False
DES-2403-044,Desinfetante Quaternario Concentrado,3,Estufa 40C,60,6.57,1.014,-0.619,0.0,1.239,0.72,2,"leve cremeacao na superficie, porem conforme",0,conforme padrao,True,caracteristico,,False
DES-2403-044,Desinfetante Quaternario Concentrado,3,Estufa 40C,90,6.44,1.013,-0.929,0.0,1.858,1.087,4,quebra de emulsao com sobrenadante limpido,1,"levemente diferente do padrao, conforme",True,caracteristico,aspecto nao conforme,True
DES-2403-044,Desinfetante Quaternario Concentrado,3,Geladeira 5C,7,6.78,1.006,-0.002,0.0,0.003,0.002,2,"cremeacao visivel na superficie, reversivel a agitacao",0,conforme padrao,True,caracteristico do produto,,False
DES-2403-044,Desinfetante Quaternario Concentrado,3,Geladeira 5C,15,6.85,1.008,-0.003,0.0,0.006,0.004,1,liquido homogeneo com leve pelicula na superficie,0,conforme padrao,True,caracteristico,,False
DES-2403-044,Desinfetante Quaternario Concentrado,3,Geladeira 5C,30,6.8,1.008,-0.006,0.0,0.013,0.007,2,"cremeacao visivel na superficie, reversivel a agitacao",0,conforme padrao,True,caracteristico do produto,,False
DES-2403-044,Desinfetante Quaternario Concentrado,3,Geladeira 5C,60,6.86,1.009,-0.013,0.0,0.026,0.015,2,"leve cremeacao na superficie, porem conforme",0,conforme padrao,True,caracteristico,,False
DES-2403-044,Desinfetante Quaternario Concentrado,3,Geladeira 5C,90,6.8,1.008,-0.019,0.0,0.039,0.022,1,"homogeneo, leve turvacao em relacao ao padrao",0,conforme padrao,True,caracteristico do produto,,False
DES-2403-044,Desinfetante Quaternario Concentrado,3,Luz Solar,7,6.84,1.012,-0.344,0.0,1.084,0.525,1,"homogeneo, leve turvacao em relacao ao padrao",0,conforme padrao,True,caracteristico,,False
DES-2403-044,Desinfetante Quaternario Concentrado,3,Luz Solar,15,6.81,1.008,-0.691,0.0,2.131,1.053,1,"homogeneo, leve turvacao em relacao ao padrao",1,"levemente diferente do padrao, conforme",True,caracteristico,,False
DES-2403-044,Desinfetante Quaternario Concentrado,3,Luz Solar,30,6.81,1.011,-1.231,0.0,3.655,1.865,2,"cremeacao visivel na superficie, reversivel a agitacao",2,perceptivelmente mais escura que o padrao,True,caracteristico do produto,,False
DES-2403-044,Desinfetante Quaternario Concentrado,3,Luz Solar,60,6.73,1.01,-1.991,0.0,5.559,2.97,2,"cremeacao visivel na superficie, reversivel a agitacao",2,perceptivelmente mais escura que o padrao,True,caracteristico do produto,,False
DES-2403-044,Desinfetante Quaternario Concentrado,3,Luz Solar,90,6.73,1.013,-2.479,0.0,6.606,3.636,3,sedimento no fundo nao reincorporavel,3,amarelada em relacao ao padrao,True,caracteristico do produto,aspecto nao conforme,True
DLR-2404-045,Detergente Liquido para Roupas,3,Ambiente Escuro 25C,7,9.66,1.03,-0.018,0.0,0.036,0.031,0,"liquido homogeneo, sem alteracao",0,conforme padrao,True,caracteristico,,False
DLR-2404-045,Detergente Liquido para Roupas,3,Ambiente Escuro 25C,15,9.64,1.026,-0.039,0.0,0.078,0.066,0,"liquido homogeneo, limpido",0,conforme padrao,True,caracteristico,,False
DLR-2404-045,Detergente Liquido para Roupas,3,Ambiente Escuro 25C,30,9.64,1.026,-0.078,0.0,0.156,0.132,0,"liquido homogeneo, sem alteracao",0,conforme padrao,True,caracteristico,,False
DLR-2404-045,Detergente Liquido para Roupas,3,Ambiente Escuro 25C,60,9.59,1.028,-0.156,0.0,0.312,0.265,0,"liquido homogeneo, limpido",0,conforme padrao,True,caracteristico do produto,,False
DLR-2404-045,Detergente Liquido para Roupas,3,Ambiente Escuro 25C,90,9.56,1.026,-0.234,0.0,0.468,0.397,0,"liquido homogeneo, sem alteracao",0,conforme padrao,True,caracteristico do produto,,False
DLR-2404-045,Detergente Liquido para Roupas,3,Estufa 40C,7,9.67,1.026,-0.085,0.0,0.171,0.145,0,"liquido homogeneo, limpido",0,conforme padrao,True,caracteristico do produto,,False
DLR-2404-045,Detergente Liquido para Roupas,3,Estufa 40C,15,9.59,1.028,-0.183,0.0,0.366,0.31,0,"liquido homogeneo, levemente opalescente",0,conforme padrao,True,caracteristico do produto,,False
DLR-2404-045,Detergente Liquido para Roupas,3,Estufa 40C,30,9.61,1.025,-0.366,0.0,0.732,0.621,0,"liquido homogeneo, sem alteracao",0,conforme padrao,True,caracteristico,,False
DLR-2404-045,Detergente Liquido para Roupas,3,Estufa 40C,60,9.43,1.03,-0.732,0.0,1.464,1.24,0,"liquido homogeneo, levemente opalescente",1,"levemente diferente do padrao, conforme",True,caracteristico,,False
DLR-2404-045,Detergente Liquido para Roupas,3,Estufa 40C,90,9.36,1.032,-1.098,0.0,2.196,1.857,0,"liquido homogeneo, sem alteracao",2,perceptivelmente mais escura que o padrao,True,caracteristico do produto,,False
DLR-2404-045,Detergente Liquido para Roupas,3,Geladeira 5C,7,9.63,1.024,-0.002,0.0,0.004,0.003,0,"liquido homogeneo, sem alteracao",0,conforme padrao,True,caracteristico do produto,,False
DLR-2404-045,Detergente Liquido para Roupas,3,Geladeira 5C,15,9.61,1.028,-0.004,0.0,0.008,0.007,0,"liquido homogeneo, levemente opalescente",0,conforme padrao,True,caracteristico do produto,,False
DLR-2404-045,Detergente Liquido para Roupas,3,Geladeira 5C,30,9.62,1.027,-0.008,0.0,0.015,0.013,1,"homogeneo, leve turvacao em relacao ao padrao",0,conforme padrao,True,caracteristico do produto,,False
DLR-2404-045,Detergente Liquido para Roupas,3,Geladeira 5C,60,9.65,1.025,-0.015,0.0,0.031,0.026,0,"liquido homogeneo, levemente opalescente",0,conforme padrao,True,caracteristico do produto,,False
DLR-2404-045,Detergente Liquido para Roupas,3,Geladeira 5C,90,9.58,1.026,-0.023,0.0,0.046,0.039,0,"liquido homogeneo, sem alteracao",0,conforme padrao,True,caracteristico,,False
DLR-2404-045,Detergente Liquido para Roupas,3,Luz Solar,7,9.61,1.026,-0.281,0.0,0.873,0.704,1,liquido homogeneo com leve pelicula na superficie,0,conforme padrao,True,caracteristico,,False
DLR-2404-045,Detergente Liquido para Roupas,3,Luz Solar,15,9.59,1.026,-0.565,0.0,1.719,1.386,0,"liquido homogeneo, sem alteracao",1,"levemente diferente do padrao, conforme",True,caracteristico do produto,,False
DLR-2404-045,Detergente Liquido para Roupas,3,Luz Solar,30,9.64,1.028,-1.012,0.0,2.961,2.387,0,"liquido homogeneo, limpido",2,perceptivelmente mais escura que o padrao,True,caracteristico do produto,,False
DLR-2404-045,Detergente Liquido para Roupas,3,Luz Solar,60,9.59,1.028,-1.654,0.0,4.546,3.663,0,"liquido homogeneo, levemente opalescente",3,amarelada em relacao ao padrao,True,caracteristico do produto,,False
DLR-2404-045,Detergente Liquido para Roupas,3,Luz Solar,90,9.56,1.027,-2.082,0.0,5.457,4.4,0,"liquido homogeneo, levemente opalescente",3,amarelada em relacao ao padrao,True,caracteristico,,False
DLR-2404-046,Detergente Liquido para Roupas,3,Ambiente Escuro 25C,7,9.31,1.02,-0.018,0.0,0.036,0.031,0,"liquido homogeneo, levemente opalescente",0,conforme padrao,True,caracteristico,,False
DLR-2404-046,Detergente Liquido para Roupas,3,Ambiente Escuro 25C,15,9.27,1.024,-0.039,0.0,0.078,0.066,0,"liquido homogeneo, sem alteracao",0,conforme padrao,True,caracteristico do produto,,False
DLR-2404-046,Detergente Liquido para Roupas,3,Ambiente Escuro 25C,30,9.24,1.021,-0.078,0.0,0.156,0.132,1,liquido homogeneo com leve pelicula na superficie,0,conforme padrao,True,caracteristico do produto,,False
DLR-2404-046,Detergente Liquido para Roupas,3,Ambiente Escuro 25C,60,9.28,1.023,-0.156,0.0,0.312,0.264,0,"liquido homogeneo, limpido",0,conforme padrao,True,caracteristico do produto,,False
DLR-2404-046,Detergente Liquido para Roupas,3,Ambiente Escuro 25C,90,9.24,1.021,-0.234,0.0,0.468,0.396,1,liquido homogeneo com leve pelicula na superficie,0,conforme padrao,True,caracteristico,,False
DLR-2404-046,Detergente Liquido para Roupas,3,Estufa 40C,7,9.24,1.02,-0.085,0.0,0.171,0.144,1,liquido homogeneo com leve pelicula na superficie,0,conforme padrao,True,caracteristico do produto,,False
DLR-2404-046,Detergente Liquido para Roupas,3,Estufa 40C,15,9.24,1.024,-0.183,0.0,0.366,0.31,1,"homogeneo, leve turvacao em relacao ao padrao",0,conforme padrao,True,caracteristico do produto,,False
DLR-2404-046,Detergente Liquido para Roupas,3,Estufa 40C,30,9.18,1.022,-0.366,0.0,0.732,0.619,0,"liquido homogeneo, limpido",0,conforme padrao,True,caracteristico,,False
DLR-2404-046,Detergente Liquido para Roupas,3,Estufa 40C,60,9.02,1.025,-0.732,0.0,1.464,1.237,1,liquido homogeneo com leve pelicula na superficie,1,"levemente diferente do padrao, conforme",True,caracteristico,,False
DLR-2404-046,Detergente Liquido para Roupas,3,Estufa 40C,90,8.96,1.028,-1.098,0.0,2.196,1.852,1,"homogeneo, leve turvacao em relacao ao padrao",2,perceptivelmente mais escura que o padrao,True,caracteristico,,False
DLR-2404-046,Detergente Liquido para Roupas,3,Geladeira 5C,7,9.24,1.023,-0.002,0.0,0.004,0.003,1,"homogeneo, leve turvacao em relacao ao padrao",0,conforme padrao,True,caracteristico,,False
DLR-2404-046,Detergente Liquido para Roupas,3,Geladeira 5C,15,9.25,1.02,-0.004,0.0,0.008,0.006,1,"homogeneo, leve turvacao em relacao ao padrao",0,conforme padrao,True,caracteristico,,False
DLR-2404-046,Detergente Liquido para Roupas,3,Geladeira 5C,30,9.28,1.023,-0.008,0.0,0.015,0.013,1,liquido homogeneo com leve pelicula na superficie,0,conforme padrao,True,caracteristico do produto,,False
DLR-2404-046,Detergente Liquido para Roupas,3,Geladeira 5C,60,9.31,1.021,-0.015,0.0,0.031,0.026,0,"liquido homogeneo, sem alteracao",0,conforme padrao,True,caracteristico,,False
DLR-2404-046,Detergente Liquido para Roupas,3,Geladeira 5C,90,9.24,1.021,-0.023,0.0,0.046,0.039,1,"homogeneo, leve turvacao em relacao ao padrao",0,conforme padrao,True,caracteristico do produto,,False
DLR-2404-046,Detergente Liquido para Roupas,3,Luz Solar,7,9.25,1.024,-0.281,0.0,0.873,0.702,1,"homogeneo, leve turvacao em relacao ao padrao",0,conforme padrao,True,caracteristico do produto,,False
DLR-2404-046,Detergente Liquido para Roupas,3,Luz Solar,15,9.31,1.02,-0.565,0.0,1.719,1.382,1,liquido homogeneo com leve pelicula na superficie,1,"levemente diferente do padrao, conforme",True,caracteristico do produto,,False
DLR-2404-046,Detergente Liquido para Roupas,3,Luz Solar,30,9.26,1.021,-1.012,0.0,2.961,2.381,1,"homogeneo, leve turvacao em relacao ao padrao",2,perceptivelmente mais escura que o padrao,True,caracteristico,,False
DLR-2404-046,Detergente Liquido para Roupas,3,Luz Solar,60,9.23,1.022,-1.654,0.0,4.546,3.655,0,"liquido homogeneo, levemente opalescente",3,amarelada em relacao ao padrao,True,caracteristico,,False
DLR-2404-046,Detergente Liquido para Roupas,3,Luz Solar,90,9.17,1.026,-2.082,0.0,5.457,4.391,1,liquido homogeneo com leve pelicula na superficie,3,amarelada em relacao ao padrao,True,caracteristico do produto,,False
DLL-2404-047,Detergente Liquido Lava-Loucas,3,Ambiente Escuro 25C,7,7.32,1.028,-0.017,0.0,0.034,0.019,2,"leve cremeacao na superficie, porem conforme",0,conforme padrao,True,caracteristico do produto,,False
DLL-2404-047,Detergente Liquido Lava-Loucas,3,Ambiente Escuro 25C,15,7.33,1.026,-0.036,0.0,0.072,0.04,1,liquido homogeneo com leve pelicula na superficie,0,conforme padrao,False,"caracteristico, porem alterado",odor alterado,True
DLL-2404-047,Detergente Liquido Lava-Loucas,3,Ambiente Escuro 25C,30,7.33,1.025,-0.072,0.0,0.144,0.08,2,"leve cremeacao na superficie, porem conforme",0,conforme padrao,True,caracteristico do produto,,False
DLL-2404-047,Detergente Liquido Lava-Loucas,3,Ambiente Escuro 25C,60,7.32,1.027,-0.144,0.0,0.288,0.161,2,"leve cremeacao na superficie, porem conforme",0,conforme padrao,True,caracteristico do produto,,False
DLL-2404-047,Detergente Liquido Lava-Loucas,3,Ambiente Escuro 25C,90,7.34,1.027,-0.216,0.0,0.432,0.241,2,"cremeacao visivel na superficie, reversivel a agitacao",0,conforme padrao,True,caracteristico do produto,,False
DLL-2404-047,Detergente Liquido Lava-Loucas,3,Estufa 40C,7,7.3,1.026,-0.079,0.0,0.158,0.088,1,liquido homogeneo com leve pelicula na superficie,0,conforme padrao,True,caracteristico do produto,,False
DLL-2404-047,Detergente Liquido Lava-Loucas,3,Estufa 40C,15,7.28,1.028,-0.169,0.0,0.338,0.189,1,liquido homogeneo com leve pelicula na superficie,0,conforme padrao,True,caracteristico,,False
DLL-2404-047,Detergente Liquido Lava-Loucas,3,Estufa 40C,30,7.25,1.028,-0.338,0.0,0.676,0.376,2,"cremeacao visivel na superficie, reversivel a agitacao",0,conforme padrao,True,caracteristico do produto,,False
DLL-2404-047,Detergente Liquido Lava-Loucas,3,Estufa 40C,60,7.07,1.028,-0.676,0.0,1.351,0.75,3,"separacao parcial de fase, camada superior definida",0,conforme padrao,True,caracteristico do produto,aspecto nao conforme,True
DLL-2404-047,Detergente Liquido Lava-Loucas,3,Estufa 40C,90,6.9,1.031,-1.014,0.0,2.027,1.12,3,sedimento no fundo nao reincorporavel,1,"levemente diferente do padrao, conforme",True,caracteristico do produto,aspecto nao conforme,True
DLL-2404-047,Detergente Liquido Lava-Loucas,3,Geladeira 5C,7,7.35,1.028,-0.002,0.0,0.003,0.002,1,liquido homogeneo com leve pelicula na superficie,0,conforme padrao,True,caracteristico,,False
DLL-2404-047,Detergente Liquido Lava-Loucas,3,Geladeira 5C,15,7.38,1.027,-0.004,0.0,0.007,0.004,2,"cremeacao visivel na superficie, reversivel a agitacao",0,conforme padrao,True,caracteristico do produto,,False
DLL-2404-047,Detergente Liquido Lava-Loucas,3,Geladeira 5C,30,7.4,1.027,-0.007,0.0,0.014,0.008,2,"leve cremeacao na superficie, porem conforme",0,conforme padrao,True,caracteristico do produto,,False
DLL-2404-047,Detergente Liquido Lava-Loucas,3,Geladeira 5C,60,7.37,1.026,-0.014,0.0,0.028,0.016,1,liquido homogeneo com leve pelicula na superficie,0,conforme padrao,True,caracteristico do produto,,False
DLL-2404-047,Detergente Liquido Lava-Loucas,3,Geladeira 5C,90,7.27,1.026,-0.021,0.0,0.042,0.024,1,"homogeneo, leve turvacao em relacao ao padrao",0,conforme padrao,True,caracteristico do produto,,False
DLL-2404-047,Detergente Liquido Lava-Loucas,3,Luz Solar,7,7.36,1.024,-0.256,0.0,0.794,0.397,2,"cremeacao visivel na superficie, reversivel a agitacao",0,conforme padrao,True,caracteristico do produto,,False
DLL-2404-047,Detergente Liquido Lava-Loucas,3,Luz Solar,15,7.34,1.027,-0.515,0.0,1.564,0.781,1,liquido homogeneo com leve pelicula na superficie,0,conforme padrao,True,caracteristico do produto,,False
DLL-2404-047,Detergente Liquido Lava-Loucas,3,Luz Solar,30,7.29,1.025,-0.921,0.0,2.695,1.342,1,liquido homogeneo com leve pelicula na superficie,1,"levemente diferente do padrao, conforme",True,caracteristico,,False
DLL-2404-047,Detergente Liquido Lava-Loucas,3,Luz Solar,60,7.22,1.027,-1.507,0.0,4.14,2.065,2,"leve cremeacao na superficie, porem conforme",2,perceptivelmente mais escura que o padrao,True,caracteristico do produto,,False
DLL-2404-047,Detergente Liquido Lava-Loucas,3,Luz Solar,90,7.24,1.03,-1.898,0.0,4.972,2.492,3,"separacao parcial de fase, camada superior definida",2,perceptivelmente mais escura que o padrao,True,caracteristico do produto,aspecto nao conforme,True
AMA-2404-048,Amaciante de Roupas (esterquat),3,Ambiente Escuro 25C,7,3.27,0.997,-0.02,0.0,0.039,0.034,0,"liquido homogeneo, levemente opalescente",0,conforme padrao,True,caracteristico,,False
AMA-2404-048,Amaciante de Roupas (esterquat),3,Ambiente Escuro 25C,15,3.27,0.998,-0.042,0.0,0.084,0.074,0,"liquido homogeneo, levemente opalescente",0,conforme padrao,True,caracteristico do produto,,False
AMA-2404-048,Amaciante de Roupas (esterquat),3,Ambiente Escuro 25C,30,3.26,0.999,-0.084,0.0,0.168,0.148,0,"liquido homogeneo, limpido",0,conforme padrao,True,caracteristico,,False
AMA-2404-048,Amaciante de Roupas (esterquat),3,Ambiente Escuro 25C,60,3.2,0.995,-0.168,0.0,0.336,0.296,0,"liquido homogeneo, limpido",0,conforme padrao,True,caracteristico do produto,,False
AMA-2404-048,Amaciante de Roupas (esterquat),3,Ambiente Escuro 25C,90,3.2,1.0,-0.252,0.0,0.504,0.445,0,"liquido homogeneo, levemente opalescente",0,conforme padrao,True,caracteristico do produto,,False
AMA-2404-048,Amaciante de Roupas (esterquat),3,Estufa 40C,7,3.23,0.999,-0.092,0.0,0.184,0.162,0,"liquido homogeneo, levemente opalescente",0,conforme padrao,True,caracteristico do produto,,False
AMA-2404-048,Amaciante de Roupas (esterquat),3,Estufa 40C,15,3.15,0.997,-0.197,0.0,0.394,0.347,0,"liquido homogeneo, sem alteracao",0,conforme padrao,True,caracteristico,,False
AMA-2404-048,Amaciante de Roupas (esterquat),3,Estufa 40C,30,3.13,0.997,-0.394,0.0,0.788,0.698,0,"liquido homogeneo, sem alteracao",0,conforme padrao,True,caracteristico do produto,,False
AMA-2404-048,Amaciante de Roupas (esterquat),3,Estufa 40C,60,2.99,1.0,-0.788,0.0,1.577,1.41,0,"liquido homogeneo, limpido",1,"levemente diferente do padrao, conforme",True,caracteristico,,False
AMA-2404-048,Amaciante de Roupas (esterquat),3,Estufa 40C,90,2.87,1.002,-1.182,0.0,2.365,2.135,0,"liquido homogeneo, limpido",2,perceptivelmente mais escura que o padrao,True,caracteristico,,False
AMA-2404-048,Amaciante de Roupas (esterquat),3,Geladeira 5C,7,3.25,0.996,-0.002,0.0,0.004,0.003,0,"liquido homogeneo, sem alteracao",0,conforme padrao,True,caracteristico do produto,,False
AMA-2404-048,Amaciante de Roupas (esterquat),3,Geladeira 5C,15,3.24,0.994,-0.004,0.0,0.008,0.007,0,"liquido homogeneo, levemente opalescente",0,conforme padrao,True,caracteristico,,False
AMA-2404-048,Amaciante de Roupas (esterquat),3,Geladeira 5C,30,3.33,0.996,-0.008,0.0,0.017,0.014,0,"liquido homogeneo, limpido",0,conforme padrao,True,caracteristico do produto,,False
AMA-2404-048,Amaciante de Roupas (esterquat),3,Geladeira 5C,60,3.3,0.995,-0.017,0.0,0.033,0.029,0,"liquido homogeneo, sem alteracao",0,conforme padrao,True,caracteristico do produto,,False
AMA-2404-048,Amaciante de Roupas (esterquat),3,Geladeira 5C,90,3.23,0.995,-0.025,0.0,0.05,0.043,0,"liquido homogeneo, sem alteracao",0,conforme padrao,True,caracteristico do produto,,False
AMA-2404-048,Amaciante de Roupas (esterquat),3,Luz Solar,7,3.24,0.997,-0.226,0.0,0.693,0.59,0,"liquido homogeneo, limpido",0,conforme padrao,True,caracteristico,,False
AMA-2404-048,Amaciante de Roupas (esterquat),3,Luz Solar,15,3.24,0.999,-0.457,0.0,1.368,1.177,0,"liquido homogeneo, levemente opalescente",1,"levemente diferente do padrao, conforme",True,caracteristico,,False
AMA-2404-048,Amaciante de Roupas (esterquat),3,Luz Solar,30,3.18,0.997,-0.822,0.0,2.369,2.069,0,"liquido homogeneo, limpido",2,perceptivelmente mais escura que o padrao,True,caracteristico do produto,,False
AMA-2404-048,Amaciante de Roupas (esterquat),3,Luz Solar,60,3.25,0.998,-1.359,0.0,3.674,3.266,0,"liquido homogeneo, sem alteracao",3,amarelada em relacao ao padrao,True,caracteristico do produto,,False
AMA-2404-048,Amaciante de Roupas (esterquat),3,Luz Solar,90,3.13,0.999,-1.73,0.0,4.46,4.001,0,"liquido homogeneo, sem alteracao",3,amarelada em relacao ao padrao,True,caracteristico,,False
DLL-2404-049,Detergente Liquido Lava-Loucas,3,Ambiente Escuro 25C,7,7.3,1.029,-0.017,0.0,0.034,0.019,1,liquido homogeneo com leve pelicula na superficie,0,conforme padrao,True,caracteristico do produto,,False
DLL-2404-049,Detergente Liquido Lava-Loucas,3,Ambiente Escuro 25C,15,7.31,1.026,-0.036,0.0,0.072,0.041,1,liquido homogeneo com leve pelicula na superficie,0,conforme padrao,True,caracteristico,,False
DLL-2404-049,Detergente Liquido Lava-Loucas,3,Ambiente Escuro 25C,30,7.24,1.03,-0.072,0.0,0.144,0.081,0,"liquido homogeneo, levemente opalescente",0,conforme padrao,True,caracteristico,,False
DLL-2404-049,Detergente Liquido Lava-Loucas,3,Ambiente Escuro 25C,60,7.24,1.033,-0.144,0.0,0.288,0.162,0,"liquido homogeneo, levemente opalescente",0,conforme padrao,True,caracteristico do produto,,False
DLL-2404-049,Detergente Liquido Lava-Loucas,3,Ambiente Escuro 25C,90,7.28,1.032,-0.216,0.0,0.432,0.243,0,"liquido homogeneo, levemente opalescente",0,conforme padrao,True,caracteristico do produto,,False
DLL-2404-049,Detergente Liquido Lava-Loucas,3,Estufa 40C,7,7.26,1.028,-0.079,0.0,0.158,0.089,0,"liquido homogeneo, sem alteracao",0,conforme padrao,True,caracteristico,,False
DLL-2404-049,Detergente Liquido Lava-Loucas,3,Estufa 40C,15,7.25,1.031,-0.169,0.0,0.338,0.19,1,liquido homogeneo com leve pelicula na superficie,0,conforme padrao,True,caracteristico,,False
DLL-2404-049,Detergente Liquido Lava-Loucas,3,Estufa 40C,30,7.18,1.032,-0.338,0.0,0.676,0.38,0,"liquido homogeneo, limpido",0,conforme padrao,True,caracteristico do produto,,False
DLL-2404-049,Detergente Liquido Lava-Loucas,3,Estufa 40C,60,7.12,1.033,-0.676,0.0,1.351,0.756,0,"liquido homogeneo, limpido",0,conforme padrao,True,caracteristico,,False
DLL-2404-049,Detergente Liquido Lava-Loucas,3,Estufa 40C,90,7.03,1.036,-1.014,0.0,2.027,1.129,1,liquido homogeneo com leve pelicula na superficie,1,"levemente diferente do padrao, conforme",True,caracteristico do produto,,False
DLL-2404-049,Detergente Liquido Lava-Loucas,3,Geladeira 5C,7,7.31,1.033,-0.002,0.0,0.003,0.002,0,"liquido homogeneo, sem alteracao",0,conforme padrao,True,caracteristico do produto,,False
DLL-2404-049,Detergente Liquido Lava-Loucas,3,Geladeira 5C,15,7.3,1.032,-0.004,0.0,0.007,0.004,1,"homogeneo, leve turvacao em relacao ao padrao",0,conforme padrao,True,caracteristico do produto,,False
DLL-2404-049,Detergente Liquido Lava-Loucas,3,Geladeira 5C,30,7.31,1.03,-0.007,0.0,0.014,0.008,1,liquido homogeneo com leve pelicula na superficie,0,conforme padrao,True,caracteristico do produto,,False
DLL-2404-049,Detergente Liquido Lava-Loucas,3,Geladeira 5C,60,7.31,1.029,-0.014,0.0,0.028,0.016,1,liquido homogeneo com leve pelicula na superficie,0,conforme padrao,True,caracteristico do produto,,False
DLL-2404-049,Detergente Liquido Lava-Loucas,3,Geladeira 5C,90,7.32,1.029,-0.021,0.0,0.042,0.024,1,liquido homogeneo com leve pelicula na superficie,0,conforme padrao,True,caracteristico do produto,,False
DLL-2404-049,Detergente Liquido Lava-Loucas,3,Luz Solar,7,7.28,1.029,-0.256,0.0,0.794,0.402,1,liquido homogeneo com leve pelicula na superficie,0,conforme padrao,True,caracteristico,,False
DLL-2404-049,Detergente Liquido Lava-Loucas,3,Luz Solar,15,7.35,1.03,-0.515,0.0,1.564,0.79,1,"homogeneo, leve turvacao em relacao ao padrao",0,conforme padrao,True,caracteristico,,False
DLL-2404-049,Detergente Liquido Lava-Loucas,3,Luz Solar,30,7.26,1.031,-0.921,0.0,2.695,1.357,0,"liquido homogeneo, sem alteracao",1,"levemente diferente do padrao, conforme",True,caracteristico do produto,,False
DLL-2404-049,Detergente Liquido Lava-Loucas,3,Luz Solar,60,7.22,1.033,-1.507,0.0,4.14,2.087,1,liquido homogeneo com leve pelicula na superficie,2,perceptivelmente mais escura que o padrao,True,caracteristico,,False
DLL-2404-049,Detergente Liquido Lava-Loucas,3,Luz Solar,90,7.19,1.032,-1.898,0.0,4.972,2.517,0,"liquido homogeneo, levemente opalescente",2,perceptivelmente mais escura que o padrao,True,caracteristico do produto,,False
DLR-2404-051,Detergente Liquido para Roupas,3,Ambiente Escuro 25C,7,9.32,1.027,-0.018,0.0,0.036,0.031,1,"homogeneo, leve turvacao em relacao ao padrao",0,conforme padrao,True,caracteristico,,False
DLR-2404-051,Detergente Liquido para Roupas,3,Ambiente Escuro 25C,15,9.31,1.028,-0.039,0.0,0.078,0.066,1,liquido homogeneo com leve pelicula na superficie,0,conforme padrao,True,caracteristico do produto,,False
DLR-2404-051,Detergente Liquido para Roupas,3,Ambiente Escuro 25C,30,9.23,1.031,-0.078,0.0,0.156,0.131,1,"homogeneo, leve turvacao em relacao ao padrao",0,conforme padrao,True,caracteristico do produto,,False
DLR-2404-051,Detergente Liquido para Roupas,3,Ambiente Escuro 25C,60,9.32,1.03,-0.156,0.0,0.312,0.262,1,"homogeneo, leve turvacao em relacao ao padrao",0,conforme padrao,True,caracteristico do produto,,False
DLR-2404-051,Detergente Liquido para Roupas,3,Ambiente Escuro 25C,90,9.25,1.03,-0.234,0.0,0.468,0.393,1,"homogeneo, leve turvacao em relacao ao padrao",0,conforme padrao,True,caracteristico do produto,,False
DLR-2404-051,Detergente Liquido para Roupas,3,Estufa 40C,7,9.36,1.029,-0.085,0.0,0.171,0.144,0,"liquido homogeneo, sem alteracao",0,conforme padrao,True,caracteristico do produto,,False
DLR-2404-051,Detergente Liquido para Roupas,3,Estufa 40C,15,9.32,1.028,-0.183,0.0,0.366,0.308,0,"liquido homogeneo, sem alteracao",0,conforme padrao,True,caracteristico,,False
DLR-2404-051,Detergente Liquido para Roupas,3,Estufa 40C,30,9.26,1.034,-0.366,0.0,0.732,0.615,1,liquido homogeneo com leve pelicula na superficie,0,conforme padrao,True,caracteristico,,False
DLR-2404-051,Detergente Liquido para Roupas,3,Estufa 40C,60,9.08,1.033,-0.732,0.0,1.464,1.229,1,"homogeneo, leve turvacao em relacao ao padrao",1,"levemente diferente do padrao, conforme",True,caracteristico,,False
DLR-2404-051,Detergente Liquido para Roupas,3,Estufa 40C,90,8.96,1.033,-1.098,0.0,2.196,1.84,1,liquido homogeneo com leve pelicula na superficie,2,perceptivelmente mais escura que o padrao,True,caracteristico,,False
DLR-2404-051,Detergente Liquido para Roupas,3,Geladeira 5C,7,9.36,1.028,-0.002,0.0,0.004,0.003,1,liquido homogeneo com leve pelicula na superficie,0,conforme padrao,True,caracteristico,,False
DLR-2404-051,Detergente Liquido para Roupas,3,Geladeira 5C,15,9.33,1.029,-0.004,0.0,0.008,0.006,1,"homogeneo, leve turvacao em relacao ao padrao",0,conforme padrao,True,caracteristico,,False
DLR-2404-051,Detergente Liquido para Roupas,3,Geladeira 5C,30,9.33,1.028,-0.008,0.0,0.015,0.013,1,"homogeneo, leve turvacao em relacao ao padrao",0,conforme padrao,True,caracteristico do produto,,False
DLR-2404-051,Detergente Liquido para Roupas,3,Geladeira 5C,60,9.37,1.028,-0.015,0.0,0.031,0.026,1,liquido homogeneo com leve pelicula na superficie,0,conforme padrao,True,caracteristico,,False
DLR-2404-051,Detergente Liquido para Roupas,3,Geladeira 5C,90,9.34,1.03,-0.023,0.0,0.046,0.039,1,"homogeneo, leve turvacao em relacao ao padrao",0,conforme padrao,True,caracteristico,,False
DLR-2404-051,Detergente Liquido para Roupas,3,Luz Solar,7,9.32,1.027,-0.281,0.0,0.873,0.697,0,"liquido homogeneo, limpido",0,conforme padrao,True,caracteristico do produto,,False
DLR-2404-051,Detergente Liquido para Roupas,3,Luz Solar,15,9.32,1.031,-0.565,0.0,1.719,1.372,1,liquido homogeneo com leve pelicula na superficie,1,"levemente diferente do padrao, conforme",True,caracteristico do produto,,False
DLR-2404-051,Detergente Liquido para Roupas,3,Luz Solar,30,9.29,1.03,-1.012,0.0,2.961,2.362,0,"liquido homogeneo, limpido",2,perceptivelmente mais escura que o padrao,True,caracteristico,,False
DLR-2404-051,Detergente Liquido para Roupas,3,Luz Solar,60,9.23,1.03,-1.654,0.0,4.546,3.625,1,"homogeneo, leve turvacao em relacao ao padrao",3,amarelada em relacao ao padrao,True,caracteristico,,False
DLR-2404-051,Detergente Liquido para Roupas,3,Luz Solar,90,9.21,1.032,-2.082,0.0,5.457,4.356,1,"homogeneo, leve turvacao em relacao ao padrao",3,amarelada em relacao ao padrao,True,caracteristico,,False
LMU-2404-053,Limpador Multiuso Alcalino,3,Ambiente Escuro 25C,7,10.01,1.018,-0.021,0.0,0.042,0.03,1,"homogeneo, leve turvacao em relacao ao padrao",0,conforme padrao,True,caracteristico,,False
LMU-2404-053,Limpador Multiuso Alcalino,3,Ambiente Escuro 25C,15,9.99,1.012,-0.045,0.0,0.09,0.064,0,"liquido homogeneo, sem alteracao",0,conforme padrao,True,caracteristico do produto,,False
LMU-2404-053,Limpador Multiuso Alcalino,3,Ambiente Escuro 25C,30,9.97,1.013,-0.09,0.0,0.18,0.128,1,liquido homogeneo com leve pelicula na superficie,0,conforme padrao,True,caracteristico,,False
LMU-2404-053,Limpador Multiuso Alcalino,3,Ambiente Escuro 25C,60,10.02,1.014,-0.18,0.0,0.36,0.256,1,"homogeneo, leve turvacao em relacao ao padrao",0,conforme padrao,True,caracteristico,,False
LMU-2404-053,Limpador Multiuso Alcalino,3,Ambiente Escuro 25C,90,9.94,1.013,-0.27,0.0,0.54,0.384,1,liquido homogeneo com leve pelicula na superficie,0,conforme padrao,True,caracteristico do produto,,False
LMU-2404-053,Limpador Multiuso Alcalino,3,Estufa 40C,7,9.96,1.012,-0.099,0.0,0.197,0.14,1,liquido homogeneo com leve pelicula na superficie,0,conforme padrao,True,caracteristico do produto,,False
LMU-2404-053,Limpador Multiuso Alcalino,3,Estufa 40C,15,9.93,1.014,-0.211,0.0,0.422,0.301,1,liquido homogeneo com leve pelicula na superficie,0,conforme padrao,True,caracteristico,,False
LMU-2404-053,Limpador Multiuso Alcalino,3,Estufa 40C,30,9.86,1.016,-0.422,0.0,0.845,0.6,1,"homogeneo, leve turvacao em relacao ao padrao",0,conforme padrao,True,caracteristico,,False
LMU-2404-053,Limpador Multiuso Alcalino,3,Estufa 40C,60,9.69,1.015,-0.845,0.0,1.689,1.195,1,liquido homogeneo com leve pelicula na superficie,1,"levemente diferente do padrao, conforme",True,caracteristico do produto,,False
LMU-2404-053,Limpador Multiuso Alcalino,3,Estufa 40C,90,9.54,1.018,-1.267,0.0,2.534,1.785,1,"homogeneo, leve turvacao em relacao ao padrao",2,perceptivelmente mais escura que o padrao,True,caracteristico do produto,,False
LMU-2404-053,Limpador Multiuso Alcalino,3,Geladeira 5C,7,10.02,1.012,-0.002,0.0,0.004,0.003,1,"homogeneo, leve turvacao em relacao ao padrao",0,conforme padrao,True,caracteristico,,False
LMU-2404-053,Limpador Multiuso Alcalino,3,Geladeira 5C,15,10.03,1.011,-0.004,0.0,0.009,0.006,1,liquido homogeneo com leve pelicula na superficie,0,conforme padrao,True,caracteristico,,False
LMU-2404-053,Limpador Multiuso Alcalino,3,Geladeira 5C,30,10.03,1.013,-0.009,0.0,0.018,0.013,1,liquido homogeneo com leve pelicula na superficie,0,conforme padrao,True,caracteristico,,False
LMU-2404-053,Limpador Multiuso Alcalino,3,Geladeira 5C,60,9.99,1.013,-0.018,0.0,0.035,0.025,1,liquido homogeneo com leve pelicula na superficie,0,conforme padrao,True,caracteristico,,False
LMU-2404-053,Limpador Multiuso Alcalino,3,Geladeira 5C,90,9.96,1.012,-0.027,0.0,0.053,0.038,1,"homogeneo, leve turvacao em relacao ao padrao",0,conforme padrao,True,caracteristico do produto,,False
LMU-2404-053,Limpador Multiuso Alcalino,3,Luz Solar,7,9.96,1.013,-0.32,0.0,0.993,0.643,1,liquido homogeneo com leve pelicula na superficie,0,conforme padrao,True,caracteristico do produto,,False
LMU-2404-053,Limpador Multiuso Alcalino,3,Luz Solar,15,9.99,1.014,-0.644,0.0,1.955,1.262,1,"homogeneo, leve turvacao em relacao ao padrao",1,"levemente diferente do padrao, conforme",True,caracteristico do produto,,False
LMU-2404-053,Limpador Multiuso Alcalino,3,Luz Solar,30,9.92,1.014,-1.152,0.0,3.369,2.169,1,liquido homogeneo com leve pelicula na superficie,2,perceptivelmente mais escura que o padrao,True,caracteristico,,False
LMU-2404-053,Limpador Multiuso Alcalino,3,Luz Solar,60,9.93,1.013,-1.884,0.0,5.175,3.331,1,liquido homogeneo com leve pelicula na superficie,3,amarelada em relacao ao padrao,True,caracteristico do produto,,False
LMU-2404-053,Limpador Multiuso Alcalino,3,Luz Solar,90,9.8,1.014,-2.372,0.0,6.216,4.014,0,"liquido homogeneo, sem alteracao",3,amarelada em relacao ao padrao,True,caracteristico do produto,,False
DLL-2404-054,Detergente Liquido Lava-Loucas,3,Ambiente Escuro 25C,7,7.52,1.029,-0.017,0.0,0.034,0.018,2,"cremeacao visivel na superficie, reversivel a agitacao",0,conforme padrao,True,caracteristico do produto,,False
DLL-2404-054,Detergente Liquido Lava-Loucas,3,Ambiente Escuro 25C,15,7.38,1.031,-0.036,0.0,0.072,0.039,1,"homogeneo, leve turvacao em relacao ao padrao",0,conforme padrao,True,caracteristico,,False
DLL-2404-054,Detergente Liquido Lava-Loucas,3,Ambiente Escuro 25C,30,7.38,1.031,-0.072,0.0,0.144,0.079,1,"homogeneo, leve turvacao em relacao ao padrao",0,conforme padrao,True,caracteristico do produto,,False
DLL-2404-054,Detergente Liquido Lava-Loucas,3,Ambiente Escuro 25C,60,7.37,1.032,-0.144,0.0,0.288,0.157,1,liquido homogeneo com leve pelicula na superficie,0,conforme padrao,True,caracteristico,,False
DLL-2404-054,Detergente Liquido Lava-Loucas,3,Ambiente Escuro 25C,90,7.32,1.032,-0.216,0.0,0.432,0.236,2,"cremeacao visivel na superficie, reversivel a agitacao",0,conforme padrao,True,caracteristico,,False
DLL-2404-054,Detergente Liquido Lava-Loucas,3,Estufa 40C,7,7.41,1.03,-0.079,0.0,0.158,0.086,1,liquido homogeneo com leve pelicula na superficie,0,conforme padrao,True,caracteristico do produto,,False
DLL-2404-054,Detergente Liquido Lava-Loucas,3,Estufa 40C,15,7.34,1.029,-0.169,0.0,0.338,0.185,2,"leve cremeacao na superficie, porem conforme",0,conforme padrao,True,caracteristico,,False
DLL-2404-054,Detergente Liquido Lava-Loucas,3,Estufa 40C,30,7.29,1.031,-0.338,0.0,0.676,0.368,2,"leve cremeacao na superficie, porem conforme",0,conforme padrao,True,caracteristico,,False
DLL-2404-054,Detergente Liquido Lava-Loucas,3,Estufa 40C,60,7.15,1.032,-0.676,0.0,1.351,0.734,2,"cremeacao visivel na superficie, reversivel a agitacao",0,conforme padrao,True,caracteristico do produto,,False
DLL-2404-054,Detergente Liquido Lava-Loucas,3,Estufa 40C,90,6.98,1.037,-1.014,0.0,2.027,1.097,3,"separacao parcial de fase, camada superior definida",1,"levemente diferente do padrao, conforme",True,caracteristico,aspecto nao conforme,True
DLL-2404-054,Detergente Liquido Lava-Loucas,3,Geladeira 5C,7,7.45,1.033,-0.002,0.0,0.003,0.002,2,"leve cremeacao na superficie, porem conforme",0,conforme padrao,True,caracteristico do produto,,False
DLL-2404-054,Detergente Liquido Lava-Loucas,3,Geladeira 5C,15,7.48,1.033,-0.004,0.0,0.007,0.004,1,"homogeneo, leve turvacao em relacao ao padrao",0,conforme padrao,True,caracteristico do produto,,False
DLL-2404-054,Detergente Liquido Lava-Loucas,3,Geladeira 5C,30,7.46,1.028,-0.007,0.0,0.014,0.008,1,liquido homogeneo com leve pelicula na superficie,0,conforme padrao,True,caracteristico,,False
DLL-2404-054,Detergente Liquido Lava-Loucas,3,Geladeira 5C,60,7.44,1.03,-0.014,0.0,0.028,0.015,2,"leve cremeacao na superficie, porem conforme",0,conforme padrao,True,caracteristico,,False
DLL-2404-054,Detergente Liquido Lava-Loucas,3,Geladeira 5C,90,7.42,1.027,-0.021,0.0,0.042,0.023,1,liquido homogeneo com leve pelicula na superficie,0,conforme padrao,True,caracteristico do produto,,False
DLL-2404-054,Detergente Liquido Lava-Loucas,3,Luz Solar,7,7.4,1.029,-0.256,0.0,0.794,0.387,1,"homogeneo, leve turvacao em relacao ao padrao",0,conforme padrao,True,caracteristico do produto,,False
DLL-2404-054,Detergente Liquido Lava-Loucas,3,Luz Solar,15,7.36,1.03,-0.515,0.0,1.564,0.76,2,"leve cremeacao na superficie, porem conforme",0,conforme padrao,True,caracteristico do produto,,False
DLL-2404-054,Detergente Liquido Lava-Loucas,3,Luz Solar,30,7.32,1.032,-0.921,0.0,2.695,1.308,2,"cremeacao visivel na superficie, reversivel a agitacao",1,"levemente diferente do padrao, conforme",True,caracteristico,,False
DLL-2404-054,Detergente Liquido Lava-Loucas,3,Luz Solar,60,7.32,1.033,-1.507,0.0,4.14,2.015,2,"cremeacao visivel na superficie, reversivel a agitacao",2,perceptivelmente mais escura que o padrao,True,caracteristico,,False
DLL-2404-054,Detergente Liquido Lava-Loucas,3,Luz Solar,90,7.29,1.029,-1.898,0.0,4.972,2.434,2,"leve cremeacao na superficie, porem conforme",2,perceptivelmente mais escura que o padrao,True,caracteristico,,False
DLL-2404-055,Detergente Liquido Lava-Loucas,3,Ambiente Escuro 25C,7,7.96,1.034,-0.017,0.0,0.034,0.019,1,"homogeneo, leve turvacao em relacao ao padrao",0,conforme padrao,True,caracteristico do produto,,False
DLL-2404-055,Detergente Liquido Lava-Loucas,3,Ambiente Escuro 25C,15,7.98,1.035,-0.036,0.0,0.072,0.04,2,"leve cremeacao na superficie, porem conforme",0,conforme padrao,True,caracteristico do produto,,False
DLL-2404-055,Detergente Liquido Lava-Loucas,3,Ambiente Escuro 25C,30,7.98,1.035,-0.072,0.0,0.144,0.08,1,"homogeneo, leve turvacao em relacao ao padrao",0,conforme padrao,True,caracteristico do produto,,False
DLL-2404-055,Detergente Liquido Lava-Loucas,3,Ambiente Escuro 25C,60,7.92,1.037,-0.144,0.0,0.288,0.161,1,"homogeneo, leve turvacao em relacao ao padrao",0,conforme padrao,True,caracteristico,,False
DLL-2404-055,Detergente Liquido Lava-Loucas,3,Ambiente Escuro 25C,90,7.94,1.035,-0.216,0.0,0.432,0.241,2,"cremeacao visivel na superficie, reversivel a agitacao",0,conforme padrao,True,caracteristico do produto,,False
DLL-2404-055,Detergente Liquido Lava-Loucas,3,Estufa 40C,7,7.94,1.033,-0.079,0.0,0.158,0.088,1,"homogeneo, leve turvacao em relacao ao padrao",0,conforme padrao,True,caracteristico do produto,,False
DLL-2404-055,Detergente Liquido Lava-Loucas,3,Estufa 40C,15,7.87,1.038,-0.169,0.0,0.338,0.188,2,"leve cremeacao na superficie, porem conforme",0,conforme padrao,True,caracteristico do produto,,False
DLL-2404-055,Detergente Liquido Lava-Loucas,3,Estufa 40C,30,7.89,1.036,-0.338,0.0,0.676,0.376,1,liquido homogeneo com leve pelicula na superficie,0,conforme padrao,True,caracteristico,,False
DLL-2404-055,Detergente Liquido Lava-Loucas,3,Estufa 40C,60,7.75,1.039,-0.676,0.0,1.351,0.749,2,"leve cremeacao na superficie, porem conforme",0,conforme padrao,True,caracteristico do produto,,False
DLL-2404-055,Detergente Liquido Lava-Loucas,3,Estufa 40C,90,7.55,1.041,-1.014,0.0,2.027,1.119,3,sedimento no fundo nao reincorporavel,1,"levemente diferente do padrao, conforme",True,caracteristico do produto,aspecto nao conforme,True
DLL-2404-055,Detergente Liquido Lava-Loucas,3,Geladeira 5C,7,8.01,1.035,-0.002,0.0,0.003,0.002,1,"homogeneo, leve turvacao em relacao ao padrao",0,conforme padrao,True,caracteristico do produto,,False
DLL-2404-055,Detergente Liquido Lava-Loucas,3,Geladeira 5C,15,7.94,1.034,-0.004,0.0,0.007,0.004,1,"homogeneo, leve turvacao em relacao ao padrao",0,conforme padrao,True,caracteristico do produto,,False
DLL-2404-055,Detergente Liquido Lava-Loucas,3,Geladeira 5C,30,8.05,1.031,-0.007,0.0,0.014,0.008,1,"homogeneo, leve turvacao em relacao ao padrao",0,conforme padrao,True,caracteristico,,False
DLL-2404-055,Detergente Liquido Lava-Loucas,3,Geladeira 5C,60,7.98,1.035,-0.014,0.0,0.028,0.016,1,"homogeneo, leve turvacao em relacao ao padrao",0,conforme padrao,True,caracteristico,,False
DLL-2404-055,Detergente Liquido Lava-Loucas,3,Geladeira 5C,90,7.95,1.035,-0.021,0.0,0.042,0.024,1,"homogeneo, leve turvacao em relacao ao padrao",0,conforme padrao,True,caracteristico,,False
DLL-2404-055,Detergente Liquido Lava-Loucas,3,Luz Solar,7,7.96,1.032,-0.256,0.0,0.794,0.396,2,"leve cremeacao na superficie, porem conforme",0,conforme padrao,True,caracteristico,,False
DLL-2404-055,Detergente Liquido Lava-Loucas,3,Luz Solar,15,7.96,1.033,-0.515,0.0,1.564,0.777,2,"cremeacao visivel na superficie, reversivel a agitacao",0,conforme padrao,True,caracteristico,,False
DLL-2404-055,Detergente Liquido Lava-Loucas,3,Luz Solar,30,7.94,1.035,-0.921,0.0,2.695,1.337,1,liquido homogeneo com leve pelicula na superficie,1,"levemente diferente do padrao, conforme",True,caracteristico do produto,,False
DLL-2404-055,Detergente Liquido Lava-Loucas,3,Luz Solar,60,7.88,1.035,-1.507,0.0,4.14,2.059,2,"leve cremeacao na superficie, porem conforme",2,perceptivelmente mais escura que o padrao,True,caracteristico,,False
DLL-2404-055,Detergente Liquido Lava-Loucas,3,Luz Solar,90,7.8,1.037,-1.898,0.0,4.972,2.486,1,liquido homogeneo com leve pelicula na superficie,2,perceptivelmente mais escura que o padrao,True,caracteristico do produto,,False
LMU-2404-056,Limpador Multiuso Alcalino,3,Ambiente Escuro 25C,7,9.58,1.008,-0.021,0.0,0.042,0.03,0,"liquido homogeneo, levemente opalescente",0,conforme padrao,True,caracteristico do produto,,False
LMU-2404-056,Limpador Multiuso Alcalino,3,Ambiente Escuro 25C,15,9.59,1.009,-0.045,0.0,0.09,0.065,0,"liquido homogeneo, limpido",0,conforme padrao,True,caracteristico,,False
LMU-2404-056,Limpador Multiuso Alcalino,3,Ambiente Escuro 25C,30,9.58,1.008,-0.09,0.0,0.18,0.13,0,"liquido homogeneo, limpido",0,conforme padrao,True,caracteristico do produto,,False
LMU-2404-056,Limpador Multiuso Alcalino,3,Ambiente Escuro 25C,60,9.58,1.006,-0.18,0.0,0.36,0.26,0,"liquido homogeneo, limpido",0,conforme padrao,True,caracteristico do produto,,False
LMU-2404-056,Limpador Multiuso Alcalino,3,Ambiente Escuro 25C,90,9.61,1.009,-0.27,0.0,0.54,0.39,0,"liquido homogeneo, levemente opalescente",0,conforme padrao,True,caracteristico do produto,,False
LMU-2404-056,Limpador Multiuso Alcalino,3,Estufa 40C,7,9.58,1.008,-0.099,0.0,0.197,0.142,0,"liquido homogeneo, sem alteracao",0,conforme padrao,True,caracteristico,,False
LMU-2404-056,Limpador Multiuso Alcalino,3,Estufa 40C,15,9.57,1.01,-0.211,0.0,0.422,0.305,0,"liquido homogeneo, levemente opalescente",0,conforme padrao,True,caracteristico do produto,,False
LMU-2404-056,Limpador Multiuso Alcalino,3,Estufa 40C,30,9.52,1.011,-0.422,0.0,0.845,0.609,0,"liquido homogeneo, limpido",0,conforme padrao,True,caracteristico do produto,,False
LMU-2404-056,Limpador Multiuso Alcalino,3,Estufa 40C,60,9.38,1.011,-0.845,0.0,1.689,1.212,0,"liquido homogeneo, levemente opalescente",1,"levemente diferente do padrao, conforme",True,caracteristico do produto,pH fora de faixa,True
LMU-2404-056,Limpador Multiuso Alcalino,3,Estufa 40C,90,9.25,1.014,-1.267,0.0,2.534,1.811,0,"liquido homogeneo, levemente opalescente",2,perceptivelmente mais escura que o padrao,True,caracteristico,pH fora de faixa,True
LMU-2404-056,Limpador Multiuso Alcalino,3,Geladeira 5C,7,9.65,1.006,-0.002,0.0,0.004,0.003,0,"liquido homogeneo, sem alteracao",0,conforme padrao,True,caracteristico,,False
LMU-2404-056,Limpador Multiuso Alcalino,3,Geladeira 5C,15,9.61,1.011,-0.004,0.0,0.009,0.006,0,"liquido homogeneo, levemente opalescente",0,conforme padrao,True,caracteristico do produto,,False
LMU-2404-056,Limpador Multiuso Alcalino,3,Geladeira 5C,30,9.69,1.01,-0.009,0.0,0.018,0.013,0,"liquido homogeneo, sem alteracao",0,conforme padrao,True,caracteristico,,False
LMU-2404-056,Limpador Multiuso Alcalino,3,Geladeira 5C,60,9.65,1.01,-0.018,0.0,0.035,0.026,1,"homogeneo, leve turvacao em relacao ao padrao",0,conforme padrao,True,caracteristico do produto,,False
LMU-2404-056,Limpador Multiuso Alcalino,3,Geladeira 5C,90,9.66,1.006,-0.027,0.0,0.053,0.038,0,"liquido homogeneo, sem alteracao",0,conforme padrao,True,caracteristico,,False
LMU-2404-056,Limpador Multiuso Alcalino,3,Luz Solar,7,9.64,1.011,-0.32,0.0,0.993,0.653,0,"liquido homogeneo, sem alteracao",0,conforme padrao,True,caracteristico,,False
LMU-2404-056,Limpador Multiuso Alcalino,3,Luz Solar,15,9.65,1.01,-0.644,0.0,1.955,1.282,0,"liquido homogeneo, limpido",1,"levemente diferente do padrao, conforme",True,caracteristico do produto,,False
LMU-2404-056,Limpador Multiuso Alcalino,3,Luz Solar,30,9.56,1.011,-1.152,0.0,3.369,2.203,0,"liquido homogeneo, sem alteracao",2,perceptivelmente mais escura que o padrao,True,caracteristico do produto,,False
LMU-2404-056,Limpador Multiuso Alcalino,3,Luz Solar,60,9.53,1.013,-1.884,0.0,5.175,3.382,0,"liquido homogeneo, limpido",3,amarelada em relacao ao padrao,True,caracteristico,,False
LMU-2404-056,Limpador Multiuso Alcalino,3,Luz Solar,90,9.54,1.01,-2.372,0.0,6.216,4.074,0,"liquido homogeneo, sem alteracao",3,amarelada em relacao ao padrao,True,caracteristico,,False
DLL-2404-057,Detergente Liquido Lava-Loucas,3,Ambiente Escuro 25C,7,7.79,1.03,-0.017,0.0,0.034,0.019,0,"liquido homogeneo, levemente opalescente",0,conforme padrao,True,caracteristico do produto,,False
DLL-2404-057,Detergente Liquido Lava-Loucas,3,Ambiente Escuro 25C,15,7.76,1.031,-0.036,0.0,0.072,0.04,0,"liquido homogeneo, limpido",0,conforme padrao,True,caracteristico do produto,,False
DLL-2404-057,Detergente Liquido Lava-Loucas,3,Ambiente Escuro 25C,30,7.77,1.032,-0.072,0.0,0.144,0.08,0,"liquido homogeneo, sem alteracao",0,conforme padrao,True,caracteristico do produto,,False
DLL-2404-057,Detergente Liquido Lava-Loucas,3,Ambiente Escuro 25C,60,7.8,1.032,-0.144,0.0,0.288,0.16,0,"liquido homogeneo, limpido",0,conforme padrao,True,caracteristico,,False
DLL-2404-057,Detergente Liquido Lava-Loucas,3,Ambiente Escuro 25C,90,7.85,1.035,-0.216,0.0,0.432,0.24,0,"liquido homogeneo, sem alteracao",0,conforme padrao,True,caracteristico do produto,,False
DLL-2404-057,Detergente Liquido Lava-Loucas,3,Estufa 40C,7,7.81,1.03,-0.079,0.0,0.158,0.088,0,"liquido homogeneo, limpido",0,conforme padrao,True,caracteristico,,False
DLL-2404-057,Detergente Liquido Lava-Loucas,3,Estufa 40C,15,7.79,1.034,-0.169,0.0,0.338,0.188,0,"liquido homogeneo, levemente opalescente",0,conforme padrao,True,caracteristico,,False
DLL-2404-057,Detergente Liquido Lava-Loucas,3,Estufa 40C,30,7.76,1.036,-0.338,0.0,0.676,0.375,0,"liquido homogeneo, limpido",0,conforme padrao,True,caracteristico do produto,,False
DLL-2404-057,Detergente Liquido Lava-Loucas,3,Estufa 40C,60,7.65,1.036,-0.676,0.0,1.351,0.746,0,"liquido homogeneo, levemente opalescente",0,conforme padrao,True,caracteristico,,False
DLL-2404-057,Detergente Liquido Lava-Loucas,3,Estufa 40C,90,7.58,1.038,-1.014,0.0,2.027,1.115,0,"liquido homogeneo, sem alteracao",1,"levemente diferente do padrao, conforme",True,caracteristico,,False
DLL-2404-057,Detergente Liquido Lava-Loucas,3,Geladeira 5C,7,7.84,1.032,-0.002,0.0,0.003,0.002,0,"liquido homogeneo, sem alteracao",0,conforme padrao,True,caracteristico do produto,,False
DLL-2404-057,Detergente Liquido Lava-Loucas,3,Geladeira 5C,15,7.82,1.032,-0.004,0.0,0.007,0.004,0,"liquido homogeneo, levemente opalescente",0,conforme padrao,True,caracteristico,,False
DLL-2404-057,Detergente Liquido Lava-Loucas,3,Geladeira 5C,30,7.86,1.032,-0.007,0.0,0.014,0.008,0,"liquido homogeneo, sem alteracao",0,conforme padrao,True,caracteristico do produto,,False
DLL-2404-057,Detergente Liquido Lava-Loucas,3,Geladeira 5C,60,7.85,1.034,-0.014,0.0,0.028,0.016,0,"liquido homogeneo, limpido",0,conforme padrao,True,caracteristico,,False
DLL-2404-057,Detergente Liquido Lava-Loucas,3,Geladeira 5C,90,7.82,1.033,-0.021,0.0,0.042,0.024,0,"liquido homogeneo, sem alteracao",0,conforme padrao,True,caracteristico do produto,,False
DLL-2404-057,Detergente Liquido Lava-Loucas,3,Luz Solar,7,7.79,1.035,-0.256,0.0,0.794,0.395,0,"liquido homogeneo, limpido",0,conforme padrao,True,caracteristico do produto,,False
DLL-2404-057,Detergente Liquido Lava-Loucas,3,Luz Solar,15,7.85,1.035,-0.515,0.0,1.564,0.776,0,"liquido homogeneo, sem alteracao",0,conforme padrao,True,caracteristico do produto,,False
DLL-2404-057,Detergente Liquido Lava-Loucas,3,Luz Solar,30,7.81,1.033,-0.921,0.0,2.695,1.334,0,"liquido homogeneo, limpido",1,"levemente diferente do padrao, conforme",True,caracteristico,,False
DLL-2404-057,Detergente Liquido Lava-Loucas,3,Luz Solar,60,7.78,1.036,-1.507,0.0,4.14,2.054,0,"liquido homogeneo, limpido",2,perceptivelmente mais escura que o padrao,True,caracteristico do produto,,False
DLL-2404-057,Detergente Liquido Lava-Loucas,3,Luz Solar,90,7.71,1.032,-1.898,0.0,4.972,2.479,0,"liquido homogeneo, sem alteracao",2,perceptivelmente mais escura que o padrao,True,caracteristico,,False
AMA-2404-059,Amaciante de Roupas (esterquat),3,Ambiente Escuro 25C,7,3.06,0.991,-0.02,0.0,0.039,0.034,0,"liquido homogeneo, limpido",0,conforme padrao,True,caracteristico,,False
AMA-2404-059,Amaciante de Roupas (esterquat),3,Ambiente Escuro 25C,15,3.06,0.99,-0.042,0.0,0.084,0.072,0,"liquido homogeneo, limpido",0,conforme padrao,True,caracteristico do produto,,False
AMA-2404-059,Amaciante de Roupas (esterquat),3,Ambiente Escuro 25C,30,3.08,0.989,-0.084,0.0,0.168,0.144,0,"liquido homogeneo, levemente opalescente",0,conforme padrao,True,caracteristico do produto,,False
AMA-2404-059,Amaciante de Roupas (esterquat),3,Ambiente Escuro 25C,60,3.02,0.99,-0.168,0.0,0.336,0.289,0,"liquido homogeneo, limpido",0,conforme padrao,True,caracteristico,,False
AMA-2404-059,Amaciante de Roupas (esterquat),3,Ambiente Escuro 25C,90,3.0,0.989,-0.252,0.0,0.504,0.434,0,"liquido homogeneo, sem alteracao",0,conforme padrao,True,caracteristico do produto,,False
AMA-2404-059,Amaciante de Roupas (esterquat),3,Estufa 40C,7,3.08,0.99,-0.092,0.0,0.184,0.158,0,"liquido homogeneo, levemente opalescente",0,conforme padrao,True,caracteristico do produto,,False
AMA-2404-059,Amaciante de Roupas (esterquat),3,Estufa 40C,15,3.14,0.992,-0.197,0.0,0.394,0.339,0,"liquido homogeneo, sem alteracao",0,conforme padrao,True,caracteristico do produto,,False
AMA-2404-059,Amaciante de Roupas (esterquat),3,Estufa 40C,30,2.98,0.99,-0.394,0.0,0.788,0.682,0,"liquido homogeneo, sem alteracao",0,conforme padrao,True,caracteristico,,False
AMA-2404-059,Amaciante de Roupas (esterquat),3,Estufa 40C,60,2.81,0.994,-0.788,0.0,1.577,1.378,0,"liquido homogeneo, levemente opalescente",1,"levemente diferente do padrao, conforme",True,caracteristico,,False
AMA-2404-059,Amaciante de Roupas (esterquat),3,Estufa 40C,90,2.65,0.994,-1.182,0.0,2.365,2.087,0,"liquido homogeneo, levemente opalescente",2,perceptivelmente mais escura que o padrao,True,caracteristico do produto,,False
AMA-2404-059,Amaciante de Roupas (esterquat),3,Geladeira 5C,7,3.11,0.987,-0.002,0.0,0.004,0.003,0,"liquido homogeneo, sem alteracao",0,conforme padrao,True,caracteristico,,False
AMA-2404-059,Amaciante de Roupas (esterquat),3,Geladeira 5C,15,3.1,0.989,-0.004,0.0,0.008,0.007,0,"liquido homogeneo, limpido",0,conforme padrao,True,caracteristico,,False
AMA-2404-059,Amaciante de Roupas (esterquat),3,Geladeira 5C,30,3.1,0.988,-0.008,0.0,0.017,0.014,0,"liquido homogeneo, sem alteracao",0,conforme padrao,True,caracteristico,,False
AMA-2404-059,Amaciante de Roupas (esterquat),3,Geladeira 5C,60,3.08,0.987,-0.017,0.0,0.033,0.028,0,"liquido homogeneo, levemente opalescente",0,conforme padrao,True,caracteristico,,False
AMA-2404-059,Amaciante de Roupas (esterquat),3,Geladeira 5C,90,3.07,0.989,-0.025,0.0,0.05,0.042,0,"liquido homogeneo, levemente opalescente",0,conforme padrao,True,caracteristico do produto,,False
AMA-2404-059,Amaciante de Roupas (esterquat),3,Luz Solar,7,3.07,0.987,-0.226,0.0,0.693,0.576,0,"liquido homogeneo, limpido",0,conforme padrao,True,caracteristico do produto,,False
AMA-2404-059,Amaciante de Roupas (esterquat),3,Luz Solar,15,3.06,0.987,-0.457,0.0,1.368,1.149,0,"liquido homogeneo, sem alteracao",1,"levemente diferente do padrao, conforme",True,caracteristico do produto,,False
AMA-2404-059,Amaciante de Roupas (esterquat),3,Luz Solar,30,3.1,0.989,-0.822,0.0,2.369,2.02,0,"liquido homogeneo, levemente opalescente",2,perceptivelmente mais escura que o padrao,True,caracteristico do produto,,False
AMA-2404-059,Amaciante de Roupas (esterquat),3,Luz Solar,60,2.99,0.989,-1.359,0.0,3.674,3.196,0,"liquido homogeneo, sem alteracao",3,amarelada em relacao ao padrao,True,caracteristico,,False
AMA-2404-059,Amaciante de Roupas (esterquat),3,Luz Solar,90,2.95,0.991,-1.73,0.0,4.46,3.923,0,"liquido homogeneo, levemente opalescente",3,amarelada em relacao ao padrao,True,caracteristico do produto,,False
LMU-2404-060,Limpador Multiuso Alcalino,3,Ambiente Escuro 25C,7,9.89,1.014,-0.021,0.0,0.042,0.03,2,"cremeacao visivel na superficie, reversivel a agitacao",0,conforme padrao,True,caracteristico do produto,,False
LMU-2404-060,Limpador Multiuso Alcalino,3,Ambiente Escuro 25C,15,9.84,1.013,-0.045,0.0,0.09,0.064,2,"cremeacao visivel na superficie, reversivel a agitacao",0,conforme padrao,True,caracteristico do produto,,False
LMU-2404-060,Limpador Multiuso Alcalino,3,Ambiente Escuro 25C,30,9.81,1.014,-0.09,0.0,0.18,0.128,2,"cremeacao visivel na superficie, reversivel a agitacao",0,conforme padrao,True,caracteristico do produto,,False
LMU-2404-060,Limpador Multiuso Alcalino,3,Ambiente Escuro 25C,60,9.8,1.014,-0.18,0.0,0.36,0.256,2,"leve cremeacao na superficie, porem conforme",0,conforme padrao,True,caracteristico do produto,,False
LMU-2404-060,Limpador Multiuso Alcalino,3,Ambiente Escuro 25C,90,9.76,1.015,-0.27,0.0,0.54,0.384,3,"separacao parcial de fase, camada superior definida",0,conforme padrao,True,caracteristico,aspecto nao conforme,True
LMU-2404-060,Limpador Multiuso Alcalino,3,Estufa 40C,7,9.88,1.015,-0.099,0.0,0.197,0.14,2,"cremeacao visivel na superficie, reversivel a agitacao",0,conforme padrao,True,caracteristico do produto,,False
LMU-2404-060,Limpador Multiuso Alcalino,3,Estufa 40C,15,9.73,1.014,-0.211,0.0,0.422,0.3,2,"leve cremeacao na superficie, porem conforme",0,conforme padrao,True,caracteristico,,False
LMU-2404-060,Limpador Multiuso Alcalino,3,Estufa 40C,30,9.7,1.018,-0.422,0.0,0.845,0.599,2,"leve cremeacao na superficie, porem conforme",0,conforme padrao,True,caracteristico do produto,,False
LMU-2404-060,Limpador Multiuso Alcalino,3,Estufa 40C,60,9.44,1.016,-0.845,0.0,1.689,1.193,4,quebra de emulsao com sobrenadante limpido,1,"levemente diferente do padrao, conforme",True,caracteristico,pH fora de faixa; aspecto nao conforme,True
LMU-2404-060,Limpador Multiuso Alcalino,3,Estufa 40C,90,9.24,1.018,-1.267,0.0,2.534,1.783,4,quebra de emulsao com sobrenadante limpido,2,perceptivelmente mais escura que o padrao,True,caracteristico,pH fora de faixa; aspecto nao conforme,True
LMU-2404-060,Limpador Multiuso Alcalino,3,Geladeira 5C,7,9.91,1.012,-0.002,0.0,0.004,0.003,1,"homogeneo, leve turvacao em relacao ao padrao",0,conforme padrao,True,caracteristico,,False
LMU-2404-060,Limpador Multiuso Alcalino,3,Geladeira 5C,15,9.89,1.014,-0.004,0.0,0.009,0.006,2,"leve cremeacao na superficie, porem conforme",0,conforme padrao,True,caracteristico do produto,,False
LMU-2404-060,Limpador Multiuso Alcalino,3,Geladeira 5C,30,9.91,1.013,-0.009,0.0,0.018,0.013,3,sedimento no fundo nao reincorporavel,0,conforme padrao,True,caracteristico,aspecto nao conforme,True
LMU-2404-060,Limpador Multiuso Alcalino,3,Geladeira 5C,60,9.9,1.012,-0.018,0.0,0.035,0.025,2,"leve cremeacao na superficie, porem conforme",0,conforme padrao,True,caracteristico,,False
LMU-2404-060,Limpador Multiuso Alcalino,3,Geladeira 5C,90,9.89,1.01,-0.027,0.0,0.053,0.038,2,"cremeacao visivel na superficie, reversivel a agitacao",0,conforme padrao,True,caracteristico do produto,,False
LMU-2404-060,Limpador Multiuso Alcalino,3,Luz Solar,7,9.93,1.013,-0.32,0.0,0.993,0.642,2,"leve cremeacao na superficie, porem conforme",0,conforme padrao,True,caracteristico do produto,,False
LMU-2404-060,Limpador Multiuso Alcalino,3,Luz Solar,15,9.9,1.018,-0.644,0.0,1.955,1.26,2,"cremeacao visivel na superficie, reversivel a agitacao",1,"levemente diferente do padrao, conforme",True,caracteristico do produto,,False
LMU-2404-060,Limpador Multiuso Alcalino,3,Luz Solar,30,9.83,1.017,-1.152,0.0,3.369,2.165,2,"leve cremeacao na superficie, porem conforme",2,perceptivelmente mais escura que o padrao,True,caracteristico,,False
LMU-2404-060,Limpador Multiuso Alcalino,3,Luz Solar,60,9.69,1.016,-1.884,0.0,5.175,3.326,2,"cremeacao visivel na superficie, reversivel a agitacao",3,amarelada em relacao ao padrao,True,caracteristico,,False
LMU-2404-060,Limpador Multiuso Alcalino,3,Luz Solar,90,9.63,1.016,-2.372,0.0,6.216,4.007,2,"cremeacao visivel na superficie, reversivel a agitacao",3,amarelada em relacao ao padrao,True,caracteristico do produto,,False
DLR-2404-061,Detergente Liquido para Roupas,3,Ambiente Escuro 25C,7,9.48,1.03,-0.018,0.0,0.036,0.03,1,liquido homogeneo com leve pelicula na superficie,0,conforme padrao,True,caracteristico do produto,,False
DLR-2404-061,Detergente Liquido para Roupas,3,Ambiente Escuro 25C,15,9.48,1.032,-0.039,0.0,0.078,0.064,1,"homogeneo, leve turvacao em relacao ao padrao",0,conforme padrao,True,caracteristico do produto,,False
DLR-2404-061,Detergente Liquido para Roupas,3,Ambiente Escuro 25C,30,9.41,1.028,-0.078,0.0,0.156,0.129,1,"homogeneo, leve turvacao em relacao ao padrao",0,conforme padrao,True,caracteristico,,False
DLR-2404-061,Detergente Liquido para Roupas,3,Ambiente Escuro 25C,60,9.4,1.03,-0.156,0.0,0.312,0.258,1,liquido homogeneo com leve pelicula na superficie,0,conforme padrao,True,caracteristico,,False
DLR-2404-061,Detergente Liquido para Roupas,3,Ambiente Escuro 25C,90,9.35,1.029,-0.234,0.0,0.468,0.387,1,"homogeneo, leve turvacao em relacao ao padrao",0,conforme padrao,True,caracteristico do produto,,False
DLR-2404-061,Detergente Liquido para Roupas,3,Estufa 40C,7,9.47,1.032,-0.085,0.0,0.171,0.141,1,liquido homogeneo com leve pelicula na superficie,0,conforme padrao,True,caracteristico do produto,,False
DLR-2404-061,Detergente Liquido para Roupas,3,Estufa 40C,15,9.38,1.031,-0.183,0.0,0.366,0.303,1,"homogeneo, leve turvacao em relacao ao padrao",0,conforme padrao,True,caracteristico do produto,,False
DLR-2404-061,Detergente Liquido para Roupas,3,Estufa 40C,30,9.3,1.031,-0.366,0.0,0.732,0.605,2,"leve cremeacao na superficie, porem conforme",0,conforme padrao,True,caracteristico,,False
DLR-2404-061,Detergente Liquido para Roupas,3,Estufa 40C,60,9.15,1.035,-0.732,0.0,1.464,1.209,1,liquido homogeneo com leve pelicula na superficie,1,"levemente diferente do padrao, conforme",True,caracteristico do produto,,False
DLR-2404-061,Detergente Liquido para Roupas,3,Estufa 40C,90,9.07,1.035,-1.098,0.0,2.196,1.812,1,liquido homogeneo com leve pelicula na superficie,2,perceptivelmente mais escura que o padrao,True,caracteristico,,False
DLR-2404-061,Detergente Liquido para Roupas,3,Geladeira 5C,7,9.47,1.03,-0.002,0.0,0.004,0.003,1,"homogeneo, leve turvacao em relacao ao padrao",0,conforme padrao,True,caracteristico,,False
DLR-2404-061,Detergente Liquido para Roupas,3,Geladeira 5C,15,9.46,1.034,-0.004,0.0,0.008,0.006,1,"homogeneo, leve turvacao em relacao ao padrao",0,conforme padrao,True,caracteristico,,False
DLR-2404-061,Detergente Liquido para Roupas,3,Geladeira 5C,30,9.46,1.03,-0.008,0.0,0.015,0.013,1,"homogeneo, leve turvacao em relacao ao padrao",0,conforme padrao,True,caracteristico,,False
DLR-2404-061,Detergente Liquido para Roupas,3,Geladeira 5C,60,9.47,1.029,-0.015,0.0,0.031,0.025,1,"homogeneo, leve turvacao em relacao ao padrao",0,conforme padrao,True,caracteristico,,False
DLR-2404-061,Detergente Liquido para Roupas,3,Geladeira 5C,90,9.44,1.028,-0.023,0.0,0.046,0.038,1,liquido homogeneo com leve pelicula na superficie,0,conforme padrao,True,caracteristico,,False
DLR-2404-061,Detergente Liquido para Roupas,3,Luz Solar,7,9.47,1.031,-0.281,0.0,0.873,0.685,1,"homogeneo, leve turvacao em relacao ao padrao",0,conforme padrao,True,caracteristico do produto,,False
DLR-2404-061,Detergente Liquido para Roupas,3,Luz Solar,15,9.43,1.03,-0.565,0.0,1.719,1.35,1,liquido homogeneo com leve pelicula na superficie,1,"levemente diferente do padrao, conforme",True,caracteristico do produto,,False
DLR-2404-061,Detergente Liquido para Roupas,3,Luz Solar,30,9.4,1.031,-1.012,0.0,2.961,2.326,1,"homogeneo, leve turvacao em relacao ao padrao",2,perceptivelmente mais escura que o padrao,True,caracteristico do produto,,False
DLR-2404-061,Detergente Liquido para Roupas,3,Luz Solar,60,9.39,1.031,-1.654,0.0,4.546,3.575,1,"homogeneo, leve turvacao em relacao ao padrao",3,amarelada em relacao ao padrao,True,caracteristico,,False
DLR-2404-061,Detergente Liquido para Roupas,3,Luz Solar,90,9.29,1.034,-2.082,0.0,5.457,4.298,1,liquido homogeneo com leve pelicula na superficie,3,amarelada em relacao ao padrao,True,caracteristico do produto,,False
AMA-2405-063,Amaciante de Roupas (esterquat),3,Ambiente Escuro 25C,7,3.04,1.0,-0.02,0.0,0.039,0.035,1,liquido homogeneo com leve pelicula na superficie,0,conforme padrao,True,caracteristico do produto,,False
AMA-2405-063,Amaciante de Roupas (esterquat),3,Ambiente Escuro 25C,15,3.06,0.998,-0.042,0.0,0.084,0.074,1,liquido homogeneo com leve pelicula na superficie,0,conforme padrao,True,caracteristico,,False
AMA-2405-063,Amaciante de Roupas (esterquat),3,Ambiente Escuro 25C,30,3.05,1.0,-0.084,0.0,0.168,0.149,1,"homogeneo, leve turvacao em relacao ao padrao",0,conforme padrao,True,caracteristico,,False
AMA-2405-063,Amaciante de Roupas (esterquat),3,Ambiente Escuro 25C,60,2.98,1.002,-0.168,0.0,0.336,0.299,1,liquido homogeneo com leve pelicula na superficie,0,conforme padrao,True,caracteristico do produto,,False
AMA-2405-063,Amaciante de Roupas (esterquat),3,Ambiente Escuro 25C,90,2.97,1.004,-0.252,0.0,0.504,0.449,2,"leve cremeacao na superficie, porem conforme",0,conforme padrao,True,caracteristico,,False
AMA-2405-063,Amaciante de Roupas (esterquat),3,Estufa 40C,7,3.03,1.0,-0.092,0.0,0.184,0.163,1,"homogeneo, leve turvacao em relacao ao padrao",0,conforme padrao,True,caracteristico do produto,,False
AMA-2405-063,Amaciante de Roupas (esterquat),3,Estufa 40C,15,3.01,1.003,-0.197,0.0,0.394,0.351,1,"homogeneo, leve turvacao em relacao ao padrao",0,conforme padrao,True,caracteristico,,False
AMA-2405-063,Amaciante de Roupas (esterquat),3,Estufa 40C,30,2.94,1.002,-0.394,0.0,0.788,0.705,1,liquido homogeneo com leve pelicula na superficie,0,conforme padrao,True,caracteristico do produto,,False
AMA-2405-063,Amaciante de Roupas (esterquat),3,Estufa 40C,60,2.65,1.004,-0.788,0.0,1.577,1.421,2,"leve cremeacao na superficie, porem conforme",1,"levemente diferente do padrao, conforme",True,caracteristico,,False
AMA-2405-063,Amaciante de Roupas (esterquat),3,Estufa 40C,90,2.46,1.008,-1.182,0.0,2.365,2.148,1,liquido homogeneo com leve pelicula na superficie,2,perceptivelmente mais escura que o padrao,True,caracteristico do produto,pH fora de faixa,True
AMA-2405-063,Amaciante de Roupas (esterquat),3,Geladeira 5C,7,3.07,1.001,-0.002,0.0,0.004,0.003,2,"cremeacao visivel na superficie, reversivel a agitacao",0,conforme padrao,True,caracteristico,,False
AMA-2405-063,Amaciante de Roupas (esterquat),3,Geladeira 5C,15,3.06,0.998,-0.004,0.0,0.008,0.007,1,"homogeneo, leve turvacao em relacao ao padrao",0,conforme padrao,True,caracteristico,,False
AMA-2405-063,Amaciante de Roupas (esterquat),3,Geladeira 5C,30,3.07,1.0,-0.008,0.0,0.017,0.015,0,"liquido homogeneo, levemente opalescente",0,conforme padrao,True,caracteristico do produto,,False
AMA-2405-063,Amaciante de Roupas (esterquat),3,Geladeira 5C,60,3.06,1.0,-0.017,0.0,0.033,0.029,1,liquido homogeneo com leve pelicula na superficie,0,conforme padrao,True,caracteristico do produto,,False
AMA-2405-063,Amaciante de Roupas (esterquat),3,Geladeira 5C,90,3.05,1.004,-0.025,0.0,0.05,0.044,1,liquido homogeneo com leve pelicula na superficie,0,conforme padrao,True,caracteristico,,False
AMA-2405-063,Amaciante de Roupas (esterquat),3,Luz Solar,7,3.04,0.999,-0.226,0.0,0.693,0.597,1,"homogeneo, leve turvacao em relacao ao padrao",0,conforme padrao,True,caracteristico do produto,,False
AMA-2405-063,Amaciante de Roupas (esterquat),3,Luz Solar,15,3.02,0.999,-0.457,0.0,1.368,1.189,1,liquido homogeneo com leve pelicula na superficie,1,"levemente diferente do padrao, conforme",True,caracteristico do produto,,False
AMA-2405-063,Amaciante de Roupas (esterquat),3,Luz Solar,30,3.0,1.003,-0.822,0.0,2.369,2.083,1,liquido homogeneo com leve pelicula na superficie,2,perceptivelmente mais escura que o padrao,True,caracteristico do produto,,False
AMA-2405-063,Amaciante de Roupas (esterquat),3,Luz Solar,60,2.92,1.002,-1.359,0.0,3.674,3.277,1,liquido homogeneo com leve pelicula na superficie,3,amarelada em relacao ao padrao,True,caracteristico do produto,,False
AMA-2405-063,Amaciante de Roupas (esterquat),3,Luz Solar,90,2.84,1.003,-1.73,0.0,4.46,4.006,2,"leve cremeacao na superficie, porem conforme",3,amarelada em relacao ao padrao,True,caracteristico,,False
DLR-2405-064,Detergente Liquido para Roupas,3,Ambiente Escuro 25C,7,9.35,1.025,-0.018,0.0,0.036,0.031,1,"homogeneo, leve turvacao em relacao ao padrao",0,conforme padrao,True,caracteristico do produto,,False
DLR-2405-064,Detergente Liquido para Roupas,3,Ambiente Escuro 25C,15,9.43,1.024,-0.039,0.0,0.078,0.065,1,"homogeneo, leve turvacao em relacao ao padrao",0,conforme padrao,True,caracteristico do produto,,False
DLR-2405-064,Detergente Liquido para Roupas,3,Ambiente Escuro 25C,30,9.32,1.023,-0.078,0.0,0.156,0.131,0,"liquido homogeneo, levemente opalescente",0,conforme padrao,True,caracteristico do produto,,False
DLR-2405-064,Detergente Liquido para Roupas,3,Ambiente Escuro 25C,60,9.31,1.025,-0.156,0.0,0.312,0.262,1,"homogeneo, leve turvacao em relacao ao padrao",0,conforme padrao,True,caracteristico,,False
DLR-2405-064,Detergente Liquido para Roupas,3,Ambiente Escuro 25C,90,9.32,1.025,-0.234,0.0,0.468,0.392,1,"homogeneo, leve turvacao em relacao ao padrao",0,conforme padrao,True,caracteristico,,False
DLR-2405-064,Detergente Liquido para Roupas,3,Estufa 40C,7,9.28,1.022,-0.085,0.0,0.171,0.143,1,liquido homogeneo com leve pelicula na superficie,0,conforme padrao,True,caracteristico,,False
DLR-2405-064,Detergente Liquido para Roupas,3,Estufa 40C,15,9.3,1.024,-0.183,0.0,0.366,0.307,1,liquido homogeneo com leve pelicula na superficie,0,conforme padrao,True,caracteristico,,False
DLR-2405-064,Detergente Liquido para Roupas,3,Estufa 40C,30,9.21,1.025,-0.366,0.0,0.732,0.613,1,liquido homogeneo com leve pelicula na superficie,0,conforme padrao,True,caracteristico,,False
DLR-2405-064,Detergente Liquido para Roupas,3,Estufa 40C,60,9.11,1.027,-0.732,0.0,1.464,1.225,0,"liquido homogeneo, levemente opalescente",1,"levemente diferente do padrao, conforme",True,caracteristico do produto,,False
DLR-2405-064,Detergente Liquido para Roupas,3,Estufa 40C,90,8.98,1.027,-1.098,0.0,2.196,1.835,1,"homogeneo, leve turvacao em relacao ao padrao",2,perceptivelmente mais escura que o padrao,True,caracteristico,,False
DLR-2405-064,Detergente Liquido para Roupas,3,Geladeira 5C,7,9.32,1.024,-0.002,0.0,0.004,0.003,1,liquido homogeneo com leve pelicula na superficie,0,conforme padrao,True,caracteristico do produto,,False
DLR-2405-064,Detergente Liquido para Roupas,3,Geladeira 5C,15,9.34,1.026,-0.004,0.0,0.008,0.006,0,"liquido homogeneo, sem alteracao",0,conforme padrao,True,caracteristico do produto,,False
DLR-2405-064,Detergente Liquido para Roupas,3,Geladeira 5C,30,9.28,1.022,-0.008,0.0,0.015,0.013,1,liquido homogeneo com leve pelicula na superficie,0,conforme padrao,True,caracteristico,,False
DLR-2405-064,Detergente Liquido para Roupas,3,Geladeira 5C,60,9.35,1.022,-0.015,0.0,0.031,0.026,1,"homogeneo, leve turvacao em relacao ao padrao",0,conforme padrao,True,caracteristico do produto,,False
DLR-2405-064,Detergente Liquido para Roupas,3,Geladeira 5C,90,9.38,1.025,-0.023,0.0,0.046,0.039,1,"homogeneo, leve turvacao em relacao ao padrao",0,conforme padrao,True,caracteristico,,False
DLR-2405-064,Detergente Liquido para Roupas,3,Luz Solar,7,9.37,1.022,-0.281,0.0,0.873,0.694,0,"liquido homogeneo, levemente opalescente",0,conforme padrao,True,caracteristico do produto,,False
DLR-2405-064,Detergente Liquido para Roupas,3,Luz Solar,15,9.35,1.025,-0.565,0.0,1.719,1.368,1,"homogeneo, leve turvacao em relacao ao padrao",1,"levemente diferente do padrao, conforme",True,caracteristico do produto,,False
DLR-2405-064,Detergente Liquido para Roupas,3,Luz Solar,30,9.35,1.022,-1.012,0.0,2.961,2.356,1,"homogeneo, leve turvacao em relacao ao padrao",2,perceptivelmente mais escura que o padrao,True,caracteristico,,False
DLR-2405-064,Detergente Liquido para Roupas,3,Luz Solar,60,9.28,1.026,-1.654,0.0,4.546,3.617,0,"liquido homogeneo, sem alteracao",3,amarelada em relacao ao padrao,True,caracteristico do produto,,False
DLR-2405-064,Detergente Liquido para Roupas,3,Luz Solar,90,9.25,1.027,-2.082,0.0,5.457,4.346,1,liquido homogeneo com leve pelicula na superficie,3,amarelada em relacao ao padrao,True,caracteristico,,False
DES-2405-065,Desinfetante Quaternario Concentrado,3,Ambiente Escuro 25C,7,6.85,1.013,-0.015,0.0,0.031,0.017,1,liquido homogeneo com leve pelicula na superficie,0,conforme padrao,True,caracteristico do produto,,False
DES-2405-065,Desinfetante Quaternario Concentrado,3,Ambiente Escuro 25C,15,6.87,1.009,-0.033,0.0,0.066,0.037,1,"homogeneo, leve turvacao em relacao ao padrao",0,conforme padrao,True,caracteristico,,False
DES-2405-065,Desinfetante Quaternario Concentrado,3,Ambiente Escuro 25C,30,6.79,1.011,-0.066,0.0,0.132,0.073,2,"leve cremeacao na superficie, porem conforme",0,conforme padrao,True,caracteristico do produto,,False
DES-2405-065,Desinfetante Quaternario Concentrado,3,Ambiente Escuro 25C,60,6.75,1.009,-0.132,0.0,0.264,0.147,1,liquido homogeneo com leve pelicula na superficie,0,conforme padrao,True,caracteristico do produto,,False
DES-2405-065,Desinfetante Quaternario Concentrado,3,Ambiente Escuro 25C,90,6.71,1.009,-0.198,0.0,0.396,0.221,3,"separacao parcial de fase, camada superior definida",0,conforme padrao,True,caracteristico do produto,aspecto nao conforme,True
DES-2405-065,Desinfetante Quaternario Concentrado,3,Estufa 40C,7,6.86,1.01,-0.072,0.0,0.145,0.08,2,"cremeacao visivel na superficie, reversivel a agitacao",0,conforme padrao,True,caracteristico do produto,,False
DES-2405-065,Desinfetante Quaternario Concentrado,3,Estufa 40C,15,6.77,1.009,-0.155,0.0,0.31,0.172,2,"leve cremeacao na superficie, porem conforme",0,conforme padrao,True,caracteristico,,False
DES-2405-065,Desinfetante Quaternario Concentrado,3,Estufa 40C,30,6.75,1.01,-0.31,0.0,0.619,0.346,2,"cremeacao visivel na superficie, reversivel a agitacao",0,conforme padrao,False,"alterado, notas rancosas",odor alterado,True
DES-2405-065,Desinfetante Quaternario Concentrado,3,Estufa 40C,60,6.61,1.011,-0.619,0.0,1.239,0.696,2,"cremeacao visivel na superficie, reversivel a agitacao",0,conforme padrao,True,caracteristico,,False
DES-2405-065,Desinfetante Quaternario Concentrado,3,Estufa 40C,90,6.47,1.013,-0.929,0.0,1.858,1.049,3,"separacao parcial de fase, camada superior definida",1,"levemente diferente do padrao, conforme",True,caracteristico,aspecto nao conforme,True
DES-2405-065,Desinfetante Quaternario Concentrado,3,Geladeira 5C,7,6.85,1.007,-0.002,0.0,0.003,0.002,1,liquido homogeneo com leve pelicula na superficie,0,conforme padrao,True,caracteristico do produto,,False
DES-2405-065,Desinfetante Quaternario Concentrado,3,Geladeira 5C,15,6.81,1.009,-0.003,0.0,0.006,0.004,2,"cremeacao visivel na superficie, reversivel a agitacao",0,conforme padrao,True,caracteristico,,False
DES-2405-065,Desinfetante Quaternario Concentrado,3,Geladeira 5C,30,6.81,1.01,-0.006,0.0,0.013,0.007,2,"cremeacao visivel na superficie, reversivel a agitacao",0,conforme padrao,True,caracteristico do produto,,False
DES-2405-065,Desinfetante Quaternario Concentrado,3,Geladeira 5C,60,6.79,1.009,-0.013,0.0,0.026,0.014,2,"leve cremeacao na superficie, porem conforme",0,conforme padrao,True,caracteristico,,False
DES-2405-065,Desinfetante Quaternario Concentrado,3,Geladeira 5C,90,6.85,1.01,-0.019,0.0,0.039,0.022,2,"leve cremeacao na superficie, porem conforme",0,conforme padrao,True,caracteristico do produto,,False
DES-2405-065,Desinfetante Quaternario Concentrado,3,Luz Solar,7,6.89,1.009,-0.344,0.0,1.084,0.498,1,"homogeneo, leve turvacao em relacao ao padrao",0,conforme padrao,True,caracteristico,,False
DES-2405-065,Desinfetante Quaternario Concentrado,3,Luz Solar,15,6.82,1.01,-0.691,0.0,2.131,0.998,2,"leve cremeacao na superficie, porem conforme",1,"levemente diferente do padrao, conforme",True,caracteristico,,False
DES-2405-065,Desinfetante Quaternario Concentrado,3,Luz Solar,30,6.81,1.01,-1.231,0.0,3.655,1.765,2,"cremeacao visivel na superficie, reversivel a agitacao",2,perceptivelmente mais escura que o padrao,True,caracteristico do produto,,False
DES-2405-065,Desinfetante Quaternario Concentrado,3,Luz Solar,60,6.77,1.009,-1.991,0.0,5.559,2.809,1,liquido homogeneo com leve pelicula na superficie,2,perceptivelmente mais escura que o padrao,True,caracteristico,,False
DES-2405-065,Desinfetante Quaternario Concentrado,3,Luz Solar,90,6.72,1.007,-2.479,0.0,6.606,3.441,2,"leve cremeacao na superficie, porem conforme",3,amarelada em relacao ao padrao,True,caracteristico,,False
DLR-2405-066,Detergente Liquido para Roupas,3,Ambiente Escuro 25C,7,9.49,1.03,-0.018,0.0,0.036,0.03,0,"liquido homogeneo, levemente opalescente",0,conforme padrao,True,caracteristico,,False
DLR-2405-066,Detergente Liquido para Roupas,3,Ambiente Escuro 25C,15,9.5,1.029,-0.039,0.0,0.078,0.065,0,"liquido homogeneo, levemente opalescente",0,conforme padrao,True,caracteristico do produto,,False
DLR-2405-066,Detergente Liquido para Roupas,3,Ambiente Escuro 25C,30,9.5,1.029,-0.078,0.0,0.156,0.13,1,"homogeneo, leve turvacao em relacao ao padrao",0,conforme padrao,True,caracteristico do produto,,False
DLR-2405-066,Detergente Liquido para Roupas,3,Ambiente Escuro 25C,60,9.47,1.031,-0.156,0.0,0.312,0.26,0,"liquido homogeneo, limpido",0,conforme padrao,True,caracteristico do produto,,False
DLR-2405-066,Detergente Liquido para Roupas,3,Ambiente Escuro 25C,90,9.4,1.031,-0.234,0.0,0.468,0.39,0,"liquido homogeneo, sem alteracao",0,conforme padrao,True,caracteristico,,False
DLR-2405-066,Detergente Liquido para Roupas,3,Estufa 40C,7,9.48,1.029,-0.085,0.0,0.171,0.142,0,"liquido homogeneo, limpido",0,conforme padrao,True,caracteristico,,False
DLR-2405-066,Detergente Liquido para Roupas,3,Estufa 40C,15,9.42,1.032,-0.183,0.0,0.366,0.305,1,"homogeneo, leve turvacao em relacao ao padrao",0,conforme padrao,True,caracteristico,,False
DLR-2405-066,Detergente Liquido para Roupas,3,Estufa 40C,30,9.42,1.03,-0.366,0.0,0.732,0.61,1,"homogeneo, leve turvacao em relacao ao padrao",0,conforme padrao,True,caracteristico do produto,,False
DLR-2405-066,Detergente Liquido para Roupas,3,Estufa 40C,60,9.31,1.032,-0.732,0.0,1.464,1.22,0,"liquido homogeneo, sem alteracao",1,"levemente diferente do padrao, conforme",True,caracteristico do produto,,False
DLR-2405-066,Detergente Liquido para Roupas,3,Estufa 40C,90,9.2,1.034,-1.098,0.0,2.196,1.829,1,"homogeneo, leve turvacao em relacao ao padrao",2,perceptivelmente mais escura que o padrao,True,caracteristico do produto,,False
DLR-2405-066,Detergente Liquido para Roupas,3,Geladeira 5C,7,9.52,1.033,-0.002,0.0,0.004,0.003,0,"liquido homogeneo, sem alteracao",0,conforme padrao,False,"caracteristico, porem alterado",odor alterado,True
DLR-2405-066,Detergente Liquido para Roupas,3,Geladeira 5C,15,9.51,1.03,-0.004,0.0,0.008,0.006,0,"liquido homogeneo, sem alteracao",0,conforme padrao,True,caracteristico,,False
DLR-2405-066,Detergente Liquido para Roupas,3,Geladeira 5C,30,9.5,1.029,-0.008,0.0,0.015,0.013,0,"liquido homogeneo, levemente opalescente",0,conforme padrao,True,caracteristico do produto,,False
DLR-2405-066,Detergente Liquido para Roupas,3,Geladeira 5C,60,9.5,1.03,-0.015,0.0,0.031,0.026,0,"liquido homogeneo, limpido",0,conforme padrao,True,caracteristico do produto,,False
DLR-2405-066,Detergente Liquido para Roupas,3,Geladeira 5C,90,9.54,1.03,-0.023,0.0,0.046,0.038,0,"liquido homogeneo, limpido",0,conforme padrao,False,"caracteristico, porem alterado",odor alterado,True
DLR-2405-066,Detergente Liquido para Roupas,3,Luz Solar,7,9.51,1.03,-0.281,0.0,0.873,0.69,0,"liquido homogeneo, levemente opalescente",0,conforme padrao,True,caracteristico,,False
DLR-2405-066,Detergente Liquido para Roupas,3,Luz Solar,15,9.53,1.032,-0.565,0.0,1.719,1.362,0,"liquido homogeneo, sem alteracao",1,"levemente diferente do padrao, conforme",True,caracteristico,,False
DLR-2405-066,Detergente Liquido para Roupas,3,Luz Solar,30,9.5,1.031,-1.012,0.0,2.961,2.35,0,"liquido homogeneo, sem alteracao",2,perceptivelmente mais escura que o padrao,True,caracteristico do produto,,False
DLR-2405-066,Detergente Liquido para Roupas,3,Luz Solar,60,9.48,1.031,-1.654,0.0,4.546,3.618,1,liquido homogeneo com leve pelicula na superficie,3,amarelada em relacao ao padrao,True,caracteristico,,False
DLR-2405-066,Detergente Liquido para Roupas,3,Luz Solar,90,9.38,1.033,-2.082,0.0,5.457,4.354,0,"liquido homogeneo, limpido",3,amarelada em relacao ao padrao,True,caracteristico do produto,,False
ALV-2405-069,Alvejante Liquido sem Cloro,3,Ambiente Escuro 25C,7,4.13,1.049,-0.014,0.0,0.028,0.025,0,"liquido homogeneo, levemente opalescente",0,conforme padrao,True,caracteristico do produto,,False
ALV-2405-069,Alvejante Liquido sem Cloro,3,Ambiente Escuro 25C,15,4.13,1.049,-0.03,0.0,0.06,0.054,0,"liquido homogeneo, levemente opalescente",0,conforme padrao,True,caracteristico,,False
ALV-2405-069,Alvejante Liquido sem Cloro,3,Ambiente Escuro 25C,30,4.13,1.049,-0.06,0.0,0.12,0.108,0,"liquido homogeneo, levemente opalescente",0,conforme padrao,True,caracteristico do produto,,False
ALV-2405-069,Alvejante Liquido sem Cloro,3,Ambiente Escuro 25C,60,4.09,1.048,-0.12,0.0,0.24,0.215,0,"liquido homogeneo, sem alteracao",0,conforme padrao,True,caracteristico do produto,,False
ALV-2405-069,Alvejante Liquido sem Cloro,3,Ambiente Escuro 25C,90,4.11,1.047,-0.18,0.0,0.36,0.322,0,"liquido homogeneo, limpido",0,conforme padrao,True,caracteristico do produto,,False
ALV-2405-069,Alvejante Liquido sem Cloro,3,Estufa 40C,7,4.11,1.047,-0.066,0.0,0.131,0.118,0,"liquido homogeneo, levemente opalescente",0,conforme padrao,True,caracteristico do produto,,False
ALV-2405-069,Alvejante Liquido sem Cloro,3,Estufa 40C,15,4.1,1.049,-0.141,0.0,0.282,0.252,0,"liquido homogeneo, limpido",0,conforme padrao,True,caracteristico,,False
ALV-2405-069,Alvejante Liquido sem Cloro,3,Estufa 40C,30,3.99,1.047,-0.282,0.0,0.563,0.502,0,"liquido homogeneo, levemente opalescente",0,conforme padrao,True,caracteristico,,False
ALV-2405-069,Alvejante Liquido sem Cloro,3,Estufa 40C,60,3.89,1.055,-0.563,0.0,1.126,0.996,0,"liquido homogeneo, limpido",1,"levemente diferente do padrao, conforme",True,caracteristico do produto,,False
ALV-2405-069,Alvejante Liquido sem Cloro,3,Estufa 40C,90,3.69,1.057,-0.845,0.0,1.689,1.481,0,"liquido homogeneo, levemente opalescente",1,"levemente diferente do padrao, conforme",True,caracteristico do produto,,False
ALV-2405-069,Alvejante Liquido sem Cloro,3,Geladeira 5C,7,4.23,1.047,-0.001,0.0,0.003,0.002,0,"liquido homogeneo, sem alteracao",0,conforme padrao,True,caracteristico,,False
ALV-2405-069,Alvejante Liquido sem Cloro,3,Geladeira 5C,15,4.12,1.048,-0.003,0.0,0.006,0.005,0,"liquido homogeneo, levemente opalescente",0,conforme padrao,True,caracteristico do produto,,False
ALV-2405-069,Alvejante Liquido sem Cloro,3,Geladeira 5C,30,4.17,1.05,-0.006,0.0,0.012,0.011,0,"liquido homogeneo, sem alteracao",0,conforme padrao,True,caracteristico,,False
ALV-2405-069,Alvejante Liquido sem Cloro,3,Geladeira 5C,60,4.15,1.048,-0.012,0.0,0.024,0.021,0,"liquido homogeneo, limpido",0,conforme padrao,True,caracteristico,,False
ALV-2405-069,Alvejante Liquido sem Cloro,3,Geladeira 5C,90,4.19,1.048,-0.018,0.0,0.035,0.032,0,"liquido homogeneo, sem alteracao",0,conforme padrao,True,caracteristico do produto,,False
ALV-2405-069,Alvejante Liquido sem Cloro,3,Luz Solar,7,4.16,1.051,-0.376,0.0,1.19,1.014,0,"liquido homogeneo, levemente opalescente",1,"levemente diferente do padrao, conforme",True,caracteristico,,False
ALV-2405-069,Alvejante Liquido sem Cloro,3,Luz Solar,15,4.14,1.049,-0.754,0.0,2.337,1.955,0,"liquido homogeneo, limpido",2,perceptivelmente mais escura que o padrao,True,caracteristico do produto,,False
ALV-2405-069,Alvejante Liquido sem Cloro,3,Luz Solar,30,4.11,1.049,-1.34,0.0,4.002,3.265,0,"liquido homogeneo, sem alteracao",3,amarelada em relacao ao padrao,True,caracteristico,,False
ALV-2405-069,Alvejante Liquido sem Cloro,3,Luz Solar,60,4.01,1.051,-2.16,0.0,6.066,4.81,0,"liquido homogeneo, sem alteracao",3,amarelada em relacao ao padrao,True,caracteristico,,False
ALV-2405-069,Alvejante Liquido sem Cloro,3,Luz Solar,90,4.0,1.051,-2.678,0.0,7.18,5.618,0,"liquido homogeneo, sem alteracao",3,amarelada em relacao ao padrao,True,caracteristico do produto,,False
LMU-2405-070,Limpador Multiuso Alcalino,3,Ambiente Escuro 25C,7,10.12,1.013,-0.021,0.0,0.042,0.03,0,"liquido homogeneo, levemente opalescente",0,conforme padrao,True,caracteristico,,False
LMU-2405-070,Limpador Multiuso Alcalino,3,Ambiente Escuro 25C,15,10.13,1.016,-0.045,0.0,0.09,0.065,1,liquido homogeneo com leve pelicula na superficie,0,conforme padrao,True,caracteristico,,False
LMU-2405-070,Limpador Multiuso Alcalino,3,Ambiente Escuro 25C,30,10.11,1.012,-0.09,0.0,0.18,0.13,1,liquido homogeneo com leve pelicula na superficie,0,conforme padrao,True,caracteristico do produto,,False
LMU-2405-070,Limpador Multiuso Alcalino,3,Ambiente Escuro 25C,60,10.03,1.015,-0.18,0.0,0.36,0.26,1,liquido homogeneo com leve pelicula na superficie,0,conforme padrao,True,caracteristico do produto,,False
LMU-2405-070,Limpador Multiuso Alcalino,3,Ambiente Escuro 25C,90,10.01,1.017,-0.27,0.0,0.54,0.39,1,liquido homogeneo com leve pelicula na superficie,0,conforme padrao,True,caracteristico do produto,,False
LMU-2405-070,Limpador Multiuso Alcalino,3,Estufa 40C,7,10.13,1.016,-0.099,0.0,0.197,0.143,0,"liquido homogeneo, limpido",0,conforme padrao,True,caracteristico,,False
LMU-2405-070,Limpador Multiuso Alcalino,3,Estufa 40C,15,10.04,1.016,-0.211,0.0,0.422,0.305,1,liquido homogeneo com leve pelicula na superficie,0,conforme padrao,True,caracteristico do produto,,False
LMU-2405-070,Limpador Multiuso Alcalino,3,Estufa 40C,30,10.01,1.017,-0.422,0.0,0.845,0.609,1,"homogeneo, leve turvacao em relacao ao padrao",0,conforme padrao,True,caracteristico,,False
LMU-2405-070,Limpador Multiuso Alcalino,3,Estufa 40C,60,9.83,1.017,-0.845,0.0,1.689,1.212,1,"homogeneo, leve turvacao em relacao ao padrao",1,"levemente diferente do padrao, conforme",True,caracteristico,,False
LMU-2405-070,Limpador Multiuso Alcalino,3,Estufa 40C,90,9.6,1.019,-1.267,0.0,2.534,1.811,0,"liquido homogeneo, limpido",2,perceptivelmente mais escura que o padrao,True,caracteristico,,False
LMU-2405-070,Limpador Multiuso Alcalino,3,Geladeira 5C,7,10.16,1.013,-0.002,0.0,0.004,0.003,1,liquido homogeneo com leve pelicula na superficie,0,conforme padrao,True,caracteristico,,False
LMU-2405-070,Limpador Multiuso Alcalino,3,Geladeira 5C,15,10.16,1.015,-0.004,0.0,0.009,0.006,1,"homogeneo, leve turvacao em relacao ao padrao",0,conforme padrao,True,caracteristico do produto,,False
LMU-2405-070,Limpador Multiuso Alcalino,3,Geladeira 5C,30,10.17,1.014,-0.009,0.0,0.018,0.013,1,liquido homogeneo com leve pelicula na superficie,0,conforme padrao,True,caracteristico do produto,,False
LMU-2405-070,Limpador Multiuso Alcalino,3,Geladeira 5C,60,10.08,1.015,-0.018,0.0,0.035,0.026,1,"homogeneo, leve turvacao em relacao ao padrao",0,conforme padrao,True,caracteristico,,False
LMU-2405-070,Limpador Multiuso Alcalino,3,Geladeira 5C,90,10.07,1.016,-0.027,0.0,0.053,0.038,1,liquido homogeneo com leve pelicula na superficie,0,conforme padrao,True,caracteristico do produto,,False
LMU-2405-070,Limpador Multiuso Alcalino,3,Luz Solar,7,10.13,1.014,-0.32,0.0,0.993,0.654,1,liquido homogeneo com leve pelicula na superficie,0,conforme padrao,True,caracteristico,,False
LMU-2405-070,Limpador Multiuso Alcalino,3,Luz Solar,15,10.08,1.015,-0.644,0.0,1.955,1.284,1,"homogeneo, leve turvacao em relacao ao padrao",1,"levemente diferente do padrao, conforme",True,caracteristico do produto,,False
LMU-2405-070,Limpador Multiuso Alcalino,3,Luz Solar,30,10.13,1.016,-1.152,0.0,3.369,2.205,0,"liquido homogeneo, levemente opalescente",2,perceptivelmente mais escura que o padrao,True,caracteristico,,False
LMU-2405-070,Limpador Multiuso Alcalino,3,Luz Solar,60,10.0,1.019,-1.884,0.0,5.175,3.385,1,"homogeneo, leve turvacao em relacao ao padrao",3,amarelada em relacao ao padrao,True,caracteristico do produto,,False
LMU-2405-070,Limpador Multiuso Alcalino,3,Luz Solar,90,9.98,1.015,-2.372,0.0,6.216,4.077,1,liquido homogeneo com leve pelicula na superficie,3,amarelada em relacao ao padrao,True,caracteristico,,False
LMU-2405-072,Limpador Multiuso Alcalino,3,Ambiente Escuro 25C,7,10.15,1.015,-0.021,0.0,0.042,0.03,2,"leve cremeacao na superficie, porem conforme",0,conforme padrao,True,caracteristico do produto,,False
LMU-2405-072,Limpador Multiuso Alcalino,3,Ambiente Escuro 25C,15,10.19,1.016,-0.045,0.0,0.09,0.064,2,"leve cremeacao na superficie, porem conforme",0,conforme padrao,True,caracteristico,,False
LMU-2405-072,Limpador Multiuso Alcalino,3,Ambiente Escuro 25C,30,10.1,1.016,-0.09,0.0,0.18,0.127,2,"leve cremeacao na superficie, porem conforme",0,conforme padrao,True,caracteristico,,False
LMU-2405-072,Limpador Multiuso Alcalino,3,Ambiente Escuro 25C,60,10.14,1.019,-0.18,0.0,0.36,0.255,2,"leve cremeacao na superficie, porem conforme",0,conforme padrao,True,caracteristico,,False
LMU-2405-072,Limpador Multiuso Alcalino,3,Ambiente Escuro 25C,90,10.03,1.019,-0.27,0.0,0.54,0.382,2,"leve cremeacao na superficie, porem conforme",0,conforme padrao,True,caracteristico do produto,,False
LMU-2405-072,Limpador Multiuso Alcalino,3,Estufa 40C,7,10.12,1.018,-0.099,0.0,0.197,0.14,2,"cremeacao visivel na superficie, reversivel a agitacao",0,conforme padrao,True,caracteristico do produto,,False
LMU-2405-072,Limpador Multiuso Alcalino,3,Estufa 40C,15,10.03,1.019,-0.211,0.0,0.422,0.299,2,"cremeacao visivel na superficie, reversivel a agitacao",0,conforme padrao,True,caracteristico,,False
LMU-2405-072,Limpador Multiuso Alcalino,3,Estufa 40C,30,9.95,1.019,-0.422,0.0,0.845,0.596,3,"separacao parcial de fase, camada superior definida",0,conforme padrao,True,caracteristico,aspecto nao conforme,True
LMU-2405-072,Limpador Multiuso Alcalino,3,Estufa 40C,60,9.67,1.019,-0.845,0.0,1.689,1.188,3,sedimento no fundo nao reincorporavel,1,"levemente diferente do padrao, conforme",True,caracteristico do produto,aspecto nao conforme,True
LMU-2405-072,Limpador Multiuso Alcalino,3,Estufa 40C,90,9.5,1.022,-1.267,0.0,2.534,1.774,4,quebra de emulsao com sobrenadante limpido,2,perceptivelmente mais escura que o padrao,True,caracteristico do produto,aspecto nao conforme,True
LMU-2405-072,Limpador Multiuso Alcalino,3,Geladeira 5C,7,10.14,1.015,-0.002,0.0,0.004,0.003,2,"leve cremeacao na superficie, porem conforme",0,conforme padrao,True,caracteristico,,False
LMU-2405-072,Limpador Multiuso Alcalino,3,Geladeira 5C,15,10.18,1.018,-0.004,0.0,0.009,0.006,2,"cremeacao visivel na superficie, reversivel a agitacao",0,conforme padrao,True,caracteristico do produto,,False
LMU-2405-072,Limpador Multiuso Alcalino,3,Geladeira 5C,30,10.1,1.017,-0.009,0.0,0.018,0.013,2,"leve cremeacao na superficie, porem conforme",0,conforme padrao,True,caracteristico do produto,,False
LMU-2405-072,Limpador Multiuso Alcalino,3,Geladeira 5C,60,10.11,1.015,-0.018,0.0,0.035,0.025,3,sedimento no fundo nao reincorporavel,0,conforme padrao,True,caracteristico,aspecto nao conforme,True
LMU-2405-072,Limpador Multiuso Alcalino,3,Geladeira 5C,90,10.15,1.017,-0.027,0.0,0.053,0.038,2,"leve cremeacao na superficie, porem conforme",0,conforme padrao,True,caracteristico,,False
LMU-2405-072,Limpador Multiuso Alcalino,3,Luz Solar,7,10.1,1.018,-0.32,0.0,0.993,0.639,1,"homogeneo, leve turvacao em relacao ao padrao",0,conforme padrao,True,caracteristico do produto,,False
LMU-2405-072,Limpador Multiuso Alcalino,3,Luz Solar,15,10.12,1.018,-0.644,0.0,1.955,1.255,2,"leve cremeacao na superficie, porem conforme",1,"levemente diferente do padrao, conforme",True,caracteristico do produto,,False
LMU-2405-072,Limpador Multiuso Alcalino,3,Luz Solar,30,10.12,1.018,-1.152,0.0,3.369,2.156,3,"separacao parcial de fase, camada superior definida",2,perceptivelmente mais escura que o padrao,True,caracteristico,aspecto nao conforme,True
LMU-2405-072,Limpador Multiuso Alcalino,3,Luz Solar,60,9.99,1.019,-1.884,0.0,5.175,3.312,3,sedimento no fundo nao reincorporavel,3,amarelada em relacao ao padrao,True,caracteristico,aspecto nao conforme,True
LMU-2405-072,Limpador Multiuso Alcalino,3,Luz Solar,90,9.91,1.014,-2.372,0.0,6.216,3.99,3,sedimento no fundo nao reincorporavel,3,amarelada em relacao ao padrao,True,caracteristico do produto,aspecto nao conforme,True
DES-2406-074,Desinfetante Quaternario Concentrado,3,Ambiente Escuro 25C,7,6.76,1.005,-0.015,0.0,0.031,0.017,1,liquido homogeneo com leve pelicula na superficie,0,conforme padrao,True,caracteristico do produto,,False
DES-2406-074,Desinfetante Quaternario Concentrado,3,Ambiente Escuro 25C,15,6.8,1.008,-0.033,0.0,0.066,0.037,1,"homogeneo, leve turvacao em relacao ao padrao",0,conforme padrao,True,caracteristico do produto,,False
DES-2406-074,Desinfetante Quaternario Concentrado,3,Ambiente Escuro 25C,30,6.78,1.006,-0.066,0.0,0.132,0.075,2,"cremeacao visivel na superficie, reversivel a agitacao",0,conforme padrao,True,caracteristico,,False
DES-2406-074,Desinfetante Quaternario Concentrado,3,Ambiente Escuro 25C,60,6.78,1.006,-0.132,0.0,0.264,0.15,1,"homogeneo, leve turvacao em relacao ao padrao",0,conforme padrao,True,caracteristico,,False
DES-2406-074,Desinfetante Quaternario Concentrado,3,Ambiente Escuro 25C,90,6.73,1.006,-0.198,0.0,0.396,0.225,2,"leve cremeacao na superficie, porem conforme",0,conforme padrao,True,caracteristico do produto,,False
DES-2406-074,Desinfetante Quaternario Concentrado,3,Estufa 40C,7,6.78,1.004,-0.072,0.0,0.145,0.082,2,"leve cremeacao na superficie, porem conforme",0,conforme padrao,True,caracteristico,,False
DES-2406-074,Desinfetante Quaternario Concentrado,3,Estufa 40C,15,6.73,1.007,-0.155,0.0,0.31,0.176,2,"cremeacao visivel na superficie, reversivel a agitacao",0,conforme padrao,True,caracteristico,,False
DES-2406-074,Desinfetante Quaternario Concentrado,3,Estufa 40C,30,6.72,1.008,-0.31,0.0,0.619,0.352,2,"cremeacao visivel na superficie, reversivel a agitacao",0,conforme padrao,True,caracteristico,,False
DES-2406-074,Desinfetante Quaternario Concentrado,3,Estufa 40C,60,6.63,1.009,-0.619,0.0,1.239,0.709,3,"separacao parcial de fase, camada superior definida",0,conforme padrao,True,caracteristico,aspecto nao conforme,True
DES-2406-074,Desinfetante Quaternario Concentrado,3,Estufa 40C,90,6.49,1.008,-0.929,0.0,1.858,1.07,3,"separacao parcial de fase, camada superior definida",1,"levemente diferente do padrao, conforme",True,caracteristico,aspecto nao conforme,True
DES-2406-074,Desinfetante Quaternario Concentrado,3,Geladeira 5C,7,6.83,1.005,-0.002,0.0,0.003,0.002,1,liquido homogeneo com leve pelicula na superficie,0,conforme padrao,True,caracteristico do produto,,False
DES-2406-074,Desinfetante Quaternario Concentrado,3,Geladeira 5C,15,6.85,1.003,-0.003,0.0,0.006,0.004,1,liquido homogeneo com leve pelicula na superficie,0,conforme padrao,True,caracteristico do produto,,False
DES-2406-074,Desinfetante Quaternario Concentrado,3,Geladeira 5C,30,6.8,1.005,-0.006,0.0,0.013,0.007,2,"leve cremeacao na superficie, porem conforme",0,conforme padrao,True,caracteristico do produto,,False
DES-2406-074,Desinfetante Quaternario Concentrado,3,Geladeira 5C,60,6.8,1.004,-0.013,0.0,0.026,0.015,1,"homogeneo, leve turvacao em relacao ao padrao",0,conforme padrao,True,caracteristico,,False
DES-2406-074,Desinfetante Quaternario Concentrado,3,Geladeira 5C,90,6.79,1.008,-0.019,0.0,0.039,0.022,1,"homogeneo, leve turvacao em relacao ao padrao",0,conforme padrao,True,caracteristico,,False
DES-2406-074,Desinfetante Quaternario Concentrado,3,Luz Solar,7,6.81,1.004,-0.344,0.0,1.084,0.511,2,"cremeacao visivel na superficie, reversivel a agitacao",0,conforme padrao,True,caracteristico,,False
DES-2406-074,Desinfetante Quaternario Concentrado,3,Luz Solar,15,6.78,1.006,-0.691,0.0,2.131,1.024,1,"homogeneo, leve turvacao em relacao ao padrao",1,"levemente diferente do padrao, conforme",True,caracteristico,,False
DES-2406-074,Desinfetante Quaternario Concentrado,3,Luz Solar,30,6.78,1.008,-1.231,0.0,3.655,1.814,2,"leve cremeacao na superficie, porem conforme",2,perceptivelmente mais escura que o padrao,True,caracteristico do produto,,False
DES-2406-074,Desinfetante Quaternario Concentrado,3,Luz Solar,60,6.7,1.005,-1.991,0.0,5.559,2.888,2,"cremeacao visivel na superficie, reversivel a agitacao",2,perceptivelmente mais escura que o padrao,True,caracteristico do produto,,False
DES-2406-074,Desinfetante Quaternario Concentrado,3,Luz Solar,90,6.67,1.005,-2.479,0.0,6.606,3.537,1,liquido homogeneo com leve pelicula na superficie,3,amarelada em relacao ao padrao,True,caracteristico do produto,,False
LMU-2406-078,Limpador Multiuso Alcalino,3,Ambiente Escuro 25C,7,10.14,1.006,-0.021,0.0,0.042,0.03,0,"liquido homogeneo, limpido",0,conforme padrao,True,caracteristico,,False
LMU-2406-078,Limpador Multiuso Alcalino,3,Ambiente Escuro 25C,15,10.14,1.003,-0.045,0.0,0.09,0.065,0,"liquido homogeneo, sem alteracao",0,conforme padrao,True,caracteristico do produto,,False
LMU-2406-078,Limpador Multiuso Alcalino,3,Ambiente Escuro 25C,30,10.12,1.006,-0.09,0.0,0.18,0.129,0,"liquido homogeneo, sem alteracao",0,conforme padrao,True,caracteristico do produto,,False
LMU-2406-078,Limpador Multiuso Alcalino,3,Ambiente Escuro 25C,60,10.14,1.006,-0.18,0.0,0.36,0.258,0,"liquido homogeneo, limpido",0,conforme padrao,True,caracteristico do produto,,False
LMU-2406-078,Limpador Multiuso Alcalino,3,Ambiente Escuro 25C,90,10.11,1.009,-0.27,0.0,0.54,0.387,1,liquido homogeneo com leve pelicula na superficie,0,conforme padrao,True,caracteristico,,False
LMU-2406-078,Limpador Multiuso Alcalino,3,Estufa 40C,7,10.12,1.004,-0.099,0.0,0.197,0.142,0,"liquido homogeneo, levemente opalescente",0,conforme padrao,True,caracteristico do produto,,False
LMU-2406-078,Limpador Multiuso Alcalino,3,Estufa 40C,15,10.07,1.005,-0.211,0.0,0.422,0.303,0,"liquido homogeneo, levemente opalescente",0,conforme padrao,True,caracteristico,,False
LMU-2406-078,Limpador Multiuso Alcalino,3,Estufa 40C,30,9.98,1.006,-0.422,0.0,0.845,0.605,0,"liquido homogeneo, limpido",0,conforme padrao,True,caracteristico do produto,,False
LMU-2406-078,Limpador Multiuso Alcalino,3,Estufa 40C,60,9.87,1.01,-0.845,0.0,1.689,1.204,0,"liquido homogeneo, sem alteracao",1,"levemente diferente do padrao, conforme",True,caracteristico,,False
LMU-2406-078,Limpador Multiuso Alcalino,3,Estufa 40C,90,9.76,1.009,-1.267,0.0,2.534,1.799,0,"liquido homogeneo, levemente opalescente",2,perceptivelmente mais escura que o padrao,True,caracteristico,,False
LMU-2406-078,Limpador Multiuso Alcalino,3,Geladeira 5C,7,10.12,1.004,-0.002,0.0,0.004,0.003,0,"liquido homogeneo, limpido",0,conforme padrao,True,caracteristico,,False
LMU-2406-078,Limpador Multiuso Alcalino,3,Geladeira 5C,15,10.1,1.004,-0.004,0.0,0.009,0.006,0,"liquido homogeneo, sem alteracao",0,conforme padrao,True,caracteristico do produto,,False
LMU-2406-078,Limpador Multiuso Alcalino,3,Geladeira 5C,30,10.16,1.005,-0.009,0.0,0.018,0.013,0,"liquido homogeneo, sem alteracao",0,conforme padrao,True,caracteristico,,False
LMU-2406-078,Limpador Multiuso Alcalino,3,Geladeira 5C,60,10.16,1.009,-0.018,0.0,0.035,0.025,1,"homogeneo, leve turvacao em relacao ao padrao",0,conforme padrao,True,caracteristico,,False
LMU-2406-078,Limpador Multiuso Alcalino,3,Geladeira 5C,90,10.14,1.009,-0.027,0.0,0.053,0.038,0,"liquido homogeneo, limpido",0,conforme padrao,True,caracteristico do produto,,False
LMU-2406-078,Limpador Multiuso Alcalino,3,Luz Solar,7,10.18,1.007,-0.32,0.0,0.993,0.648,0,"liquido homogeneo, sem alteracao",0,conforme padrao,True,caracteristico,,False
LMU-2406-078,Limpador Multiuso Alcalino,3,Luz Solar,15,10.19,1.006,-0.644,0.0,1.955,1.272,0,"liquido homogeneo, levemente opalescente",1,"levemente diferente do padrao, conforme",True,caracteristico,,False
LMU-2406-078,Limpador Multiuso Alcalino,3,Luz Solar,30,10.11,1.006,-1.152,0.0,3.369,2.185,1,"homogeneo, leve turvacao em relacao ao padrao",2,perceptivelmente mais escura que o padrao,True,caracteristico do produto,,False
LMU-2406-078,Limpador Multiuso Alcalino,3,Luz Solar,60,10.01,1.004,-1.884,0.0,5.175,3.356,0,"liquido homogeneo, levemente opalescente",3,amarelada em relacao ao padrao,True,caracteristico do produto,,False
LMU-2406-078,Limpador Multiuso Alcalino,3,Luz Solar,90,9.98,1.009,-2.372,0.0,6.216,4.044,0,"liquido homogeneo, limpido",3,amarelada em relacao ao padrao,True,caracteristico do produto,,False
DLL-2406-079,Detergente Liquido Lava-Loucas,3,Ambiente Escuro 25C,7,7.43,1.034,-0.017,0.0,0.034,0.019,0,"liquido homogeneo, limpido",0,conforme padrao,True,caracteristico,,False
DLL-2406-079,Detergente Liquido Lava-Loucas,3,Ambiente Escuro 25C,15,7.38,1.035,-0.036,0.0,0.072,0.041,0,"liquido homogeneo, levemente opalescente",0,conforme padrao,True,caracteristico,,False
DLL-2406-079,Detergente Liquido Lava-Loucas,3,Ambiente Escuro 25C,30,7.37,1.035,-0.072,0.0,0.144,0.081,0,"liquido homogeneo, limpido",0,conforme padrao,True,caracteristico,,False
DLL-2406-079,Detergente Liquido Lava-Loucas,3,Ambiente Escuro 25C,60,7.32,1.037,-0.144,0.0,0.288,0.162,0,"liquido homogeneo, limpido",0,conforme padrao,True,caracteristico,,False
DLL-2406-079,Detergente Liquido Lava-Loucas,3,Ambiente Escuro 25C,90,7.33,1.036,-0.216,0.0,0.432,0.243,0,"liquido homogeneo, limpido",0,conforme padrao,True,caracteristico do produto,,False
DLL-2406-079,Detergente Liquido Lava-Loucas,3,Estufa 40C,7,7.44,1.036,-0.079,0.0,0.158,0.089,0,"liquido homogeneo, sem alteracao",0,conforme padrao,True,caracteristico do produto,,False
DLL-2406-079,Detergente Liquido Lava-Loucas,3,Estufa 40C,15,7.41,1.038,-0.169,0.0,0.338,0.19,0,"liquido homogeneo, sem alteracao",0,conforme padrao,True,caracteristico,,False
DLL-2406-079,Detergente Liquido Lava-Loucas,3,Estufa 40C,30,7.31,1.038,-0.338,0.0,0.676,0.38,0,"liquido homogeneo, limpido",0,conforme padrao,True,caracteristico do produto,,False
DLL-2406-079,Detergente Liquido Lava-Loucas,3,Estufa 40C,60,7.29,1.038,-0.676,0.0,1.351,0.757,0,"liquido homogeneo, levemente opalescente",0,conforme padrao,True,caracteristico,,False
DLL-2406-079,Detergente Liquido Lava-Loucas,3,Estufa 40C,90,7.13,1.041,-1.014,0.0,2.027,1.13,0,"liquido homogeneo, levemente opalescente",1,"levemente diferente do padrao, conforme",True,caracteristico do produto,,False
DLL-2406-079,Detergente Liquido Lava-Loucas,3,Geladeira 5C,7,7.4,1.035,-0.002,0.0,0.003,0.002,0,"liquido homogeneo, sem alteracao",0,conforme padrao,True,caracteristico,,False
DLL-2406-079,Detergente Liquido Lava-Loucas,3,Geladeira 5C,15,7.35,1.033,-0.004,0.0,0.007,0.004,0,"liquido homogeneo, levemente opalescente",0,conforme padrao,True,caracteristico do produto,,False
DLL-2406-079,Detergente Liquido Lava-Loucas,3,Geladeira 5C,30,7.37,1.035,-0.007,0.0,0.014,0.008,0,"liquido homogeneo, sem alteracao",0,conforme padrao,True,caracteristico,,False
DLL-2406-079,Detergente Liquido Lava-Loucas,3,Geladeira 5C,60,7.43,1.036,-0.014,0.0,0.028,0.016,0,"liquido homogeneo, levemente opalescente",0,conforme padrao,True,caracteristico do produto,,False
DLL-2406-079,Detergente Liquido Lava-Loucas,3,Geladeira 5C,90,7.37,1.035,-0.021,0.0,0.042,0.024,0,"liquido homogeneo, sem alteracao",0,conforme padrao,True,caracteristico,,False
DLL-2406-079,Detergente Liquido Lava-Loucas,3,Luz Solar,7,7.36,1.034,-0.256,0.0,0.794,0.401,0,"liquido homogeneo, sem alteracao",0,conforme padrao,True,caracteristico,,False
DLL-2406-079,Detergente Liquido Lava-Loucas,3,Luz Solar,15,7.4,1.033,-0.515,0.0,1.564,0.789,0,"liquido homogeneo, levemente opalescente",0,conforme padrao,True,caracteristico do produto,,False
DLL-2406-079,Detergente Liquido Lava-Loucas,3,Luz Solar,30,7.35,1.038,-0.921,0.0,2.695,1.356,0,"liquido homogeneo, levemente opalescente",1,"levemente diferente do padrao, conforme",True,caracteristico do produto,,False
DLL-2406-079,Detergente Liquido Lava-Loucas,3,Luz Solar,60,7.31,1.037,-1.507,0.0,4.14,2.085,0,"liquido homogeneo, limpido",2,perceptivelmente mais escura que o padrao,True,caracteristico do produto,,False
DLL-2406-079,Detergente Liquido Lava-Loucas,3,Luz Solar,90,7.3,1.036,-1.898,0.0,4.972,2.516,0,"liquido homogeneo, levemente opalescente",2,perceptivelmente mais escura que o padrao,True,caracteristico,,False
LMU-2406-080,Limpador Multiuso Alcalino,3,Ambiente Escuro 25C,7,10.05,1.014,-0.021,0.0,0.042,0.03,0,"liquido homogeneo, limpido",0,conforme padrao,True,caracteristico do produto,,False
LMU-2406-080,Limpador Multiuso Alcalino,3,Ambiente Escuro 25C,15,10.06,1.017,-0.045,0.0,0.09,0.065,0,"liquido homogeneo, levemente opalescente",0,conforme padrao,True,caracteristico do produto,,False
LMU-2406-080,Limpador Multiuso Alcalino,3,Ambiente Escuro 25C,30,10.02,1.017,-0.09,0.0,0.18,0.13,0,"liquido homogeneo, limpido",0,conforme padrao,True,caracteristico,,False
LMU-2406-080,Limpador Multiuso Alcalino,3,Ambiente Escuro 25C,60,9.98,1.016,-0.18,0.0,0.36,0.259,0,"liquido homogeneo, limpido",0,conforme padrao,True,caracteristico do produto,,False
LMU-2406-080,Limpador Multiuso Alcalino,3,Ambiente Escuro 25C,90,9.9,1.015,-0.27,0.0,0.54,0.388,0,"liquido homogeneo, sem alteracao",0,conforme padrao,True,caracteristico do produto,,False
LMU-2406-080,Limpador Multiuso Alcalino,3,Estufa 40C,7,10.03,1.016,-0.099,0.0,0.197,0.142,0,"liquido homogeneo, limpido",0,conforme padrao,True,caracteristico,,False
LMU-2406-080,Limpador Multiuso Alcalino,3,Estufa 40C,15,10.03,1.017,-0.211,0.0,0.422,0.304,0,"liquido homogeneo, levemente opalescente",0,conforme padrao,True,caracteristico,,False
LMU-2406-080,Limpador Multiuso Alcalino,3,Estufa 40C,30,9.95,1.02,-0.422,0.0,0.845,0.606,0,"liquido homogeneo, limpido",0,conforme padrao,True,caracteristico,,False
LMU-2406-080,Limpador Multiuso Alcalino,3,Estufa 40C,60,9.74,1.019,-0.845,0.0,1.689,1.207,0,"liquido homogeneo, sem alteracao",1,"levemente diferente do padrao, conforme",True,caracteristico,,False
LMU-2406-080,Limpador Multiuso Alcalino,3,Estufa 40C,90,9.61,1.023,-1.267,0.0,2.534,1.803,0,"liquido homogeneo, levemente opalescente",2,perceptivelmente mais escura que o padrao,True,caracteristico do produto,,False
LMU-2406-080,Limpador Multiuso Alcalino,3,Geladeira 5C,7,10.03,1.016,-0.002,0.0,0.004,0.003,0,"liquido homogeneo, levemente opalescente",0,conforme padrao,True,caracteristico do produto,,False
LMU-2406-080,Limpador Multiuso Alcalino,3,Geladeira 5C,15,10.04,1.016,-0.004,0.0,0.009,0.006,0,"liquido homogeneo, levemente opalescente",0,conforme padrao,True,caracteristico do produto,,False
LMU-2406-080,Limpador Multiuso Alcalino,3,Geladeira 5C,30,10.07,1.013,-0.009,0.0,0.018,0.013,0,"liquido homogeneo, sem alteracao",0,conforme padrao,True,caracteristico,,False
LMU-2406-080,Limpador Multiuso Alcalino,3,Geladeira 5C,60,10.07,1.015,-0.018,0.0,0.035,0.025,0,"liquido homogeneo, levemente opalescente",0,conforme padrao,True,caracteristico do produto,,False
LMU-2406-080,Limpador Multiuso Alcalino,3,Geladeira 5C,90,10.06,1.015,-0.027,0.0,0.053,0.038,0,"liquido homogeneo, levemente opalescente",0,conforme padrao,True,caracteristico do produto,,False
LMU-2406-080,Limpador Multiuso Alcalino,3,Luz Solar,7,10.07,1.016,-0.32,0.0,0.993,0.65,0,"liquido homogeneo, sem alteracao",0,conforme padrao,True,caracteristico do produto,,False
LMU-2406-080,Limpador Multiuso Alcalino,3,Luz Solar,15,9.99,1.018,-0.644,0.0,1.955,1.277,0,"liquido homogeneo, sem alteracao",1,"levemente diferente do padrao, conforme",True,caracteristico do produto,,False
LMU-2406-080,Limpador Multiuso Alcalino,3,Luz Solar,30,9.95,1.018,-1.152,0.0,3.369,2.193,0,"liquido homogeneo, levemente opalescente",2,perceptivelmente mais escura que o padrao,True,caracteristico do produto,,False
LMU-2406-080,Limpador Multiuso Alcalino,3,Luz Solar,60,9.95,1.015,-1.884,0.0,5.175,3.367,0,"liquido homogeneo, sem alteracao",3,amarelada em relacao ao padrao,True,caracteristico do produto,,False
LMU-2406-080,Limpador Multiuso Alcalino,3,Luz Solar,90,9.92,1.019,-2.372,0.0,6.216,4.056,0,"liquido homogeneo, limpido",3,amarelada em relacao ao padrao,True,caracteristico,,False
DLL-2406-081,Detergente Liquido Lava-Loucas,3,Ambiente Escuro 25C,7,7.72,1.028,-0.017,0.0,0.034,0.019,0,"liquido homogeneo, levemente opalescente",0,conforme padrao,True,caracteristico,,False
DLL-2406-081,Detergente Liquido Lava-Loucas,3,Ambiente Escuro 25C,15,7.73,1.026,-0.036,0.0,0.072,0.04,0,"liquido homogeneo, levemente opalescente",0,conforme padrao,True,caracteristico do produto,,False
DLL-2406-081,Detergente Liquido Lava-Loucas,3,Ambiente Escuro 25C,30,7.69,1.029,-0.072,0.0,0.144,0.08,0,"liquido homogeneo, sem alteracao",0,conforme padrao,True,caracteristico,,False
DLL-2406-081,Detergente Liquido Lava-Loucas,3,Ambiente Escuro 25C,60,7.69,1.029,-0.144,0.0,0.288,0.16,0,"liquido homogeneo, sem alteracao",0,conforme padrao,True,caracteristico,,False
DLL-2406-081,Detergente Liquido Lava-Loucas,3,Ambiente Escuro 25C,90,7.69,1.027,-0.216,0.0,0.432,0.24,0,"liquido homogeneo, levemente opalescente",0,conforme padrao,True,caracteristico do produto,,False
DLL-2406-081,Detergente Liquido Lava-Loucas,3,Estufa 40C,7,7.73,1.029,-0.079,0.0,0.158,0.088,0,"liquido homogeneo, sem alteracao",0,conforme padrao,True,caracteristico do produto,,False
DLL-2406-081,Detergente Liquido Lava-Loucas,3,Estufa 40C,15,7.69,1.026,-0.169,0.0,0.338,0.188,0,"liquido homogeneo, limpido",0,conforme padrao,True,caracteristico,,False
DLL-2406-081,Detergente Liquido Lava-Loucas,3,Estufa 40C,30,7.64,1.029,-0.338,0.0,0.676,0.374,0,"liquido homogeneo, sem alteracao",0,conforme padrao,True,caracteristico do produto,,False
DLL-2406-081,Detergente Liquido Lava-Loucas,3,Estufa 40C,60,7.63,1.032,-0.676,0.0,1.351,0.746,0,"liquido homogeneo, sem alteracao",0,conforme padrao,True,caracteristico,,False
DLL-2406-081,Detergente Liquido Lava-Loucas,3,Estufa 40C,90,7.51,1.033,-1.014,0.0,2.027,1.114,0,"liquido homogeneo, sem alteracao",1,"levemente diferente do padrao, conforme",True,caracteristico do produto,,False
DLL-2406-081,Detergente Liquido Lava-Loucas,3,Geladeira 5C,7,7.73,1.03,-0.002,0.0,0.003,0.002,0,"liquido homogeneo, levemente opalescente",0,conforme padrao,True,caracteristico,,False
DLL-2406-081,Detergente Liquido Lava-Loucas,3,Geladeira 5C,15,7.72,1.028,-0.004,0.0,0.007,0.004,0,"liquido homogeneo, sem alteracao",0,conforme padrao,True,caracteristico do produto,,False
DLL-2406-081,Detergente Liquido Lava-Loucas,3,Geladeira 5C,30,7.75,1.027,-0.007,0.0,0.014,0.008,0,"liquido homogeneo, limpido",0,conforme padrao,True,caracteristico,,False
DLL-2406-081,Detergente Liquido Lava-Loucas,3,Geladeira 5C,60,7.73,1.029,-0.014,0.0,0.028,0.016,0,"liquido homogeneo, limpido",0,conforme padrao,True,caracteristico,,False
DLL-2406-081,Detergente Liquido Lava-Loucas,3,Geladeira 5C,90,7.69,1.029,-0.021,0.0,0.042,0.024,0,"liquido homogeneo, limpido",0,conforme padrao,True,caracteristico do produto,,False
DLL-2406-081,Detergente Liquido Lava-Loucas,3,Luz Solar,7,7.7,1.028,-0.256,0.0,0.794,0.394,0,"liquido homogeneo, sem alteracao",0,conforme padrao,True,caracteristico,,False
DLL-2406-081,Detergente Liquido Lava-Loucas,3,Luz Solar,15,7.69,1.032,-0.515,0.0,1.564,0.775,0,"liquido homogeneo, levemente opalescente",0,conforme padrao,True,caracteristico,,False
DLL-2406-081,Detergente Liquido Lava-Loucas,3,Luz Solar,30,7.74,1.028,-0.921,0.0,2.695,1.333,0,"liquido homogeneo, limpido",1,"levemente diferente do padrao, conforme",True,caracteristico,,False
DLL-2406-081,Detergente Liquido Lava-Loucas,3,Luz Solar,60,7.7,1.031,-1.507,0.0,4.14,2.052,0,"liquido homogeneo, limpido",2,perceptivelmente mais escura que o padrao,True,caracteristico do produto,,False
DLL-2406-081,Detergente Liquido Lava-Loucas,3,Luz Solar,90,7.62,1.03,-1.898,0.0,4.972,2.478,0,"liquido homogeneo, sem alteracao",2,perceptivelmente mais escura que o padrao,True,caracteristico do produto,,False
DLR-2406-082,Detergente Liquido para Roupas,3,Ambiente Escuro 25C,7,9.59,1.016,-0.018,0.0,0.036,0.03,2,"cremeacao visivel na superficie, reversivel a agitacao",0,conforme padrao,True,caracteristico,,False
DLR-2406-082,Detergente Liquido para Roupas,3,Ambiente Escuro 25C,15,9.6,1.017,-0.039,0.0,0.078,0.065,1,liquido homogeneo com leve pelicula na superficie,0,conforme padrao,True,caracteristico,,False
DLR-2406-082,Detergente Liquido para Roupas,3,Ambiente Escuro 25C,30,9.56,1.017,-0.078,0.0,0.156,0.129,1,liquido homogeneo com leve pelicula na superficie,0,conforme padrao,True,caracteristico,,False
DLR-2406-082,Detergente Liquido para Roupas,3,Ambiente Escuro 25C,60,9.57,1.017,-0.156,0.0,0.312,0.258,1,"homogeneo, leve turvacao em relacao ao padrao",0,conforme padrao,True,caracteristico,,False
DLR-2406-082,Detergente Liquido para Roupas,3,Ambiente Escuro 25C,90,9.52,1.017,-0.234,0.0,0.468,0.387,1,"homogeneo, leve turvacao em relacao ao padrao",0,conforme padrao,True,caracteristico do produto,,False
DLR-2406-082,Detergente Liquido para Roupas,3,Estufa 40C,7,9.58,1.016,-0.085,0.0,0.171,0.141,1,"homogeneo, leve turvacao em relacao ao padrao",0,conforme padrao,True,caracteristico,,False
DLR-2406-082,Detergente Liquido para Roupas,3,Estufa 40C,15,9.53,1.02,-0.183,0.0,0.366,0.303,1,"homogeneo, leve turvacao em relacao ao padrao",0,conforme padrao,True,caracteristico do produto,,False
DLR-2406-082,Detergente Liquido para Roupas,3,Estufa 40C,30,9.47,1.021,-0.366,0.0,0.732,0.606,2,"leve cremeacao na superficie, porem conforme",0,conforme padrao,True,caracteristico do produto,,False
DLR-2406-082,Detergente Liquido para Roupas,3,Estufa 40C,60,9.34,1.02,-0.732,0.0,1.464,1.211,3,"separacao parcial de fase, camada superior definida",1,"levemente diferente do padrao, conforme",True,caracteristico,aspecto nao conforme,True
DLR-2406-082,Detergente Liquido para Roupas,3,Estufa 40C,90,9.14,1.021,-1.098,0.0,2.196,1.814,3,"separacao parcial de fase, camada superior definida",2,perceptivelmente mais escura que o padrao,True,caracteristico,aspecto nao conforme,True
DLR-2406-082,Detergente Liquido para Roupas,3,Geladeira 5C,7,9.64,1.02,-0.002,0.0,0.004,0.003,1,liquido homogeneo com leve pelicula na superficie,0,conforme padrao,True,caracteristico,,False
DLR-2406-082,Detergente Liquido para Roupas,3,Geladeira 5C,15,9.63,1.016,-0.004,0.0,0.008,0.006,1,"homogeneo, leve turvacao em relacao ao padrao",0,conforme padrao,True,caracteristico,,False
DLR-2406-082,Detergente Liquido para Roupas,3,Geladeira 5C,30,9.62,1.014,-0.008,0.0,0.015,0.013,1,liquido homogeneo com leve pelicula na superficie,0,conforme padrao,True,caracteristico do produto,,False
DLR-2406-082,Detergente Liquido para Roupas,3,Geladeira 5C,60,9.66,1.017,-0.015,0.0,0.031,0.025,1,liquido homogeneo com leve pelicula na superficie,0,conforme padrao,True,caracteristico,,False
DLR-2406-082,Detergente Liquido para Roupas,3,Geladeira 5C,90,9.58,1.018,-0.023,0.0,0.046,0.038,1,liquido homogeneo com leve pelicula na superficie,0,conforme padrao,True,caracteristico do produto,,False
DLR-2406-082,Detergente Liquido para Roupas,3,Luz Solar,7,9.65,1.019,-0.281,0.0,0.873,0.685,1,"homogeneo, leve turvacao em relacao ao padrao",0,conforme padrao,True,caracteristico do produto,,False
DLR-2406-082,Detergente Liquido para Roupas,3,Luz Solar,15,9.61,1.018,-0.565,0.0,1.719,1.351,1,"homogeneo, leve turvacao em relacao ao padrao",1,"levemente diferente do padrao, conforme",True,caracteristico,,False
DLR-2406-082,Detergente Liquido para Roupas,3,Luz Solar,30,9.57,1.018,-1.012,0.0,2.961,2.329,1,liquido homogeneo com leve pelicula na superficie,2,perceptivelmente mais escura que o padrao,True,caracteristico,,False
DLR-2406-082,Detergente Liquido para Roupas,3,Luz Solar,60,9.52,1.019,-1.654,0.0,4.546,3.58,1,liquido homogeneo com leve pelicula na superficie,3,amarelada em relacao ao padrao,True,caracteristico,,False
DLR-2406-082,Detergente Liquido para Roupas,3,Luz Solar,90,9.45,1.017,-2.082,0.0,5.457,4.306,2,"leve cremeacao na superficie, porem conforme",3,amarelada em relacao ao padrao,True,caracteristico do produto,,False
AMA-2406-084,Amaciante de Roupas (esterquat),3,Ambiente Escuro 25C,7,3.18,1.009,-0.02,0.0,0.039,0.034,0,"liquido homogeneo, limpido",0,conforme padrao,True,caracteristico,,False
AMA-2406-084,Amaciante de Roupas (esterquat),3,Ambiente Escuro 25C,15,3.24,1.005,-0.042,0.0,0.084,0.072,0,"liquido homogeneo, limpido",0,conforme padrao,True,caracteristico do produto,,False
AMA-2406-084,Amaciante de Roupas (esterquat),3,Ambiente Escuro 25C,30,3.19,1.009,-0.084,0.0,0.168,0.145,0,"liquido homogeneo, sem alteracao",0,conforme padrao,True,caracteristico,,False
AMA-2406-084,Amaciante de Roupas (esterquat),3,Ambiente Escuro 25C,60,3.18,1.009,-0.168,0.0,0.336,0.29,0,"liquido homogeneo, levemente opalescente",0,conforme padrao,True,caracteristico do produto,,False
AMA-2406-084,Amaciante de Roupas (esterquat),3,Ambiente Escuro 25C,90,3.1,1.008,-0.252,0.0,0.504,0.436,0,"liquido homogeneo, sem alteracao",0,conforme padrao,True,caracteristico,,False
AMA-2406-084,Amaciante de Roupas (esterquat),3,Estufa 40C,7,3.17,1.006,-0.092,0.0,0.184,0.158,1,"homogeneo, leve turvacao em relacao ao padrao",0,conforme padrao,True,caracteristico,,False
AMA-2406-084,Amaciante de Roupas (esterquat),3,Estufa 40C,15,3.18,1.008,-0.197,0.0,0.394,0.34,0,"liquido homogeneo, levemente opalescente",0,conforme padrao,True,caracteristico do produto,,False
AMA-2406-084,Amaciante de Roupas (esterquat),3,Estufa 40C,30,3.03,1.008,-0.394,0.0,0.788,0.684,0,"liquido homogeneo, levemente opalescente",0,conforme padrao,True,caracteristico,,False
AMA-2406-084,Amaciante de Roupas (esterquat),3,Estufa 40C,60,2.88,1.01,-0.788,0.0,1.577,1.381,0,"liquido homogeneo, levemente opalescente",1,"levemente diferente do padrao, conforme",True,caracteristico do produto,,False
AMA-2406-084,Amaciante de Roupas (esterquat),3,Estufa 40C,90,2.72,1.013,-1.182,0.0,2.365,2.09,1,liquido homogeneo com leve pelicula na superficie,2,perceptivelmente mais escura que o padrao,True,caracteristico do produto,densidade fora de faixa,True
AMA-2406-084,Amaciante de Roupas (esterquat),3,Geladeira 5C,7,3.19,1.008,-0.002,0.0,0.004,0.003,0,"liquido homogeneo, levemente opalescente",0,conforme padrao,True,caracteristico do produto,,False
AMA-2406-084,Amaciante de Roupas (esterquat),3,Geladeira 5C,15,3.19,1.004,-0.004,0.0,0.008,0.007,0,"liquido homogeneo, levemente opalescente",0,conforme padrao,True,caracteristico,,False
AMA-2406-084,Amaciante de Roupas (esterquat),3,Geladeira 5C,30,3.18,1.005,-0.008,0.0,0.017,0.014,1,liquido homogeneo com leve pelicula na superficie,0,conforme padrao,True,caracteristico do produto,,False
AMA-2406-084,Amaciante de Roupas (esterquat),3,Geladeira 5C,60,3.25,1.008,-0.017,0.0,0.033,0.028,0,"liquido homogeneo, levemente opalescente",0,conforme padrao,True,caracteristico,,False
AMA-2406-084,Amaciante de Roupas (esterquat),3,Geladeira 5C,90,3.24,1.005,-0.025,0.0,0.05,0.043,0,"liquido homogeneo, levemente opalescente",0,conforme padrao,True,caracteristico,,False
AMA-2406-084,Amaciante de Roupas (esterquat),3,Luz Solar,7,3.25,1.008,-0.226,0.0,0.693,0.577,1,liquido homogeneo com leve pelicula na superficie,0,conforme padrao,True,caracteristico do produto,,False
AMA-2406-084,Amaciante de Roupas (esterquat),3,Luz Solar,15,3.15,1.009,-0.457,0.0,1.368,1.152,0,"liquido homogeneo, levemente opalescente",1,"levemente diferente do padrao, conforme",True,caracteristico,,False
AMA-2406-084,Amaciante de Roupas (esterquat),3,Luz Solar,30,3.15,1.004,-0.822,0.0,2.369,2.023,0,"liquido homogeneo, sem alteracao",2,perceptivelmente mais escura que o padrao,True,caracteristico,,False
AMA-2406-084,Amaciante de Roupas (esterquat),3,Luz Solar,60,3.12,1.008,-1.359,0.0,3.674,3.196,0,"liquido homogeneo, limpido",3,amarelada em relacao ao padrao,True,caracteristico,,False
AMA-2406-084,Amaciante de Roupas (esterquat),3,Luz Solar,90,3.03,1.009,-1.73,0.0,4.46,3.919,1,liquido homogeneo com leve pelicula na superficie,3,amarelada em relacao ao padrao,True,caracteristico do produto,,False
LMU-2406-086,Limpador Multiuso Alcalino,3,Ambiente Escuro 25C,7,10.25,1.006,-0.021,0.0,0.042,0.03,1,liquido homogeneo com leve pelicula na superficie,0,conforme padrao,True,caracteristico do produto,,False
LMU-2406-086,Limpador Multiuso Alcalino,3,Ambiente Escuro 25C,15,10.29,1.009,-0.045,0.0,0.09,0.065,1,liquido homogeneo com leve pelicula na superficie,0,conforme padrao,True,caracteristico,,False
LMU-2406-086,Limpador Multiuso Alcalino,3,Ambiente Escuro 25C,30,10.26,1.007,-0.09,0.0,0.18,0.129,1,liquido homogeneo com leve pelicula na superficie,0,conforme padrao,True,caracteristico do produto,,False
LMU-2406-086,Limpador Multiuso Alcalino,3,Ambiente Escuro 25C,60,10.16,1.01,-0.18,0.0,0.36,0.259,1,liquido homogeneo com leve pelicula na superficie,0,conforme padrao,True,caracteristico do produto,,False
LMU-2406-086,Limpador Multiuso Alcalino,3,Ambiente Escuro 25C,90,10.12,1.008,-0.27,0.0,0.54,0.388,1,"homogeneo, leve turvacao em relacao ao padrao",0,conforme padrao,True,caracteristico do produto,,False
LMU-2406-086,Limpador Multiuso Alcalino,3,Estufa 40C,7,10.19,1.006,-0.099,0.0,0.197,0.142,1,liquido homogeneo com leve pelicula na superficie,0,conforme padrao,True,caracteristico do produto,,False
LMU-2406-086,Limpador Multiuso Alcalino,3,Estufa 40C,15,10.19,1.008,-0.211,0.0,0.422,0.303,1,"homogeneo, leve turvacao em relacao ao padrao",0,conforme padrao,True,caracteristico do produto,,False
LMU-2406-086,Limpador Multiuso Alcalino,3,Estufa 40C,30,10.09,1.009,-0.422,0.0,0.845,0.605,2,"leve cremeacao na superficie, porem conforme",0,conforme padrao,True,caracteristico do produto,,False
LMU-2406-086,Limpador Multiuso Alcalino,3,Estufa 40C,60,9.91,1.009,-0.845,0.0,1.689,1.206,1,liquido homogeneo com leve pelicula na superficie,1,"levemente diferente do padrao, conforme",True,caracteristico,,False
LMU-2406-086,Limpador Multiuso Alcalino,3,Estufa 40C,90,9.77,1.013,-1.267,0.0,2.534,1.802,1,"homogeneo, leve turvacao em relacao ao padrao",2,perceptivelmente mais escura que o padrao,False,"alterado, notas rancosas",odor alterado,True
LMU-2406-086,Limpador Multiuso Alcalino,3,Geladeira 5C,7,10.21,1.006,-0.002,0.0,0.004,0.003,1,"homogeneo, leve turvacao em relacao ao padrao",0,conforme padrao,True,caracteristico do produto,,False
LMU-2406-086,Limpador Multiuso Alcalino,3,Geladeira 5C,15,10.32,1.008,-0.004,0.0,0.009,0.006,1,"homogeneo, leve turvacao em relacao ao padrao",0,conforme padrao,True,caracteristico do produto,,False
LMU-2406-086,Limpador Multiuso Alcalino,3,Geladeira 5C,30,10.25,1.012,-0.009,0.0,0.018,0.013,0,"liquido homogeneo, sem alteracao",0,conforme padrao,True,caracteristico,,False
LMU-2406-086,Limpador Multiuso Alcalino,3,Geladeira 5C,60,10.23,1.008,-0.018,0.0,0.035,0.025,2,"leve cremeacao na superficie, porem conforme",0,conforme padrao,True,caracteristico,,False
LMU-2406-086,Limpador Multiuso Alcalino,3,Geladeira 5C,90,10.28,1.009,-0.027,0.0,0.053,0.038,1,liquido homogeneo com leve pelicula na superficie,0,conforme padrao,True,caracteristico do produto,,False
LMU-2406-086,Limpador Multiuso Alcalino,3,Luz Solar,7,10.26,1.005,-0.32,0.0,0.993,0.649,1,"homogeneo, leve turvacao em relacao ao padrao",0,conforme padrao,False,"alterado, notas rancosas",odor alterado,True
LMU-2406-086,Limpador Multiuso Alcalino,3,Luz Solar,15,10.23,1.008,-0.644,0.0,1.955,1.275,1,liquido homogeneo com leve pelicula na superficie,1,"levemente diferente do padrao, conforme",True,caracteristico,,False
LMU-2406-086,Limpador Multiuso Alcalino,3,Luz Solar,30,10.2,1.006,-1.152,0.0,3.369,2.19,1,"homogeneo, leve turvacao em relacao ao padrao",2,perceptivelmente mais escura que o padrao,True,caracteristico,,False
LMU-2406-086,Limpador Multiuso Alcalino,3,Luz Solar,60,10.11,1.009,-1.884,0.0,5.175,3.363,1,"homogeneo, leve turvacao em relacao ao padrao",3,amarelada em relacao ao padrao,True,caracteristico,,False
LMU-2406-086,Limpador Multiuso Alcalino,3,Luz Solar,90,10.13,1.007,-2.372,0.0,6.216,4.052,1,liquido homogeneo com leve pelicula na superficie,3,amarelada em relacao ao padrao,True,caracteristico,,False
DLR-2406-087,Detergente Liquido para Roupas,3,Ambiente Escuro 25C,7,9.56,1.018,-0.018,0.0,0.036,0.031,0,"liquido homogeneo, sem alteracao",0,conforme padrao,True,caracteristico do produto,,False
DLR-2406-087,Detergente Liquido para Roupas,3,Ambiente Escuro 25C,15,9.53,1.019,-0.039,0.0,0.078,0.066,0,"liquido homogeneo, limpido",0,conforme padrao,True,caracteristico do produto,,False
DLR-2406-087,Detergente Liquido para Roupas,3,Ambiente Escuro 25C,30,9.5,1.021,-0.078,0.0,0.156,0.131,0,"liquido homogeneo, limpido",0,conforme padrao,True,caracteristico do produto,,False
DLR-2406-087,Detergente Liquido para Roupas,3,Ambiente Escuro 25C,60,9.5,1.018,-0.156,0.0,0.312,0.263,0,"liquido homogeneo, sem alteracao",0,conforme padrao,True,caracteristico,,False
DLR-2406-087,Detergente Liquido para Roupas,3,Ambiente Escuro 25C,90,9.52,1.023,-0.234,0.0,0.468,0.394,0,"liquido homogeneo, limpido",0,conforme padrao,True,caracteristico,,False
DLR-2406-087,Detergente Liquido para Roupas,3,Estufa 40C,7,9.53,1.02,-0.085,0.0,0.171,0.144,0,"liquido homogeneo, limpido",0,conforme padrao,True,caracteristico,,False
DLR-2406-087,Detergente Liquido para Roupas,3,Estufa 40C,15,9.48,1.019,-0.183,0.0,0.366,0.308,0,"liquido homogeneo, sem alteracao",0,conforme padrao,True,caracteristico,,False
DLR-2406-087,Detergente Liquido para Roupas,3,Estufa 40C,30,9.54,1.018,-0.366,0.0,0.732,0.616,0,"liquido homogeneo, limpido",0,conforme padrao,True,caracteristico,,False
DLR-2406-087,Detergente Liquido para Roupas,3,Estufa 40C,60,9.5,1.023,-0.732,0.0,1.464,1.233,0,"liquido homogeneo, sem alteracao",1,"levemente diferente do padrao, conforme",True,caracteristico,,False
DLR-2406-087,Detergente Liquido para Roupas,3,Estufa 40C,90,9.38,1.025,-1.098,0.0,2.196,1.848,0,"liquido homogeneo, levemente opalescente",2,perceptivelmente mais escura que o padrao,True,caracteristico,,False
DLR-2406-087,Detergente Liquido para Roupas,3,Geladeira 5C,7,9.55,1.019,-0.002,0.0,0.004,0.003,0,"liquido homogeneo, limpido",0,conforme padrao,True,caracteristico do produto,,False
DLR-2406-087,Detergente Liquido para Roupas,3,Geladeira 5C,15,9.58,1.017,-0.004,0.0,0.008,0.006,0,"liquido homogeneo, limpido",0,conforme padrao,True,caracteristico,,False
DLR-2406-087,Detergente Liquido para Roupas,3,Geladeira 5C,30,9.55,1.016,-0.008,0.0,0.015,0.013,0,"liquido homogeneo, sem alteracao",0,conforme padrao,True,caracteristico,,False
DLR-2406-087,Detergente Liquido para Roupas,3,Geladeira 5C,60,9.57,1.017,-0.015,0.0,0.031,0.026,0,"liquido homogeneo, limpido",0,conforme padrao,True,caracteristico,,False
DLR-2406-087,Detergente Liquido para Roupas,3,Geladeira 5C,90,9.6,1.021,-0.023,0.0,0.046,0.039,0,"liquido homogeneo, sem alteracao",0,conforme padrao,True,caracteristico do produto,,False
DLR-2406-087,Detergente Liquido para Roupas,3,Luz Solar,7,9.57,1.018,-0.281,0.0,0.873,0.698,0,"liquido homogeneo, levemente opalescente",0,conforme padrao,True,caracteristico do produto,,False
DLR-2406-087,Detergente Liquido para Roupas,3,Luz Solar,15,9.55,1.019,-0.565,0.0,1.719,1.377,0,"liquido homogeneo, limpido",1,"levemente diferente do padrao, conforme",True,caracteristico do produto,,False
DLR-2406-087,Detergente Liquido para Roupas,3,Luz Solar,30,9.58,1.022,-1.012,0.0,2.961,2.374,0,"liquido homogeneo, levemente opalescente",2,perceptivelmente mais escura que o padrao,True,caracteristico do produto,,False
DLR-2406-087,Detergente Liquido para Roupas,3,Luz Solar,60,9.54,1.017,-1.654,0.0,4.546,3.651,0,"liquido homogeneo, sem alteracao",3,amarelada em relacao ao padrao,True,caracteristico do produto,,False
DLR-2406-087,Detergente Liquido para Roupas,3,Luz Solar,90,9.51,1.018,-2.082,0.0,5.457,4.391,0,"liquido homogeneo, limpido",3,amarelada em relacao ao padrao,True,caracteristico do produto,,False
DLR-2406-088,Detergente Liquido para Roupas,3,Ambiente Escuro 25C,7,9.69,1.018,-0.018,0.0,0.036,0.03,0,"liquido homogeneo, limpido",0,conforme padrao,True,caracteristico do produto,,False
DLR-2406-088,Detergente Liquido para Roupas,3,Ambiente Escuro 25C,15,9.74,1.018,-0.039,0.0,0.078,0.065,0,"liquido homogeneo, sem alteracao",0,conforme padrao,True,caracteristico,,False
DLR-2406-088,Detergente Liquido para Roupas,3,Ambiente Escuro 25C,30,9.66,1.02,-0.078,0.0,0.156,0.13,0,"liquido homogeneo, limpido",0,conforme padrao,True,caracteristico,,False
DLR-2406-088,Detergente Liquido para Roupas,3,Ambiente Escuro 25C,60,9.6,1.016,-0.156,0.0,0.312,0.261,0,"liquido homogeneo, limpido",0,conforme padrao,True,caracteristico do produto,,False
DLR-2406-088,Detergente Liquido para Roupas,3,Ambiente Escuro 25C,90,9.59,1.019,-0.234,0.0,0.468,0.391,0,"liquido homogeneo, sem alteracao",0,conforme padrao,True,caracteristico do produto,,False
DLR-2406-088,Detergente Liquido para Roupas,3,Estufa 40C,7,9.66,1.017,-0.085,0.0,0.171,0.143,0,"liquido homogeneo, levemente opalescente",0,conforme padrao,True,caracteristico do produto,,False
DLR-2406-088,Detergente Liquido para Roupas,3,Estufa 40C,15,9.59,1.017,-0.183,0.0,0.366,0.306,0,"liquido homogeneo, limpido",0,conforme padrao,True,caracteristico,,False
DLR-2406-088,Detergente Liquido para Roupas,3,Estufa 40C,30,9.63,1.016,-0.366,0.0,0.732,0.612,0,"liquido homogeneo, sem alteracao",0,conforme padrao,True,caracteristico do produto,,False
DLR-2406-088,Detergente Liquido para Roupas,3,Estufa 40C,60,9.48,1.019,-0.732,0.0,1.464,1.224,0,"liquido homogeneo, limpido",1,"levemente diferente do padrao, conforme",True,caracteristico,,False
DLR-2406-088,Detergente Liquido para Roupas,3,Estufa 40C,90,9.44,1.022,-1.098,0.0,2.196,1.837,0,"liquido homogeneo, sem alteracao",2,perceptivelmente mais escura que o padrao,True,caracteristico do produto,,False
DLR-2406-088,Detergente Liquido para Roupas,3,Geladeira 5C,7,9.67,1.017,-0.002,0.0,0.004,0.003,0,"liquido homogeneo, sem alteracao",0,conforme padrao,True,caracteristico do produto,,False
DLR-2406-088,Detergente Liquido para Roupas,3,Geladeira 5C,15,9.67,1.013,-0.004,0.0,0.008,0.006,0,"liquido homogeneo, limpido",0,conforme padrao,True,caracteristico do produto,,False
DLR-2406-088,Detergente Liquido para Roupas,3,Geladeira 5C,30,9.69,1.016,-0.008,0.0,0.015,0.013,0,"liquido homogeneo, limpido",0,conforme padrao,True,caracteristico,,False
DLR-2406-088,Detergente Liquido para Roupas,3,Geladeira 5C,60,9.67,1.019,-0.015,0.0,0.031,0.026,0,"liquido homogeneo, sem alteracao",0,conforme padrao,True,caracteristico,,False
DLR-2406-088,Detergente Liquido para Roupas,3,Geladeira 5C,90,9.7,1.015,-0.023,0.0,0.046,0.038,0,"liquido homogeneo, sem alteracao",0,conforme padrao,True,caracteristico do produto,,False
DLR-2406-088,Detergente Liquido para Roupas,3,Luz Solar,7,9.63,1.013,-0.281,0.0,0.873,0.694,0,"liquido homogeneo, limpido",0,conforme padrao,True,caracteristico do produto,,False
DLR-2406-088,Detergente Liquido para Roupas,3,Luz Solar,15,9.71,1.016,-0.565,0.0,1.719,1.369,0,"liquido homogeneo, sem alteracao",1,"levemente diferente do padrao, conforme",True,caracteristico,,False
DLR-2406-088,Detergente Liquido para Roupas,3,Luz Solar,30,9.63,1.013,-1.012,0.0,2.961,2.364,0,"liquido homogeneo, levemente opalescente",2,perceptivelmente mais escura que o padrao,True,caracteristico,,False
DLR-2406-088,Detergente Liquido para Roupas,3,Luz Solar,60,9.6,1.018,-1.654,0.0,4.546,3.641,0,"liquido homogeneo, sem alteracao",3,amarelada em relacao ao padrao,True,caracteristico,,False
DLR-2406-088,Detergente Liquido para Roupas,3,Luz Solar,90,9.56,1.019,-2.082,0.0,5.457,4.383,0,"liquido homogeneo, limpido",3,amarelada em relacao ao padrao,True,caracteristico,,False
DLR-2407-090,Detergente Liquido para Roupas,3,Ambiente Escuro 25C,7,9.55,1.023,-0.018,0.0,0.036,0.03,0,"liquido homogeneo, sem alteracao",0,conforme padrao,True,caracteristico do produto,,False
DLR-2407-090,Detergente Liquido para Roupas,3,Ambiente Escuro 25C,15,9.52,1.023,-0.039,0.0,0.078,0.065,0,"liquido homogeneo, levemente opalescente",0,conforme padrao,True,caracteristico do produto,,False
DLR-2407-090,Detergente Liquido para Roupas,3,Ambiente Escuro 25C,30,9.49,1.023,-0.078,0.0,0.156,0.13,0,"liquido homogeneo, limpido",0,conforme padrao,True,caracteristico,,False
DLR-2407-090,Detergente Liquido para Roupas,3,Ambiente Escuro 25C,60,9.54,1.023,-0.156,0.0,0.312,0.26,0,"liquido homogeneo, levemente opalescente",0,conforme padrao,True,caracteristico do produto,,False
DLR-2407-090,Detergente Liquido para Roupas,3,Ambiente Escuro 25C,90,9.44,1.023,-0.234,0.0,0.468,0.39,0,"liquido homogeneo, sem alteracao",0,conforme padrao,True,caracteristico,,False
DLR-2407-090,Detergente Liquido para Roupas,3,Estufa 40C,7,9.49,1.025,-0.085,0.0,0.171,0.142,0,"liquido homogeneo, limpido",0,conforme padrao,True,caracteristico,,False
DLR-2407-090,Detergente Liquido para Roupas,3,Estufa 40C,15,9.52,1.024,-0.183,0.0,0.366,0.305,0,"liquido homogeneo, levemente opalescente",0,conforme padrao,True,caracteristico do produto,,False
DLR-2407-090,Detergente Liquido para Roupas,3,Estufa 40C,30,9.4,1.025,-0.366,0.0,0.732,0.61,0,"liquido homogeneo, sem alteracao",0,conforme padrao,True,caracteristico,,False
DLR-2407-090,Detergente Liquido para Roupas,3,Estufa 40C,60,9.28,1.027,-0.732,0.0,1.464,1.221,0,"liquido homogeneo, sem alteracao",1,"levemente diferente do padrao, conforme",True,caracteristico,,False
DLR-2407-090,Detergente Liquido para Roupas,3,Estufa 40C,90,9.14,1.026,-1.098,0.0,2.196,1.831,0,"liquido homogeneo, sem alteracao",2,perceptivelmente mais escura que o padrao,True,caracteristico do produto,,False
DLR-2407-090,Detergente Liquido para Roupas,3,Geladeira 5C,7,9.55,1.022,-0.002,0.0,0.004,0.003,0,"liquido homogeneo, limpido",0,conforme padrao,True,caracteristico do produto,,False
DLR-2407-090,Detergente Liquido para Roupas,3,Geladeira 5C,15,9.5,1.026,-0.004,0.0,0.008,0.006,0,"liquido homogeneo, sem alteracao",0,conforme padrao,True,caracteristico do produto,,False
DLR-2407-090,Detergente Liquido para Roupas,3,Geladeira 5C,30,9.53,1.025,-0.008,0.0,0.015,0.013,0,"liquido homogeneo, limpido",0,conforme padrao,True,caracteristico do produto,,False
DLR-2407-090,Detergente Liquido para Roupas,3,Geladeira 5C,60,9.53,1.025,-0.015,0.0,0.031,0.026,0,"liquido homogeneo, levemente opalescente",0,conforme padrao,True,caracteristico do produto,,False
DLR-2407-090,Detergente Liquido para Roupas,3,Geladeira 5C,90,9.54,1.025,-0.023,0.0,0.046,0.038,0,"liquido homogeneo, sem alteracao",0,conforme padrao,True,caracteristico do produto,,False
DLR-2407-090,Detergente Liquido para Roupas,3,Luz Solar,7,9.46,1.023,-0.281,0.0,0.873,0.691,0,"liquido homogeneo, limpido",0,conforme padrao,True,caracteristico,,False
DLR-2407-090,Detergente Liquido para Roupas,3,Luz Solar,15,9.49,1.023,-0.565,0.0,1.719,1.362,0,"liquido homogeneo, sem alteracao",1,"levemente diferente do padrao, conforme",True,caracteristico,,False
DLR-2407-090,Detergente Liquido para Roupas,3,Luz Solar,30,9.49,1.025,-1.012,0.0,2.961,2.35,0,"liquido homogeneo, sem alteracao",2,perceptivelmente mais escura que o padrao,True,caracteristico do produto,,False
DLR-2407-090,Detergente Liquido para Roupas,3,Luz Solar,60,9.44,1.024,-1.654,0.0,4.546,3.617,0,"liquido homogeneo, sem alteracao",3,amarelada em relacao ao padrao,True,caracteristico,,False
DLR-2407-090,Detergente Liquido para Roupas,3,Luz Solar,90,9.4,1.023,-2.082,0.0,5.457,4.353,0,"liquido homogeneo, levemente opalescente",3,amarelada em relacao ao padrao,True,caracteristico do produto,,False
AMA-2407-091,Amaciante de Roupas (esterquat),3,Ambiente Escuro 25C,7,3.61,0.99,-0.02,0.0,0.039,0.034,2,"cremeacao visivel na superficie, reversivel a agitacao",0,conforme padrao,True,caracteristico do produto,,False
AMA-2407-091,Amaciante de Roupas (esterquat),3,Ambiente Escuro 25C,15,3.56,0.991,-0.042,0.0,0.084,0.073,1,"homogeneo, leve turvacao em relacao ao padrao",0,conforme padrao,True,caracteristico,,False
AMA-2407-091,Amaciante de Roupas (esterquat),3,Ambiente Escuro 25C,30,3.58,0.989,-0.084,0.0,0.168,0.146,1,liquido homogeneo com leve pelicula na superficie,0,conforme padrao,True,caracteristico do produto,,False
AMA-2407-091,Amaciante de Roupas (esterquat),3,Ambiente Escuro 25C,60,3.49,0.993,-0.168,0.0,0.336,0.293,2,"cremeacao visivel na superficie, reversivel a agitacao",0,conforme padrao,True,caracteristico do produto,,False
AMA-2407-091,Amaciante de Roupas (esterquat),3,Ambiente Escuro 25C,90,3.4,0.992,-0.252,0.0,0.504,0.441,1,liquido homogeneo com leve pelicula na superficie,0,conforme padrao,True,caracteristico do produto,,False
AMA-2407-091,Amaciante de Roupas (esterquat),3,Estufa 40C,7,3.6,0.992,-0.092,0.0,0.184,0.16,1,"homogeneo, leve turvacao em relacao ao padrao",0,conforme padrao,True,caracteristico,,False
AMA-2407-091,Amaciante de Roupas (esterquat),3,Estufa 40C,15,3.43,0.995,-0.197,0.0,0.394,0.344,1,liquido homogeneo com leve pelicula na superficie,0,conforme padrao,True,caracteristico do produto,,False
AMA-2407-091,Amaciante de Roupas (esterquat),3,Estufa 40C,30,3.36,0.994,-0.394,0.0,0.788,0.691,2,"leve cremeacao na superficie, porem conforme",0,conforme padrao,True,caracteristico do produto,,False
AMA-2407-091,Amaciante de Roupas (esterquat),3,Estufa 40C,60,3.16,0.996,-0.788,0.0,1.577,1.393,2,"cremeacao visivel na superficie, reversivel a agitacao",1,"levemente diferente do padrao, conforme",True,caracteristico do produto,,False
AMA-2407-091,Amaciante de Roupas (esterquat),3,Estufa 40C,90,2.93,0.998,-1.182,0.0,2.365,2.105,2,"leve cremeacao na superficie, porem conforme",2,perceptivelmente mais escura que o padrao,True,caracteristico,,False
AMA-2407-091,Amaciante de Roupas (esterquat),3,Geladeira 5C,7,3.62,0.992,-0.002,0.0,0.004,0.003,1,"homogeneo, leve turvacao em relacao ao padrao",0,conforme padrao,True,caracteristico do produto,,False
AMA-2407-091,Amaciante de Roupas (esterquat),3,Geladeira 5C,15,3.54,0.991,-0.004,0.0,0.008,0.007,1,"homogeneo, leve turvacao em relacao ao padrao",0,conforme padrao,True,caracteristico do produto,,False
AMA-2407-091,Amaciante de Roupas (esterquat),3,Geladeira 5C,30,3.58,0.991,-0.008,0.0,0.017,0.014,1,liquido homogeneo com leve pelicula na superficie,0,conforme padrao,True,caracteristico,,False
AMA-2407-091,Amaciante de Roupas (esterquat),3,Geladeira 5C,60,3.62,0.99,-0.017,0.0,0.033,0.029,1,"homogeneo, leve turvacao em relacao ao padrao",0,conforme padrao,True,caracteristico,,False
AMA-2407-091,Amaciante de Roupas (esterquat),3,Geladeira 5C,90,3.59,0.993,-0.025,0.0,0.05,0.043,2,"leve cremeacao na superficie, porem conforme",0,conforme padrao,True,caracteristico do produto,,False
AMA-2407-091,Amaciante de Roupas (esterquat),3,Luz Solar,7,3.58,0.994,-0.226,0.0,0.693,0.585,1,"homogeneo, leve turvacao em relacao ao padrao",0,conforme padrao,True,caracteristico do produto,,False
AMA-2407-091,Amaciante de Roupas (esterquat),3,Luz Solar,15,3.57,0.992,-0.457,0.0,1.368,1.165,1,liquido homogeneo com leve pelicula na superficie,1,"levemente diferente do padrao, conforme",True,caracteristico do produto,,False
AMA-2407-091,Amaciante de Roupas (esterquat),3,Luz Solar,30,3.55,0.991,-0.822,0.0,2.369,2.04,1,liquido homogeneo com leve pelicula na superficie,2,perceptivelmente mais escura que o padrao,True,caracteristico,,False
AMA-2407-091,Amaciante de Roupas (esterquat),3,Luz Solar,60,3.45,0.994,-1.359,0.0,3.674,3.209,1,liquido homogeneo com leve pelicula na superficie,3,amarelada em relacao ao padrao,True,caracteristico do produto,,False
AMA-2407-091,Amaciante de Roupas (esterquat),3,Luz Solar,90,3.3,0.995,-1.73,0.0,4.46,3.925,1,liquido homogeneo com leve pelicula na superficie,3,amarelada em relacao ao padrao,True,caracteristico do produto,,False
DLR-2407-092,Detergente Liquido para Roupas,3,Ambiente Escuro 25C,7,9.74,1.033,-0.018,0.0,0.036,0.03,2,"leve cremeacao na superficie, porem conforme",0,conforme padrao,True,caracteristico,,False
DLR-2407-092,Detergente Liquido para Roupas,3,Ambiente Escuro 25C,15,9.77,1.031,-0.039,0.0,0.078,0.065,2,"leve cremeacao na superficie, porem conforme",0,conforme padrao,True,caracteristico,,False
DLR-2407-092,Detergente Liquido para Roupas,3,Ambiente Escuro 25C,30,9.76,1.031,-0.078,0.0,0.156,0.13,2,"leve cremeacao na superficie, porem conforme",0,conforme padrao,True,caracteristico do produto,,False
DLR-2407-092,Detergente Liquido para Roupas,3,Ambiente Escuro 25C,60,9.75,1.034,-0.156,0.0,0.312,0.26,2,"cremeacao visivel na superficie, reversivel a agitacao",0,conforme padrao,False,"alterado, notas rancosas",odor alterado,True
DLR-2407-092,Detergente Liquido para Roupas,3,Ambiente Escuro 25C,90,9.68,1.032,-0.234,0.0,0.468,0.39,1,liquido homogeneo com leve pelicula na superficie,0,conforme padrao,True,caracteristico do produto,,False
DLR-2407-092,Detergente Liquido para Roupas,3,Estufa 40C,7,9.73,1.034,-0.085,0.0,0.171,0.142,2,"cremeacao visivel na superficie, reversivel a agitacao",0,conforme padrao,True,caracteristico,,False
DLR-2407-092,Detergente Liquido para Roupas,3,Estufa 40C,15,9.74,1.033,-0.183,0.0,0.366,0.305,2,"cremeacao visivel na superficie, reversivel a agitacao",0,conforme padrao,True,caracteristico do produto,,False
DLR-2407-092,Detergente Liquido para Roupas,3,Estufa 40C,30,9.68,1.034,-0.366,0.0,0.732,0.61,3,"separacao parcial de fase, camada superior definida",0,conforme padrao,True,caracteristico,aspecto nao conforme,True
DLR-2407-092,Detergente Liquido para Roupas,3,Estufa 40C,60,9.48,1.033,-0.732,0.0,1.464,1.22,4,quebra de emulsao com sobrenadante limpido,1,"levemente diferente do padrao, conforme",True,caracteristico do produto,aspecto nao conforme,True
DLR-2407-092,Detergente Liquido para Roupas,3,Estufa 40C,90,9.29,1.035,-1.098,0.0,2.196,1.828,4,separacao franca de fases; coalescencia evidente,2,perceptivelmente mais escura que o padrao,True,caracteristico,aspecto nao conforme,True
DLR-2407-092,Detergente Liquido para Roupas,3,Geladeira 5C,7,9.79,1.032,-0.002,0.0,0.004,0.003,2,"leve cremeacao na superficie, porem conforme",0,conforme padrao,True,caracteristico,,False
DLR-2407-092,Detergente Liquido para Roupas,3,Geladeira 5C,15,9.79,1.032,-0.004,0.0,0.008,0.006,1,liquido homogeneo com leve pelicula na superficie,0,conforme padrao,True,caracteristico do produto,,False
DLR-2407-092,Detergente Liquido para Roupas,3,Geladeira 5C,30,9.86,1.036,-0.008,0.0,0.015,0.013,2,"cremeacao visivel na superficie, reversivel a agitacao",0,conforme padrao,True,caracteristico do produto,densidade fora de faixa,True
DLR-2407-092,Detergente Liquido para Roupas,3,Geladeira 5C,60,9.79,1.031,-0.015,0.0,0.031,0.026,1,liquido homogeneo com leve pelicula na superficie,0,conforme padrao,True,caracteristico,,False
DLR-2407-092,Detergente Liquido para Roupas,3,Geladeira 5C,90,9.75,1.031,-0.023,0.0,0.046,0.038,2,"cremeacao visivel na superficie, reversivel a agitacao",0,conforme padrao,True,caracteristico,,False
DLR-2407-092,Detergente Liquido para Roupas,3,Luz Solar,7,9.78,1.031,-0.281,0.0,0.873,0.691,2,"cremeacao visivel na superficie, reversivel a agitacao",0,conforme padrao,True,caracteristico,,False
DLR-2407-092,Detergente Liquido para Roupas,3,Luz Solar,15,9.76,1.032,-0.565,0.0,1.719,1.363,1,"homogeneo, leve turvacao em relacao ao padrao",1,"levemente diferente do padrao, conforme",True,caracteristico do produto,,False
DLR-2407-092,Detergente Liquido para Roupas,3,Luz Solar,30,9.7,1.034,-1.012,0.0,2.961,2.35,2,"leve cremeacao na superficie, porem conforme",2,perceptivelmente mais escura que o padrao,True,caracteristico do produto,,False
DLR-2407-092,Detergente Liquido para Roupas,3,Luz Solar,60,9.64,1.034,-1.654,0.0,4.546,3.613,3,sedimento no fundo nao reincorporavel,3,amarelada em relacao ao padrao,True,caracteristico do produto,aspecto nao conforme,True
DLR-2407-092,Detergente Liquido para Roupas,3,Luz Solar,90,9.6,1.036,-2.082,0.0,5.457,4.345,2,"cremeacao visivel na superficie, reversivel a agitacao",3,amarelada em relacao ao padrao,True,caracteristico,densidade fora de faixa,True
AMA-2407-094,Amaciante de Roupas (esterquat),3,Ambiente Escuro 25C,7,3.42,0.994,-0.02,0.0,0.039,0.035,2,"leve cremeacao na superficie, porem conforme",0,conforme padrao,True,caracteristico do produto,,False
AMA-2407-094,Amaciante de Roupas (esterquat),3,Ambiente Escuro 25C,15,3.37,0.993,-0.042,0.0,0.084,0.076,1,"homogeneo, leve turvacao em relacao ao padrao",0,conforme padrao,True,caracteristico do produto,,False
AMA-2407-094,Amaciante de Roupas (esterquat),3,Ambiente Escuro 25C,30,3.37,0.996,-0.084,0.0,0.168,0.152,1,liquido homogeneo com leve pelicula na superficie,0,conforme padrao,True,caracteristico,,False
AMA-2407-094,Amaciante de Roupas (esterquat),3,Ambiente Escuro 25C,60,3.28,0.995,-0.168,0.0,0.336,0.304,1,liquido homogeneo com leve pelicula na superficie,0,conforme padrao,True,caracteristico do produto,,False
AMA-2407-094,Amaciante de Roupas (esterquat),3,Ambiente Escuro 25C,90,3.28,0.998,-0.252,0.0,0.504,0.457,1,"homogeneo, leve turvacao em relacao ao padrao",0,conforme padrao,True,caracteristico,,False
AMA-2407-094,Amaciante de Roupas (esterquat),3,Estufa 40C,7,3.37,0.997,-0.092,0.0,0.184,0.166,1,"homogeneo, leve turvacao em relacao ao padrao",0,conforme padrao,True,caracteristico do produto,,False
AMA-2407-094,Amaciante de Roupas (esterquat),3,Estufa 40C,15,3.29,0.995,-0.197,0.0,0.394,0.357,1,liquido homogeneo com leve pelicula na superficie,0,conforme padrao,True,caracteristico,,False
AMA-2407-094,Amaciante de Roupas (esterquat),3,Estufa 40C,30,3.18,0.998,-0.394,0.0,0.788,0.717,1,"homogeneo, leve turvacao em relacao ao padrao",0,conforme padrao,True,caracteristico,,False
AMA-2407-094,Amaciante de Roupas (esterquat),3,Estufa 40C,60,3.0,1.0,-0.788,0.0,1.577,1.445,1,"homogeneo, leve turvacao em relacao ao padrao",1,"levemente diferente do padrao, conforme",True,caracteristico do produto,,False
AMA-2407-094,Amaciante de Roupas (esterquat),3,Estufa 40C,90,2.84,1.005,-1.182,0.0,2.365,2.18,2,"cremeacao visivel na superficie, reversivel a agitacao",2,perceptivelmente mais escura que o padrao,True,caracteristico do produto,,False
AMA-2407-094,Amaciante de Roupas (esterquat),3,Geladeira 5C,7,3.4,0.998,-0.002,0.0,0.004,0.003,1,"homogeneo, leve turvacao em relacao ao padrao",0,conforme padrao,True,caracteristico do produto,,False
AMA-2407-094,Amaciante de Roupas (esterquat),3,Geladeira 5C,15,3.42,0.996,-0.004,0.0,0.008,0.007,0,"liquido homogeneo, levemente opalescente",0,conforme padrao,True,caracteristico,,False
AMA-2407-094,Amaciante de Roupas (esterquat),3,Geladeira 5C,30,3.42,0.994,-0.008,0.0,0.017,0.015,1,liquido homogeneo com leve pelicula na superficie,0,conforme padrao,True,caracteristico do produto,,False
AMA-2407-094,Amaciante de Roupas (esterquat),3,Geladeira 5C,60,3.39,0.998,-0.017,0.0,0.033,0.03,1,"homogeneo, leve turvacao em relacao ao padrao",0,conforme padrao,True,caracteristico,,False
AMA-2407-094,Amaciante de Roupas (esterquat),3,Geladeira 5C,90,3.34,0.996,-0.025,0.0,0.05,0.045,1,liquido homogeneo com leve pelicula na superficie,0,conforme padrao,True,caracteristico,,False
AMA-2407-094,Amaciante de Roupas (esterquat),3,Luz Solar,7,3.42,0.999,-0.226,0.0,0.693,0.609,1,"homogeneo, leve turvacao em relacao ao padrao",0,conforme padrao,True,caracteristico,,False
AMA-2407-094,Amaciante de Roupas (esterquat),3,Luz Solar,15,3.36,1.0,-0.457,0.0,1.368,1.211,1,"homogeneo, leve turvacao em relacao ao padrao",1,"levemente diferente do padrao, conforme",True,caracteristico,,False
AMA-2407-094,Amaciante de Roupas (esterquat),3,Luz Solar,30,3.37,0.998,-0.822,0.0,2.369,2.119,1,"homogeneo, leve turvacao em relacao ao padrao",2,perceptivelmente mais escura que o padrao,True,caracteristico,,False
AMA-2407-094,Amaciante de Roupas (esterquat),3,Luz Solar,60,3.26,1.0,-1.359,0.0,3.674,3.323,1,liquido homogeneo com leve pelicula na superficie,3,amarelada em relacao ao padrao,True,caracteristico do produto,,False
AMA-2407-094,Amaciante de Roupas (esterquat),3,Luz Solar,90,3.16,0.998,-1.73,0.0,4.46,4.058,1,liquido homogeneo com leve pelicula na superficie,3,amarelada em relacao ao padrao,True,caracteristico do produto,,False
DLR-2407-096,Detergente Liquido para Roupas,3,Ambiente Escuro 25C,7,9.55,1.025,-0.018,0.0,0.036,0.031,1,"homogeneo, leve turvacao em relacao ao padrao",0,conforme padrao,True,caracteristico do produto,,False
DLR-2407-096,Detergente Liquido para Roupas,3,Ambiente Escuro 25C,15,9.56,1.026,-0.039,0.0,0.078,0.066,1,liquido homogeneo com leve pelicula na superficie,0,conforme padrao,True,caracteristico do produto,,False
DLR-2407-096,Detergente Liquido para Roupas,3,Ambiente Escuro 25C,30,9.53,1.023,-0.078,0.0,0.156,0.131,1,liquido homogeneo com leve pelicula na superficie,0,conforme padrao,True,caracteristico,,False
DLR-2407-096,Detergente Liquido para Roupas,3,Ambiente Escuro 25C,60,9.47,1.023,-0.156,0.0,0.312,0.262,0,"liquido homogeneo, limpido",0,conforme padrao,True,caracteristico do produto,,False
DLR-2407-096,Detergente Liquido para Roupas,3,Ambiente Escuro 25C,90,9.45,1.027,-0.234,0.0,0.468,0.394,1,"homogeneo, leve turvacao em relacao ao padrao",0,conforme padrao,True,caracteristico,,False
DLR-2407-096,Detergente Liquido para Roupas,3,Estufa 40C,7,9.52,1.024,-0.085,0.0,0.171,0.144,1,"homogeneo, leve turvacao em relacao ao padrao",0,conforme padrao,True,caracteristico,,False
DLR-2407-096,Detergente Liquido para Roupas,3,Estufa 40C,15,9.46,1.026,-0.183,0.0,0.366,0.308,1,"homogeneo, leve turvacao em relacao ao padrao",0,conforme padrao,True,caracteristico,,False
DLR-2407-096,Detergente Liquido para Roupas,3,Estufa 40C,30,9.42,1.025,-0.366,0.0,0.732,0.615,1,liquido homogeneo com leve pelicula na superficie,0,conforme padrao,True,caracteristico,,False
DLR-2407-096,Detergente Liquido para Roupas,3,Estufa 40C,60,9.2,1.026,-0.732,0.0,1.464,1.229,1,"homogeneo, leve turvacao em relacao ao padrao",1,"levemente diferente do padrao, conforme",True,caracteristico do produto,,False
DLR-2407-096,Detergente Liquido para Roupas,3,Estufa 40C,90,9.16,1.026,-1.098,0.0,2.196,1.84,1,liquido homogeneo com leve pelicula na superficie,2,perceptivelmente mais escura que o padrao,True,caracteristico,,False
DLR-2407-096,Detergente Liquido para Roupas,3,Geladeira 5C,7,9.48,1.023,-0.002,0.0,0.004,0.003,1,"homogeneo, leve turvacao em relacao ao padrao",0,conforme padrao,True,caracteristico do produto,,False
DLR-2407-096,Detergente Liquido para Roupas,3,Geladeira 5C,15,9.6,1.022,-0.004,0.0,0.008,0.006,1,"homogeneo, leve turvacao em relacao ao padrao",0,conforme padrao,True,caracteristico,,False
DLR-2407-096,Detergente Liquido para Roupas,3,Geladeira 5C,30,9.51,1.025,-0.008,0.0,0.015,0.013,1,"homogeneo, leve turvacao em relacao ao padrao",0,conforme padrao,True,caracteristico,,False
DLR-2407-096,Detergente Liquido para Roupas,3,Geladeira 5C,60,9.54,1.025,-0.015,0.0,0.031,0.026,1,liquido homogeneo com leve pelicula na superficie,0,conforme padrao,True,caracteristico,,False
DLR-2407-096,Detergente Liquido para Roupas,3,Geladeira 5C,90,9.53,1.024,-0.023,0.0,0.046,0.039,1,"homogeneo, leve turvacao em relacao ao padrao",0,conforme padrao,True,caracteristico do produto,,False
DLR-2407-096,Detergente Liquido para Roupas,3,Luz Solar,7,9.52,1.025,-0.281,0.0,0.873,0.698,1,"homogeneo, leve turvacao em relacao ao padrao",0,conforme padrao,False,"alterado, notas rancosas",odor alterado,True
DLR-2407-096,Detergente Liquido para Roupas,3,Luz Solar,15,9.49,1.026,-0.565,0.0,1.719,1.373,1,liquido homogeneo com leve pelicula na superficie,1,"levemente diferente do padrao, conforme",True,caracteristico,,False
DLR-2407-096,Detergente Liquido para Roupas,3,Luz Solar,30,9.49,1.026,-1.012,0.0,2.961,2.364,1,liquido homogeneo com leve pelicula na superficie,2,perceptivelmente mais escura que o padrao,True,caracteristico do produto,,False
DLR-2407-096,Detergente Liquido para Roupas,3,Luz Solar,60,9.44,1.026,-1.654,0.0,4.546,3.626,1,"homogeneo, leve turvacao em relacao ao padrao",3,amarelada em relacao ao padrao,True,caracteristico do produto,,False
DLR-2407-096,Detergente Liquido para Roupas,3,Luz Solar,90,9.42,1.025,-2.082,0.0,5.457,4.356,1,"homogeneo, leve turvacao em relacao ao padrao",3,amarelada em relacao ao padrao,True,caracteristico,,False
DLR-2407-098,Detergente Liquido para Roupas,3,Ambiente Escuro 25C,7,9.66,1.028,-0.018,0.0,0.036,0.031,1,liquido homogeneo com leve pelicula na superficie,0,conforme padrao,True,caracteristico do produto,,False
DLR-2407-098,Detergente Liquido para Roupas,3,Ambiente Escuro 25C,15,9.66,1.025,-0.039,0.0,0.078,0.066,0,"liquido homogeneo, levemente opalescente",0,conforme padrao,True,caracteristico,,False
DLR-2407-098,Detergente Liquido para Roupas,3,Ambiente Escuro 25C,30,9.61,1.027,-0.078,0.0,0.156,0.133,1,"homogeneo, leve turvacao em relacao ao padrao",0,conforme padrao,True,caracteristico,,False
DLR-2407-098,Detergente Liquido para Roupas,3,Ambiente Escuro 25C,60,9.59,1.028,-0.156,0.0,0.312,0.265,1,"homogeneo, leve turvacao em relacao ao padrao",0,conforme padrao,True,caracteristico do produto,,False
DLR-2407-098,Detergente Liquido para Roupas,3,Ambiente Escuro 25C,90,9.59,1.028,-0.234,0.0,0.468,0.397,1,"homogeneo, leve turvacao em relacao ao padrao",0,conforme padrao,True,caracteristico,,False
DLR-2407-098,Detergente Liquido para Roupas,3,Estufa 40C,7,9.65,1.028,-0.085,0.0,0.171,0.145,0,"liquido homogeneo, levemente opalescente",0,conforme padrao,True,caracteristico do produto,,False
DLR-2407-098,Detergente Liquido para Roupas,3,Estufa 40C,15,9.62,1.028,-0.183,0.0,0.366,0.311,1,"homogeneo, leve turvacao em relacao ao padrao",0,conforme padrao,True,caracteristico,,False
DLR-2407-098,Detergente Liquido para Roupas,3,Estufa 40C,30,9.54,1.03,-0.366,0.0,0.732,0.621,1,"homogeneo, leve turvacao em relacao ao padrao",0,conforme padrao,True,caracteristico do produto,,False
DLR-2407-098,Detergente Liquido para Roupas,3,Estufa 40C,60,9.34,1.033,-0.732,0.0,1.464,1.241,1,"homogeneo, leve turvacao em relacao ao padrao",1,"levemente diferente do padrao, conforme",True,caracteristico,,False
DLR-2407-098,Detergente Liquido para Roupas,3,Estufa 40C,90,9.26,1.032,-1.098,0.0,2.196,1.859,1,liquido homogeneo com leve pelicula na superficie,2,perceptivelmente mais escura que o padrao,True,caracteristico do produto,,False
DLR-2407-098,Detergente Liquido para Roupas,3,Geladeira 5C,7,9.61,1.029,-0.002,0.0,0.004,0.003,0,"liquido homogeneo, sem alteracao",0,conforme padrao,True,caracteristico,,False
DLR-2407-098,Detergente Liquido para Roupas,3,Geladeira 5C,15,9.66,1.027,-0.004,0.0,0.008,0.007,1,"homogeneo, leve turvacao em relacao ao padrao",0,conforme padrao,True,caracteristico do produto,,False
DLR-2407-098,Detergente Liquido para Roupas,3,Geladeira 5C,30,9.71,1.029,-0.008,0.0,0.015,0.013,1,liquido homogeneo com leve pelicula na superficie,0,conforme padrao,True,caracteristico,,False
DLR-2407-098,Detergente Liquido para Roupas,3,Geladeira 5C,60,9.67,1.024,-0.015,0.0,0.031,0.026,1,"homogeneo, leve turvacao em relacao ao padrao",0,conforme padrao,True,caracteristico,,False
DLR-2407-098,Detergente Liquido para Roupas,3,Geladeira 5C,90,9.61,1.025,-0.023,0.0,0.046,0.039,1,"homogeneo, leve turvacao em relacao ao padrao",0,conforme padrao,True,caracteristico do produto,,False
DLR-2407-098,Detergente Liquido para Roupas,3,Luz Solar,7,9.62,1.025,-0.281,0.0,0.873,0.704,1,"homogeneo, leve turvacao em relacao ao padrao",0,conforme padrao,True,caracteristico,,False
DLR-2407-098,Detergente Liquido para Roupas,3,Luz Solar,15,9.62,1.03,-0.565,0.0,1.719,1.386,1,"homogeneo, leve turvacao em relacao ao padrao",1,"levemente diferente do padrao, conforme",True,caracteristico do produto,,False
DLR-2407-098,Detergente Liquido para Roupas,3,Luz Solar,30,9.62,1.028,-1.012,0.0,2.961,2.386,1,"homogeneo, leve turvacao em relacao ao padrao",2,perceptivelmente mais escura que o padrao,True,caracteristico do produto,,False
DLR-2407-098,Detergente Liquido para Roupas,3,Luz Solar,60,9.58,1.026,-1.654,0.0,4.546,3.661,1,liquido homogeneo com leve pelicula na superficie,3,amarelada em relacao ao padrao,True,caracteristico,,False
DLR-2407-098,Detergente Liquido para Roupas,3,Luz Solar,90,9.54,1.028,-2.082,0.0,5.457,4.397,1,liquido homogeneo com leve pelicula na superficie,3,amarelada em relacao ao padrao,True,caracteristico do produto,,False
ALV-2407-099,Alvejante Liquido sem Cloro,3,Ambiente Escuro 25C,7,4.24,1.053,-0.014,0.0,0.028,0.025,1,"homogeneo, leve turvacao em relacao ao padrao",0,conforme padrao,True,caracteristico do produto,,False
ALV-2407-099,Alvejante Liquido sem Cloro,3,Ambiente Escuro 25C,15,4.26,1.054,-0.03,0.0,0.06,0.054,1,liquido homogeneo com leve pelicula na superficie,0,conforme padrao,True,caracteristico do produto,,False
ALV-2407-099,Alvejante Liquido sem Cloro,3,Ambiente Escuro 25C,30,4.2,1.056,-0.06,0.0,0.12,0.107,1,"homogeneo, leve turvacao em relacao ao padrao",0,conforme padrao,True,caracteristico do produto,,False
ALV-2407-099,Alvejante Liquido sem Cloro,3,Ambiente Escuro 25C,60,4.18,1.055,-0.12,0.0,0.24,0.214,0,"liquido homogeneo, levemente opalescente",0,conforme padrao,True,caracteristico do produto,,False
ALV-2407-099,Alvejante Liquido sem Cloro,3,Ambiente Escuro 25C,90,4.1,1.056,-0.18,0.0,0.36,0.32,1,liquido homogeneo com leve pelicula na superficie,0,conforme padrao,True,caracteristico,,False
ALV-2407-099,Alvejante Liquido sem Cloro,3,Estufa 40C,7,4.21,1.058,-0.066,0.0,0.131,0.117,1,"homogeneo, leve turvacao em relacao ao padrao",0,conforme padrao,True,caracteristico do produto,,False
ALV-2407-099,Alvejante Liquido sem Cloro,3,Estufa 40C,15,4.16,1.055,-0.141,0.0,0.282,0.251,1,liquido homogeneo com leve pelicula na superficie,0,conforme padrao,True,caracteristico do produto,,False
ALV-2407-099,Alvejante Liquido sem Cloro,3,Estufa 40C,30,4.05,1.056,-0.282,0.0,0.563,0.499,1,liquido homogeneo com leve pelicula na superficie,0,conforme padrao,True,caracteristico do produto,,False
ALV-2407-099,Alvejante Liquido sem Cloro,3,Estufa 40C,60,3.81,1.061,-0.563,0.0,1.126,0.99,1,liquido homogeneo com leve pelicula na superficie,1,"levemente diferente do padrao, conforme",True,caracteristico,densidade fora de faixa,True
ALV-2407-099,Alvejante Liquido sem Cloro,3,Estufa 40C,90,3.61,1.062,-0.845,0.0,1.689,1.472,1,"homogeneo, leve turvacao em relacao ao padrao",1,"levemente diferente do padrao, conforme",True,caracteristico do produto,densidade fora de faixa,True
ALV-2407-099,Alvejante Liquido sem Cloro,3,Geladeira 5C,7,4.28,1.052,-0.001,0.0,0.003,0.002,1,liquido homogeneo com leve pelicula na superficie,0,conforme padrao,True,caracteristico,,False
ALV-2407-099,Alvejante Liquido sem Cloro,3,Geladeira 5C,15,4.25,1.056,-0.003,0.0,0.006,0.005,1,liquido homogeneo com leve pelicula na superficie,0,conforme padrao,True,caracteristico,,False
ALV-2407-099,Alvejante Liquido sem Cloro,3,Geladeira 5C,30,4.26,1.054,-0.006,0.0,0.012,0.011,1,liquido homogeneo com leve pelicula na superficie,0,conforme padrao,True,caracteristico do produto,,False
ALV-2407-099,Alvejante Liquido sem Cloro,3,Geladeira 5C,60,4.28,1.055,-0.012,0.0,0.024,0.021,1,"homogeneo, leve turvacao em relacao ao padrao",0,conforme padrao,True,caracteristico do produto,,False
ALV-2407-099,Alvejante Liquido sem Cloro,3,Geladeira 5C,90,4.27,1.053,-0.018,0.0,0.035,0.032,1,"homogeneo, leve turvacao em relacao ao padrao",0,conforme padrao,True,caracteristico,,False
ALV-2407-099,Alvejante Liquido sem Cloro,3,Luz Solar,7,4.21,1.055,-0.376,0.0,1.19,1.007,1,"homogeneo, leve turvacao em relacao ao padrao",1,"levemente diferente do padrao, conforme",True,caracteristico,,False
ALV-2407-099,Alvejante Liquido sem Cloro,3,Luz Solar,15,4.23,1.055,-0.754,0.0,2.337,1.943,1,"homogeneo, leve turvacao em relacao ao padrao",2,perceptivelmente mais escura que o padrao,True,caracteristico do produto,,False
ALV-2407-099,Alvejante Liquido sem Cloro,3,Luz Solar,30,4.15,1.055,-1.34,0.0,4.002,3.249,1,liquido homogeneo com leve pelicula na superficie,3,amarelada em relacao ao padrao,True,caracteristico do produto,,False
ALV-2407-099,Alvejante Liquido sem Cloro,3,Luz Solar,60,4.16,1.053,-2.16,0.0,6.066,4.791,1,"homogeneo, leve turvacao em relacao ao padrao",3,amarelada em relacao ao padrao,True,caracteristico,,False
ALV-2407-099,Alvejante Liquido sem Cloro,3,Luz Solar,90,3.98,1.06,-2.678,0.0,7.18,5.6,1,liquido homogeneo com leve pelicula na superficie,3,amarelada em relacao ao padrao,True,caracteristico do produto,,False
AMA-2407-100,Amaciante de Roupas (esterquat),3,Ambiente Escuro 25C,7,3.44,0.998,-0.02,0.0,0.039,0.035,2,"cremeacao visivel na superficie, reversivel a agitacao",0,conforme padrao,True,caracteristico,,False
AMA-2407-100,Amaciante de Roupas (esterquat),3,Ambiente Escuro 25C,15,3.41,0.999,-0.042,0.0,0.084,0.074,2,"cremeacao visivel na superficie, reversivel a agitacao",0,conforme padrao,True,caracteristico do produto,,False
AMA-2407-100,Amaciante de Roupas (esterquat),3,Ambiente Escuro 25C,30,3.39,0.998,-0.084,0.0,0.168,0.148,2,"cremeacao visivel na superficie, reversivel a agitacao",0,conforme padrao,True,caracteristico do produto,,False
AMA-2407-100,Amaciante de Roupas (esterquat),3,Ambiente Escuro 25C,60,3.36,1.0,-0.168,0.0,0.336,0.297,2,"leve cremeacao na superficie, porem conforme",0,conforme padrao,True,caracteristico,,False
AMA-2407-100,Amaciante de Roupas (esterquat),3,Ambiente Escuro 25C,90,3.26,1.002,-0.252,0.0,0.504,0.447,2,"leve cremeacao na superficie, porem conforme",0,conforme padrao,True,caracteristico do produto,,False
AMA-2407-100,Amaciante de Roupas (esterquat),3,Estufa 40C,7,3.41,0.996,-0.092,0.0,0.184,0.162,2,"leve cremeacao na superficie, porem conforme",0,conforme padrao,True,caracteristico,,False
AMA-2407-100,Amaciante de Roupas (esterquat),3,Estufa 40C,15,3.32,0.999,-0.197,0.0,0.394,0.349,2,"cremeacao visivel na superficie, reversivel a agitacao",0,conforme padrao,True,caracteristico,,False
AMA-2407-100,Amaciante de Roupas (esterquat),3,Estufa 40C,30,3.26,0.999,-0.394,0.0,0.788,0.701,2,"cremeacao visivel na superficie, reversivel a agitacao",0,conforme padrao,True,caracteristico,,False
AMA-2407-100,Amaciante de Roupas (esterquat),3,Estufa 40C,60,3.01,1.004,-0.788,0.0,1.577,1.415,2,"leve cremeacao na superficie, porem conforme",1,"levemente diferente do padrao, conforme",True,caracteristico do produto,,False
AMA-2407-100,Amaciante de Roupas (esterquat),3,Estufa 40C,90,2.85,1.006,-1.182,0.0,2.365,2.14,3,sedimento no fundo nao reincorporavel,2,perceptivelmente mais escura que o padrao,True,caracteristico do produto,aspecto nao conforme,True
AMA-2407-100,Amaciante de Roupas (esterquat),3,Geladeira 5C,7,3.44,1.001,-0.002,0.0,0.004,0.003,2,"leve cremeacao na superficie, porem conforme",0,conforme padrao,True,caracteristico,,False
AMA-2407-100,Amaciante de Roupas (esterquat),3,Geladeira 5C,15,3.44,0.998,-0.004,0.0,0.008,0.007,1,"homogeneo, leve turvacao em relacao ao padrao",0,conforme padrao,True,caracteristico do produto,,False
AMA-2407-100,Amaciante de Roupas (esterquat),3,Geladeira 5C,30,3.45,0.998,-0.008,0.0,0.017,0.015,2,"cremeacao visivel na superficie, reversivel a agitacao",0,conforme padrao,True,caracteristico do produto,,False
AMA-2407-100,Amaciante de Roupas (esterquat),3,Geladeira 5C,60,3.45,0.997,-0.017,0.0,0.033,0.029,2,"cremeacao visivel na superficie, reversivel a agitacao",0,conforme padrao,True,caracteristico,,False
AMA-2407-100,Amaciante de Roupas (esterquat),3,Geladeira 5C,90,3.45,0.997,-0.025,0.0,0.05,0.044,1,"homogeneo, leve turvacao em relacao ao padrao",0,conforme padrao,True,caracteristico,,False
AMA-2407-100,Amaciante de Roupas (esterquat),3,Luz Solar,7,3.39,0.997,-0.226,0.0,0.693,0.594,2,"leve cremeacao na superficie, porem conforme",0,conforme padrao,True,caracteristico do produto,,False
AMA-2407-100,Amaciante de Roupas (esterquat),3,Luz Solar,15,3.42,0.998,-0.457,0.0,1.368,1.184,2,"cremeacao visivel na superficie, reversivel a agitacao",1,"levemente diferente do padrao, conforme",True,caracteristico,,False
AMA-2407-100,Amaciante de Roupas (esterquat),3,Luz Solar,30,3.37,1.001,-0.822,0.0,2.369,2.075,2,"cremeacao visivel na superficie, reversivel a agitacao",2,perceptivelmente mais escura que o padrao,True,caracteristico,,False
AMA-2407-100,Amaciante de Roupas (esterquat),3,Luz Solar,60,3.37,0.999,-1.359,0.0,3.674,3.267,3,sedimento no fundo nao reincorporavel,3,amarelada em relacao ao padrao,True,caracteristico,aspecto nao conforme,True
AMA-2407-100,Amaciante de Roupas (esterquat),3,Luz Solar,90,3.23,1.002,-1.73,0.0,4.46,3.997,3,sedimento no fundo nao reincorporavel,3,amarelada em relacao ao padrao,True,caracteristico do produto,aspecto nao conforme,True
AMA-2407-101,Amaciante de Roupas (esterquat),3,Ambiente Escuro 25C,7,3.09,0.993,-0.02,0.0,0.039,0.035,1,liquido homogeneo com leve pelicula na superficie,0,conforme padrao,True,caracteristico do produto,,False
AMA-2407-101,Amaciante de Roupas (esterquat),3,Ambiente Escuro 25C,15,3.02,0.99,-0.042,0.0,0.084,0.075,1,liquido homogeneo com leve pelicula na superficie,0,conforme padrao,True,caracteristico do produto,,False
AMA-2407-101,Amaciante de Roupas (esterquat),3,Ambiente Escuro 25C,30,3.1,0.993,-0.084,0.0,0.168,0.15,2,"cremeacao visivel na superficie, reversivel a agitacao",0,conforme padrao,True,caracteristico,,False
AMA-2407-101,Amaciante de Roupas (esterquat),3,Ambiente Escuro 25C,60,3.0,0.994,-0.168,0.0,0.336,0.301,1,"homogeneo, leve turvacao em relacao ao padrao",0,conforme padrao,True,caracteristico,,False
AMA-2407-101,Amaciante de Roupas (esterquat),3,Ambiente Escuro 25C,90,2.96,0.992,-0.252,0.0,0.504,0.453,2,"cremeacao visivel na superficie, reversivel a agitacao",0,conforme padrao,True,caracteristico,,False
AMA-2407-101,Amaciante de Roupas (esterquat),3,Estufa 40C,7,3.02,0.993,-0.092,0.0,0.184,0.164,2,"cremeacao visivel na superficie, reversivel a agitacao",0,conforme padrao,True,caracteristico do produto,,False
AMA-2407-101,Amaciante de Roupas (esterquat),3,Estufa 40C,15,3.06,0.994,-0.197,0.0,0.394,0.353,2,"leve cremeacao na superficie, porem conforme",0,conforme padrao,True,caracteristico,,False
AMA-2407-101,Amaciante de Roupas (esterquat),3,Estufa 40C,30,2.87,0.991,-0.394,0.0,0.788,0.711,2,"leve cremeacao na superficie, porem conforme",0,conforme padrao,True,caracteristico,,False
AMA-2407-101,Amaciante de Roupas (esterquat),3,Estufa 40C,60,2.64,0.993,-0.788,0.0,1.577,1.435,2,"leve cremeacao na superficie, porem conforme",1,"levemente diferente do padrao, conforme",True,caracteristico do produto,,False
AMA-2407-101,Amaciante de Roupas (esterquat),3,Estufa 40C,90,2.48,1.001,-1.182,0.0,2.365,2.172,2,"leve cremeacao na superficie, porem conforme",2,perceptivelmente mais escura que o padrao,True,caracteristico do produto,pH fora de faixa,True
AMA-2407-101,Amaciante de Roupas (esterquat),3,Geladeira 5C,7,3.04,0.991,-0.002,0.0,0.004,0.003,1,"homogeneo, leve turvacao em relacao ao padrao",0,conforme padrao,True,caracteristico do produto,,False
AMA-2407-101,Amaciante de Roupas (esterquat),3,Geladeira 5C,15,3.04,0.991,-0.004,0.0,0.008,0.007,1,"homogeneo, leve turvacao em relacao ao padrao",0,conforme padrao,True,caracteristico,,False
AMA-2407-101,Amaciante de Roupas (esterquat),3,Geladeira 5C,30,3.09,0.991,-0.008,0.0,0.017,0.015,1,liquido homogeneo com leve pelicula na superficie,0,conforme padrao,True,caracteristico do produto,,False
AMA-2407-101,Amaciante de Roupas (esterquat),3,Geladeira 5C,60,3.11,0.989,-0.017,0.0,0.033,0.029,1,liquido homogeneo com leve pelicula na superficie,0,conforme padrao,True,caracteristico do produto,,False
AMA-2407-101,Amaciante de Roupas (esterquat),3,Geladeira 5C,90,3.09,0.993,-0.025,0.0,0.05,0.044,1,"homogeneo, leve turvacao em relacao ao padrao",0,conforme padrao,True,caracteristico do produto,,False
AMA-2407-101,Amaciante de Roupas (esterquat),3,Luz Solar,7,3.08,0.991,-0.226,0.0,0.693,0.602,1,"homogeneo, leve turvacao em relacao ao padrao",0,conforme padrao,True,caracteristico,,False
AMA-2407-101,Amaciante de Roupas (esterquat),3,Luz Solar,15,3.06,0.995,-0.457,0.0,1.368,1.2,2,"leve cremeacao na superficie, porem conforme",1,"levemente diferente do padrao, conforme",True,caracteristico,,False
AMA-2407-101,Amaciante de Roupas (esterquat),3,Luz Solar,30,3.04,0.99,-0.822,0.0,2.369,2.107,2,"leve cremeacao na superficie, porem conforme",2,perceptivelmente mais escura que o padrao,True,caracteristico,,False
AMA-2407-101,Amaciante de Roupas (esterquat),3,Luz Solar,60,2.94,0.991,-1.359,0.0,3.674,3.321,2,"leve cremeacao na superficie, porem conforme",3,amarelada em relacao ao padrao,True,caracteristico do produto,,False
AMA-2407-101,Amaciante de Roupas (esterquat),3,Luz Solar,90,2.87,0.992,-1.73,0.0,4.46,4.062,2,"leve cremeacao na superficie, porem conforme",3,amarelada em relacao ao padrao,True,caracteristico do produto,,False
DLL-2407-104,Detergente Liquido Lava-Loucas,3,Ambiente Escuro 25C,7,7.56,1.033,-0.017,0.0,0.034,0.019,0,"liquido homogeneo, levemente opalescente",0,conforme padrao,True,caracteristico do produto,,False
DLL-2407-104,Detergente Liquido Lava-Loucas,3,Ambiente Escuro 25C,15,7.56,1.032,-0.036,0.0,0.072,0.04,0,"liquido homogeneo, limpido",0,conforme padrao,True,caracteristico do produto,,False
DLL-2407-104,Detergente Liquido Lava-Loucas,3,Ambiente Escuro 25C,30,7.57,1.033,-0.072,0.0,0.144,0.08,0,"liquido homogeneo, sem alteracao",0,conforme padrao,True,caracteristico,,False
DLL-2407-104,Detergente Liquido Lava-Loucas,3,Ambiente Escuro 25C,60,7.49,1.035,-0.144,0.0,0.288,0.159,0,"liquido homogeneo, limpido",0,conforme padrao,True,caracteristico do produto,,False
DLL-2407-104,Detergente Liquido Lava-Loucas,3,Ambiente Escuro 25C,90,7.58,1.035,-0.216,0.0,0.432,0.239,0,"liquido homogeneo, sem alteracao",0,conforme padrao,True,caracteristico do produto,,False
DLL-2407-104,Detergente Liquido Lava-Loucas,3,Estufa 40C,7,7.57,1.031,-0.079,0.0,0.158,0.087,0,"liquido homogeneo, levemente opalescente",0,conforme padrao,True,caracteristico,,False
DLL-2407-104,Detergente Liquido Lava-Loucas,3,Estufa 40C,15,7.51,1.031,-0.169,0.0,0.338,0.187,1,"homogeneo, leve turvacao em relacao ao padrao",0,conforme padrao,True,caracteristico do produto,,False
DLL-2407-104,Detergente Liquido Lava-Loucas,3,Estufa 40C,30,7.44,1.035,-0.338,0.0,0.676,0.373,0,"liquido homogeneo, levemente opalescente",0,conforme padrao,True,caracteristico do produto,,False
DLL-2407-104,Detergente Liquido Lava-Loucas,3,Estufa 40C,60,7.45,1.036,-0.676,0.0,1.351,0.743,0,"liquido homogeneo, sem alteracao",0,conforme padrao,True,caracteristico do produto,,False
DLL-2407-104,Detergente Liquido Lava-Loucas,3,Estufa 40C,90,7.29,1.038,-1.014,0.0,2.027,1.109,0,"liquido homogeneo, sem alteracao",1,"levemente diferente do padrao, conforme",True,caracteristico do produto,,False
DLL-2407-104,Detergente Liquido Lava-Loucas,3,Geladeira 5C,7,7.58,1.032,-0.002,0.0,0.003,0.002,1,liquido homogeneo com leve pelicula na superficie,0,conforme padrao,True,caracteristico do produto,,False
DLL-2407-104,Detergente Liquido Lava-Loucas,3,Geladeira 5C,15,7.57,1.031,-0.004,0.0,0.007,0.004,1,liquido homogeneo com leve pelicula na superficie,0,conforme padrao,True,caracteristico,,False
DLL-2407-104,Detergente Liquido Lava-Loucas,3,Geladeira 5C,30,7.6,1.031,-0.007,0.0,0.014,0.008,0,"liquido homogeneo, sem alteracao",0,conforme padrao,True,caracteristico,,False
DLL-2407-104,Detergente Liquido Lava-Loucas,3,Geladeira 5C,60,7.6,1.029,-0.014,0.0,0.028,0.016,0,"liquido homogeneo, limpido",0,conforme padrao,True,caracteristico do produto,,False
DLL-2407-104,Detergente Liquido Lava-Loucas,3,Geladeira 5C,90,7.55,1.03,-0.021,0.0,0.042,0.024,1,"homogeneo, leve turvacao em relacao ao padrao",0,conforme padrao,True,caracteristico do produto,,False
DLL-2407-104,Detergente Liquido Lava-Loucas,3,Luz Solar,7,7.59,1.03,-0.256,0.0,0.794,0.393,0,"liquido homogeneo, limpido",0,conforme padrao,True,caracteristico do produto,,False
DLL-2407-104,Detergente Liquido Lava-Loucas,3,Luz Solar,15,7.56,1.032,-0.515,0.0,1.564,0.773,1,"homogeneo, leve turvacao em relacao ao padrao",0,conforme padrao,True,caracteristico,,False
DLL-2407-104,Detergente Liquido Lava-Loucas,3,Luz Solar,30,7.54,1.032,-0.921,0.0,2.695,1.329,0,"liquido homogeneo, levemente opalescente",1,"levemente diferente do padrao, conforme",True,caracteristico do produto,,False
DLL-2407-104,Detergente Liquido Lava-Loucas,3,Luz Solar,60,7.49,1.032,-1.507,0.0,4.14,2.045,1,liquido homogeneo com leve pelicula na superficie,2,perceptivelmente mais escura que o padrao,True,caracteristico do produto,,False
DLL-2407-104,Detergente Liquido Lava-Loucas,3,Luz Solar,90,7.48,1.034,-1.898,0.0,4.972,2.469,1,liquido homogeneo com leve pelicula na superficie,2,perceptivelmente mais escura que o padrao,True,caracteristico do produto,,False
DLR-2407-105,Detergente Liquido para Roupas,3,Ambiente Escuro 25C,7,9.63,1.025,-0.018,0.0,0.036,0.031,1,liquido homogeneo com leve pelicula na superficie,0,conforme padrao,True,caracteristico do produto,,False
DLR-2407-105,Detergente Liquido para Roupas,3,Ambiente Escuro 25C,15,9.65,1.028,-0.039,0.0,0.078,0.065,1,liquido homogeneo com leve pelicula na superficie,0,conforme padrao,True,caracteristico,,False
DLR-2407-105,Detergente Liquido para Roupas,3,Ambiente Escuro 25C,30,9.61,1.027,-0.078,0.0,0.156,0.131,1,liquido homogeneo com leve pelicula na superficie,0,conforme padrao,True,caracteristico,,False
DLR-2407-105,Detergente Liquido para Roupas,3,Ambiente Escuro 25C,60,9.58,1.024,-0.156,0.0,0.312,0.262,1,liquido homogeneo com leve pelicula na superficie,0,conforme padrao,True,caracteristico,,False
DLR-2407-105,Detergente Liquido para Roupas,3,Ambiente Escuro 25C,90,9.54,1.025,-0.234,0.0,0.468,0.392,1,liquido homogeneo com leve pelicula na superficie,0,conforme padrao,True,caracteristico,,False
DLR-2407-105,Detergente Liquido para Roupas,3,Estufa 40C,7,9.59,1.025,-0.085,0.0,0.171,0.143,1,liquido homogeneo com leve pelicula na superficie,0,conforme padrao,True,caracteristico do produto,,False
DLR-2407-105,Detergente Liquido para Roupas,3,Estufa 40C,15,9.61,1.024,-0.183,0.0,0.366,0.307,1,liquido homogeneo com leve pelicula na superficie,0,conforme padrao,True,caracteristico,,False
DLR-2407-105,Detergente Liquido para Roupas,3,Estufa 40C,30,9.43,1.025,-0.366,0.0,0.732,0.614,1,liquido homogeneo com leve pelicula na superficie,0,conforme padrao,True,caracteristico,,False
DLR-2407-105,Detergente Liquido para Roupas,3,Estufa 40C,60,9.37,1.026,-0.732,0.0,1.464,1.227,2,"leve cremeacao na superficie, porem conforme",1,"levemente diferente do padrao, conforme",True,caracteristico do produto,,False
DLR-2407-105,Detergente Liquido para Roupas,3,Estufa 40C,90,9.22,1.027,-1.098,0.0,2.196,1.839,2,"leve cremeacao na superficie, porem conforme",2,perceptivelmente mais escura que o padrao,True,caracteristico do produto,,False
DLR-2407-105,Detergente Liquido para Roupas,3,Geladeira 5C,7,9.6,1.024,-0.002,0.0,0.004,0.003,2,"leve cremeacao na superficie, porem conforme",0,conforme padrao,True,caracteristico,,False
DLR-2407-105,Detergente Liquido para Roupas,3,Geladeira 5C,15,9.63,1.026,-0.004,0.0,0.008,0.006,1,liquido homogeneo com leve pelicula na superficie,0,conforme padrao,True,caracteristico do produto,,False
DLR-2407-105,Detergente Liquido para Roupas,3,Geladeira 5C,30,9.6,1.024,-0.008,0.0,0.015,0.013,1,liquido homogeneo com leve pelicula na superficie,0,conforme padrao,True,caracteristico,,False
DLR-2407-105,Detergente Liquido para Roupas,3,Geladeira 5C,60,9.62,1.022,-0.015,0.0,0.031,0.026,2,"cremeacao visivel na superficie, reversivel a agitacao",0,conforme padrao,True,caracteristico,,False
DLR-2407-105,Detergente Liquido para Roupas,3,Geladeira 5C,90,9.56,1.025,-0.023,0.0,0.046,0.039,1,"homogeneo, leve turvacao em relacao ao padrao",0,conforme padrao,True,caracteristico,,False
DLR-2407-105,Detergente Liquido para Roupas,3,Luz Solar,7,9.64,1.024,-0.281,0.0,0.873,0.695,1,"homogeneo, leve turvacao em relacao ao padrao",0,conforme padrao,True,caracteristico,,False
DLR-2407-105,Detergente Liquido para Roupas,3,Luz Solar,15,9.63,1.025,-0.565,0.0,1.719,1.371,1,liquido homogeneo com leve pelicula na superficie,1,"levemente diferente do padrao, conforme",True,caracteristico,,False
DLR-2407-105,Detergente Liquido para Roupas,3,Luz Solar,30,9.54,1.023,-1.012,0.0,2.961,2.364,1,"homogeneo, leve turvacao em relacao ao padrao",2,perceptivelmente mais escura que o padrao,True,caracteristico,,False
DLR-2407-105,Detergente Liquido para Roupas,3,Luz Solar,60,9.56,1.024,-1.654,0.0,4.546,3.635,1,liquido homogeneo com leve pelicula na superficie,3,amarelada em relacao ao padrao,True,caracteristico do produto,,False
DLR-2407-105,Detergente Liquido para Roupas,3,Luz Solar,90,9.45,1.027,-2.082,0.0,5.457,4.372,1,"homogeneo, leve turvacao em relacao ao padrao",3,amarelada em relacao ao padrao,True,caracteristico do produto,,False
AMA-2407-106,Amaciante de Roupas (esterquat),3,Ambiente Escuro 25C,7,3.37,0.983,-0.02,0.0,0.039,0.035,1,"homogeneo, leve turvacao em relacao ao padrao",0,conforme padrao,True,caracteristico,densidade fora de faixa,True
AMA-2407-106,Amaciante de Roupas (esterquat),3,Ambiente Escuro 25C,15,3.3,0.987,-0.042,0.0,0.084,0.075,1,"homogeneo, leve turvacao em relacao ao padrao",0,conforme padrao,True,caracteristico,,False
AMA-2407-106,Amaciante de Roupas (esterquat),3,Ambiente Escuro 25C,30,3.29,0.985,-0.084,0.0,0.168,0.15,1,"homogeneo, leve turvacao em relacao ao padrao",0,conforme padrao,True,caracteristico,,False
AMA-2407-106,Amaciante de Roupas (esterquat),3,Ambiente Escuro 25C,60,3.29,0.987,-0.168,0.0,0.336,0.301,1,"homogeneo, leve turvacao em relacao ao padrao",0,conforme padrao,True,caracteristico do produto,,False
AMA-2407-106,Amaciante de Roupas (esterquat),3,Ambiente Escuro 25C,90,3.21,0.987,-0.252,0.0,0.504,0.452,1,"homogeneo, leve turvacao em relacao ao padrao",0,conforme padrao,True,caracteristico,,False
AMA-2407-106,Amaciante de Roupas (esterquat),3,Estufa 40C,7,3.28,0.985,-0.092,0.0,0.184,0.164,1,liquido homogeneo com leve pelicula na superficie,0,conforme padrao,True,caracteristico do produto,,False
AMA-2407-106,Amaciante de Roupas (esterquat),3,Estufa 40C,15,3.22,0.99,-0.197,0.0,0.394,0.353,0,"liquido homogeneo, levemente opalescente",0,conforme padrao,True,caracteristico,,False
AMA-2407-106,Amaciante de Roupas (esterquat),3,Estufa 40C,30,3.15,0.988,-0.394,0.0,0.788,0.709,0,"liquido homogeneo, limpido",0,conforme padrao,True,caracteristico do produto,,False
AMA-2407-106,Amaciante de Roupas (esterquat),3,Estufa 40C,60,2.96,0.988,-0.788,0.0,1.577,1.429,0,"liquido homogeneo, limpido",1,"levemente diferente do padrao, conforme",True,caracteristico do produto,,False
AMA-2407-106,Amaciante de Roupas (esterquat),3,Estufa 40C,90,2.76,0.991,-1.182,0.0,2.365,2.158,1,"homogeneo, leve turvacao em relacao ao padrao",2,perceptivelmente mais escura que o padrao,True,caracteristico,,False
AMA-2407-106,Amaciante de Roupas (esterquat),3,Geladeira 5C,7,3.26,0.987,-0.002,0.0,0.004,0.003,1,"homogeneo, leve turvacao em relacao ao padrao",0,conforme padrao,True,caracteristico,,False
AMA-2407-106,Amaciante de Roupas (esterquat),3,Geladeira 5C,15,3.28,0.988,-0.004,0.0,0.008,0.007,1,liquido homogeneo com leve pelicula na superficie,0,conforme padrao,True,caracteristico do produto,,False
AMA-2407-106,Amaciante de Roupas (esterquat),3,Geladeira 5C,30,3.32,0.985,-0.008,0.0,0.017,0.015,1,liquido homogeneo com leve pelicula na superficie,0,conforme padrao,True,caracteristico do produto,,False
AMA-2407-106,Amaciante de Roupas (esterquat),3,Geladeira 5C,60,3.27,0.986,-0.017,0.0,0.033,0.029,1,"homogeneo, leve turvacao em relacao ao padrao",0,conforme padrao,True,caracteristico do produto,,False
AMA-2407-106,Amaciante de Roupas (esterquat),3,Geladeira 5C,90,3.28,0.988,-0.025,0.0,0.05,0.044,1,"homogeneo, leve turvacao em relacao ao padrao",0,conforme padrao,True,caracteristico do produto,,False
AMA-2407-106,Amaciante de Roupas (esterquat),3,Luz Solar,7,3.26,0.987,-0.226,0.0,0.693,0.601,1,"homogeneo, leve turvacao em relacao ao padrao",0,conforme padrao,True,caracteristico,,False
AMA-2407-106,Amaciante de Roupas (esterquat),3,Luz Solar,15,3.23,0.987,-0.457,0.0,1.368,1.196,1,liquido homogeneo com leve pelicula na superficie,1,"levemente diferente do padrao, conforme",True,caracteristico,,False
AMA-2407-106,Amaciante de Roupas (esterquat),3,Luz Solar,30,3.25,0.986,-0.822,0.0,2.369,2.095,0,"liquido homogeneo, sem alteracao",2,perceptivelmente mais escura que o padrao,True,caracteristico do produto,,False
AMA-2407-106,Amaciante de Roupas (esterquat),3,Luz Solar,60,3.13,0.99,-1.359,0.0,3.674,3.29,1,"homogeneo, leve turvacao em relacao ao padrao",3,amarelada em relacao ao padrao,True,caracteristico do produto,,False
AMA-2407-106,Amaciante de Roupas (esterquat),3,Luz Solar,90,3.15,0.989,-1.73,0.0,4.46,4.019,0,"liquido homogeneo, levemente opalescente",3,amarelada em relacao ao padrao,True,caracteristico do produto,,False
AMA-2408-107,Amaciante de Roupas (esterquat),3,Ambiente Escuro 25C,7,3.03,0.99,-0.02,0.0,0.039,0.034,1,liquido homogeneo com leve pelicula na superficie,0,conforme padrao,True,caracteristico,,False
AMA-2408-107,Amaciante de Roupas (esterquat),3,Ambiente Escuro 25C,15,3.01,0.992,-0.042,0.0,0.084,0.074,1,"homogeneo, leve turvacao em relacao ao padrao",0,conforme padrao,True,caracteristico do produto,,False
AMA-2408-107,Amaciante de Roupas (esterquat),3,Ambiente Escuro 25C,30,3.04,0.993,-0.084,0.0,0.168,0.148,1,"homogeneo, leve turvacao em relacao ao padrao",0,conforme padrao,True,caracteristico do produto,,False
AMA-2408-107,Amaciante de Roupas (esterquat),3,Ambiente Escuro 25C,60,2.95,0.988,-0.168,0.0,0.336,0.296,1,"homogeneo, leve turvacao em relacao ao padrao",0,conforme padrao,True,caracteristico,,False
AMA-2408-107,Amaciante de Roupas (esterquat),3,Ambiente Escuro 25C,90,2.88,0.994,-0.252,0.0,0.504,0.446,0,"liquido homogeneo, sem alteracao",0,conforme padrao,True,caracteristico,,False
AMA-2408-107,Amaciante de Roupas (esterquat),3,Estufa 40C,7,3.03,0.988,-0.092,0.0,0.184,0.162,1,"homogeneo, leve turvacao em relacao ao padrao",0,conforme padrao,True,caracteristico do produto,,False
AMA-2408-107,Amaciante de Roupas (esterquat),3,Estufa 40C,15,2.93,0.99,-0.197,0.0,0.394,0.348,1,"homogeneo, leve turvacao em relacao ao padrao",0,conforme padrao,True,caracteristico,,False
AMA-2408-107,Amaciante de Roupas (esterquat),3,Estufa 40C,30,2.89,0.993,-0.394,0.0,0.788,0.7,1,liquido homogeneo com leve pelicula na superficie,0,conforme padrao,True,caracteristico do produto,,False
AMA-2408-107,Amaciante de Roupas (esterquat),3,Estufa 40C,60,2.7,0.995,-0.788,0.0,1.577,1.419,0,"liquido homogeneo, sem alteracao",1,"levemente diferente do padrao, conforme",True,caracteristico,,False
AMA-2408-107,Amaciante de Roupas (esterquat),3,Estufa 40C,90,2.47,0.997,-1.182,0.0,2.365,2.155,1,"homogeneo, leve turvacao em relacao ao padrao",2,perceptivelmente mais escura que o padrao,True,caracteristico do produto,pH fora de faixa,True
AMA-2408-107,Amaciante de Roupas (esterquat),3,Geladeira 5C,7,3.0,0.989,-0.002,0.0,0.004,0.003,1,"homogeneo, leve turvacao em relacao ao padrao",0,conforme padrao,True,caracteristico do produto,,False
AMA-2408-107,Amaciante de Roupas (esterquat),3,Geladeira 5C,15,3.04,0.989,-0.004,0.0,0.008,0.007,1,liquido homogeneo com leve pelicula na superficie,0,conforme padrao,True,caracteristico,,False
AMA-2408-107,Amaciante de Roupas (esterquat),3,Geladeira 5C,30,3.0,0.992,-0.008,0.0,0.017,0.014,0,"liquido homogeneo, levemente opalescente",0,conforme padrao,True,caracteristico,,False
AMA-2408-107,Amaciante de Roupas (esterquat),3,Geladeira 5C,60,3.07,0.992,-0.017,0.0,0.033,0.029,1,"homogeneo, leve turvacao em relacao ao padrao",0,conforme padrao,True,caracteristico do produto,,False
AMA-2408-107,Amaciante de Roupas (esterquat),3,Geladeira 5C,90,3.02,0.99,-0.025,0.0,0.05,0.043,1,"homogeneo, leve turvacao em relacao ao padrao",0,conforme padrao,True,caracteristico,,False
AMA-2408-107,Amaciante de Roupas (esterquat),3,Luz Solar,7,2.99,0.989,-0.226,0.0,0.693,0.592,0,"liquido homogeneo, limpido",0,conforme padrao,True,caracteristico do produto,,False
AMA-2408-107,Amaciante de Roupas (esterquat),3,Luz Solar,15,3.01,0.99,-0.457,0.0,1.368,1.185,0,"liquido homogeneo, sem alteracao",1,"levemente diferente do padrao, conforme",True,caracteristico,,False
AMA-2408-107,Amaciante de Roupas (esterquat),3,Luz Solar,30,2.97,0.991,-0.822,0.0,2.369,2.091,0,"liquido homogeneo, levemente opalescente",2,perceptivelmente mais escura que o padrao,True,caracteristico,,False
AMA-2408-107,Amaciante de Roupas (esterquat),3,Luz Solar,60,2.93,0.993,-1.359,0.0,3.674,3.323,1,"homogeneo, leve turvacao em relacao ao padrao",3,amarelada em relacao ao padrao,True,caracteristico do produto,,False
AMA-2408-107,Amaciante de Roupas (esterquat),3,Luz Solar,90,2.87,0.992,-1.73,0.0,4.46,4.084,1,"homogeneo, leve turvacao em relacao ao padrao",3,amarelada em relacao ao padrao,True,caracteristico do produto,,False
ALV-2408-108,Alvejante Liquido sem Cloro,3,Ambiente Escuro 25C,7,4.0,1.042,-0.014,0.0,0.028,0.026,0,"liquido homogeneo, sem alteracao",0,conforme padrao,True,caracteristico,,False
ALV-2408-108,Alvejante Liquido sem Cloro,3,Ambiente Escuro 25C,15,3.94,1.041,-0.03,0.0,0.06,0.057,0,"liquido homogeneo, limpido",0,conforme padrao,True,caracteristico,,False
ALV-2408-108,Alvejante Liquido sem Cloro,3,Ambiente Escuro 25C,30,3.89,1.046,-0.06,0.0,0.12,0.113,0,"liquido homogeneo, sem alteracao",0,conforme padrao,True,caracteristico do produto,,False
ALV-2408-108,Alvejante Liquido sem Cloro,3,Ambiente Escuro 25C,60,3.88,1.043,-0.12,0.0,0.24,0.225,0,"liquido homogeneo, levemente opalescente",0,conforme padrao,True,caracteristico do produto,,False
ALV-2408-108,Alvejante Liquido sem Cloro,3,Ambiente Escuro 25C,90,3.85,1.042,-0.18,0.0,0.36,0.338,0,"liquido homogeneo, sem alteracao",0,conforme padrao,True,caracteristico do produto,,False
ALV-2408-108,Alvejante Liquido sem Cloro,3,Estufa 40C,7,3.9,1.043,-0.066,0.0,0.131,0.124,0,"liquido homogeneo, limpido",0,conforme padrao,True,caracteristico do produto,,False
ALV-2408-108,Alvejante Liquido sem Cloro,3,Estufa 40C,15,3.9,1.045,-0.141,0.0,0.282,0.264,0,"liquido homogeneo, sem alteracao",0,conforme padrao,True,caracteristico do produto,,False
ALV-2408-108,Alvejante Liquido sem Cloro,3,Estufa 40C,30,3.78,1.047,-0.282,0.0,0.563,0.526,0,"liquido homogeneo, sem alteracao",0,conforme padrao,True,caracteristico do produto,,False
ALV-2408-108,Alvejante Liquido sem Cloro,3,Estufa 40C,60,3.62,1.048,-0.563,0.0,1.126,1.042,0,"liquido homogeneo, limpido",1,"levemente diferente do padrao, conforme",True,caracteristico,,False
ALV-2408-108,Alvejante Liquido sem Cloro,3,Estufa 40C,90,3.48,1.052,-0.845,0.0,1.689,1.548,0,"liquido homogeneo, limpido",1,"levemente diferente do padrao, conforme",True,caracteristico do produto,pH fora de faixa,True
ALV-2408-108,Alvejante Liquido sem Cloro,3,Geladeira 5C,7,3.9,1.044,-0.001,0.0,0.003,0.003,0,"liquido homogeneo, limpido",0,conforme padrao,True,caracteristico,,False
ALV-2408-108,Alvejante Liquido sem Cloro,3,Geladeira 5C,15,3.94,1.042,-0.003,0.0,0.006,0.006,0,"liquido homogeneo, sem alteracao",0,conforme padrao,True,caracteristico,,False
ALV-2408-108,Alvejante Liquido sem Cloro,3,Geladeira 5C,30,3.95,1.042,-0.006,0.0,0.012,0.011,0,"liquido homogeneo, sem alteracao",0,conforme padrao,True,caracteristico do produto,,False
ALV-2408-108,Alvejante Liquido sem Cloro,3,Geladeira 5C,60,3.98,1.04,-0.012,0.0,0.024,0.022,1,liquido homogeneo com leve pelicula na superficie,0,conforme padrao,True,caracteristico,,False
ALV-2408-108,Alvejante Liquido sem Cloro,3,Geladeira 5C,90,3.92,1.044,-0.018,0.0,0.035,0.033,0,"liquido homogeneo, limpido",0,conforme padrao,True,caracteristico,,False
ALV-2408-108,Alvejante Liquido sem Cloro,3,Luz Solar,7,3.94,1.041,-0.376,0.0,1.19,1.063,0,"liquido homogeneo, levemente opalescente",1,"levemente diferente do padrao, conforme",True,caracteristico,,False
ALV-2408-108,Alvejante Liquido sem Cloro,3,Luz Solar,15,3.9,1.043,-0.754,0.0,2.337,2.046,0,"liquido homogeneo, limpido",2,perceptivelmente mais escura que o padrao,True,caracteristico,,False
ALV-2408-108,Alvejante Liquido sem Cloro,3,Luz Solar,30,3.9,1.043,-1.34,0.0,4.002,3.41,0,"liquido homogeneo, limpido",3,amarelada em relacao ao padrao,True,caracteristico do produto,,False
ALV-2408-108,Alvejante Liquido sem Cloro,3,Luz Solar,60,3.82,1.046,-2.16,0.0,6.066,5.012,1,"homogeneo, leve turvacao em relacao ao padrao",3,amarelada em relacao ao padrao,True,caracteristico do produto,,False
ALV-2408-108,Alvejante Liquido sem Cloro,3,Luz Solar,90,3.81,1.046,-2.678,0.0,7.18,5.847,0,"liquido homogeneo, limpido",3,amarelada em relacao ao padrao,True,caracteristico,,False
ALV-2408-109,Alvejante Liquido sem Cloro,3,Ambiente Escuro 25C,7,4.02,1.051,-0.014,0.0,0.028,0.026,0,"liquido homogeneo, levemente opalescente",0,conforme padrao,True,caracteristico do produto,,False
ALV-2408-109,Alvejante Liquido sem Cloro,3,Ambiente Escuro 25C,15,4.09,1.052,-0.03,0.0,0.06,0.056,1,"homogeneo, leve turvacao em relacao ao padrao",0,conforme padrao,True,caracteristico,,False
ALV-2408-109,Alvejante Liquido sem Cloro,3,Ambiente Escuro 25C,30,4.05,1.049,-0.06,0.0,0.12,0.112,0,"liquido homogeneo, sem alteracao",0,conforme padrao,True,caracteristico,,False
ALV-2408-109,Alvejante Liquido sem Cloro,3,Ambiente Escuro 25C,60,3.99,1.049,-0.12,0.0,0.24,0.224,1,"homogeneo, leve turvacao em relacao ao padrao",0,conforme padrao,True,caracteristico do produto,,False
ALV-2408-109,Alvejante Liquido sem Cloro,3,Ambiente Escuro 25C,90,3.92,1.047,-0.18,0.0,0.36,0.336,1,liquido homogeneo com leve pelicula na superficie,0,conforme padrao,True,caracteristico do produto,,False
ALV-2408-109,Alvejante Liquido sem Cloro,3,Estufa 40C,7,4.03,1.048,-0.066,0.0,0.131,0.123,0,"liquido homogeneo, limpido",0,conforme padrao,True,caracteristico,,False
ALV-2408-109,Alvejante Liquido sem Cloro,3,Estufa 40C,15,3.96,1.049,-0.141,0.0,0.282,0.263,0,"liquido homogeneo, sem alteracao",0,conforme padrao,True,caracteristico do produto,,False
ALV-2408-109,Alvejante Liquido sem Cloro,3,Estufa 40C,30,3.87,1.053,-0.282,0.0,0.563,0.523,0,"liquido homogeneo, sem alteracao",0,conforme padrao,True,caracteristico,,False
ALV-2408-109,Alvejante Liquido sem Cloro,3,Estufa 40C,60,3.7,1.053,-0.563,0.0,1.126,1.036,1,liquido homogeneo com leve pelicula na superficie,1,"levemente diferente do padrao, conforme",True,caracteristico,,False
ALV-2408-109,Alvejante Liquido sem Cloro,3,Estufa 40C,90,3.49,1.056,-0.845,0.0,1.689,1.54,1,"homogeneo, leve turvacao em relacao ao padrao",1,"levemente diferente do padrao, conforme",True,caracteristico do produto,pH fora de faixa,True
ALV-2408-109,Alvejante Liquido sem Cloro,3,Geladeira 5C,7,4.06,1.048,-0.001,0.0,0.003,0.003,0,"liquido homogeneo, sem alteracao",0,conforme padrao,True,caracteristico do produto,,False
ALV-2408-109,Alvejante Liquido sem Cloro,3,Geladeira 5C,15,4.08,1.047,-0.003,0.0,0.006,0.006,0,"liquido homogeneo, sem alteracao",0,conforme padrao,True,caracteristico,,False
ALV-2408-109,Alvejante Liquido sem Cloro,3,Geladeira 5C,30,4.08,1.047,-0.006,0.0,0.012,0.011,1,liquido homogeneo com leve pelicula na superficie,0,conforme padrao,True,caracteristico,,False
ALV-2408-109,Alvejante Liquido sem Cloro,3,Geladeira 5C,60,4.1,1.049,-0.012,0.0,0.024,0.022,1,"homogeneo, leve turvacao em relacao ao padrao",0,conforme padrao,False,"alterado, notas rancosas",odor alterado,True
ALV-2408-109,Alvejante Liquido sem Cloro,3,Geladeira 5C,90,4.04,1.049,-0.018,0.0,0.035,0.033,1,liquido homogeneo com leve pelicula na superficie,0,conforme padrao,True,caracteristico do produto,,False
ALV-2408-109,Alvejante Liquido sem Cloro,3,Luz Solar,7,4.08,1.048,-0.376,0.0,1.19,1.057,1,"homogeneo, leve turvacao em relacao ao padrao",1,"levemente diferente do padrao, conforme",True,caracteristico,,False
ALV-2408-109,Alvejante Liquido sem Cloro,3,Luz Solar,15,4.01,1.048,-0.754,0.0,2.337,2.036,1,"homogeneo, leve turvacao em relacao ao padrao",2,perceptivelmente mais escura que o padrao,True,caracteristico do produto,,False
ALV-2408-109,Alvejante Liquido sem Cloro,3,Luz Solar,30,4.02,1.051,-1.34,0.0,4.002,3.394,1,liquido homogeneo com leve pelicula na superficie,3,amarelada em relacao ao padrao,True,caracteristico,,False
ALV-2408-109,Alvejante Liquido sem Cloro,3,Luz Solar,60,3.89,1.05,-2.16,0.0,6.066,4.989,1,liquido homogeneo com leve pelicula na superficie,3,amarelada em relacao ao padrao,True,caracteristico,,False
ALV-2408-109,Alvejante Liquido sem Cloro,3,Luz Solar,90,3.8,1.054,-2.678,0.0,7.18,5.822,1,liquido homogeneo com leve pelicula na superficie,3,amarelada em relacao ao padrao,True,caracteristico,,False
ALV-2408-111,Alvejante Liquido sem Cloro,3,Ambiente Escuro 25C,7,3.91,1.046,-0.014,0.0,0.028,0.026,1,liquido homogeneo com leve pelicula na superficie,0,conforme padrao,True,caracteristico do produto,,False
ALV-2408-111,Alvejante Liquido sem Cloro,3,Ambiente Escuro 25C,15,3.85,1.047,-0.03,0.0,0.06,0.056,1,liquido homogeneo com leve pelicula na superficie,0,conforme padrao,True,caracteristico,,False
ALV-2408-111,Alvejante Liquido sem Cloro,3,Ambiente Escuro 25C,30,3.83,1.047,-0.06,0.0,0.12,0.112,0,"liquido homogeneo, levemente opalescente",0,conforme padrao,True,caracteristico,,False
ALV-2408-111,Alvejante Liquido sem Cloro,3,Ambiente Escuro 25C,60,3.78,1.049,-0.12,0.0,0.24,0.224,0,"liquido homogeneo, sem alteracao",0,conforme padrao,True,caracteristico do produto,,False
ALV-2408-111,Alvejante Liquido sem Cloro,3,Ambiente Escuro 25C,90,3.8,1.048,-0.18,0.0,0.36,0.335,1,"homogeneo, leve turvacao em relacao ao padrao",0,conforme padrao,True,caracteristico,,False
ALV-2408-111,Alvejante Liquido sem Cloro,3,Estufa 40C,7,3.84,1.047,-0.066,0.0,0.131,0.123,0,"liquido homogeneo, levemente opalescente",0,conforme padrao,True,caracteristico,,False
ALV-2408-111,Alvejante Liquido sem Cloro,3,Estufa 40C,15,3.79,1.047,-0.141,0.0,0.282,0.262,0,"liquido homogeneo, limpido",0,conforme padrao,True,caracteristico do produto,,False
ALV-2408-111,Alvejante Liquido sem Cloro,3,Estufa 40C,30,3.7,1.048,-0.282,0.0,0.563,0.522,0,"liquido homogeneo, sem alteracao",0,conforme padrao,True,caracteristico do produto,,False
ALV-2408-111,Alvejante Liquido sem Cloro,3,Estufa 40C,60,3.47,1.051,-0.563,0.0,1.126,1.033,1,liquido homogeneo com leve pelicula na superficie,1,"levemente diferente do padrao, conforme",True,caracteristico,pH fora de faixa,True
ALV-2408-111,Alvejante Liquido sem Cloro,3,Estufa 40C,90,3.35,1.055,-0.845,0.0,1.689,1.535,1,"homogeneo, leve turvacao em relacao ao padrao",1,"levemente diferente do padrao, conforme",True,caracteristico do produto,pH fora de faixa,True
ALV-2408-111,Alvejante Liquido sem Cloro,3,Geladeira 5C,7,3.87,1.049,-0.001,0.0,0.003,0.003,1,liquido homogeneo com leve pelicula na superficie,0,conforme padrao,True,caracteristico do produto,,False
ALV-2408-111,Alvejante Liquido sem Cloro,3,Geladeira 5C,15,3.88,1.048,-0.003,0.0,0.006,0.006,0,"liquido homogeneo, levemente opalescente",0,conforme padrao,True,caracteristico do produto,,False
ALV-2408-111,Alvejante Liquido sem Cloro,3,Geladeira 5C,30,3.83,1.045,-0.006,0.0,0.012,0.011,1,liquido homogeneo com leve pelicula na superficie,0,conforme padrao,True,caracteristico,,False
ALV-2408-111,Alvejante Liquido sem Cloro,3,Geladeira 5C,60,3.86,1.047,-0.012,0.0,0.024,0.022,0,"liquido homogeneo, sem alteracao",0,conforme padrao,True,caracteristico do produto,,False
ALV-2408-111,Alvejante Liquido sem Cloro,3,Geladeira 5C,90,3.85,1.046,-0.018,0.0,0.035,0.033,1,liquido homogeneo com leve pelicula na superficie,0,conforme padrao,True,caracteristico,,False
ALV-2408-111,Alvejante Liquido sem Cloro,3,Luz Solar,7,3.83,1.047,-0.376,0.0,1.19,1.054,1,"homogeneo, leve turvacao em relacao ao padrao",1,"levemente diferente do padrao, conforme",True,caracteristico do produto,,False
ALV-2408-111,Alvejante Liquido sem Cloro,3,Luz Solar,15,3.83,1.047,-0.754,0.0,2.337,2.029,1,"homogeneo, leve turvacao em relacao ao padrao",2,perceptivelmente mais escura que o padrao,True,caracteristico do produto,,False
ALV-2408-111,Alvejante Liquido sem Cloro,3,Luz Solar,30,3.86,1.046,-1.34,0.0,4.002,3.382,1,liquido homogeneo com leve pelicula na superficie,3,amarelada em relacao ao padrao,True,caracteristico do produto,,False
ALV-2408-111,Alvejante Liquido sem Cloro,3,Luz Solar,60,3.76,1.05,-2.16,0.0,6.066,4.97,1,liquido homogeneo com leve pelicula na superficie,3,amarelada em relacao ao padrao,True,caracteristico do produto,,False
ALV-2408-111,Alvejante Liquido sem Cloro,3,Luz Solar,90,3.63,1.05,-2.678,0.0,7.18,5.799,1,liquido homogeneo com leve pelicula na superficie,3,amarelada em relacao ao padrao,True,caracteristico do produto,,False
LMU-2408-112,Limpador Multiuso Alcalino,3,Ambiente Escuro 25C,7,10.36,1.007,-0.021,0.0,0.042,0.03,1,liquido homogeneo com leve pelicula na superficie,0,conforme padrao,True,caracteristico,,False
LMU-2408-112,Limpador Multiuso Alcalino,3,Ambiente Escuro 25C,15,10.38,1.007,-0.045,0.0,0.09,0.064,0,"liquido homogeneo, levemente opalescente",0,conforme padrao,True,caracteristico,,False
LMU-2408-112,Limpador Multiuso Alcalino,3,Ambiente Escuro 25C,30,10.33,1.009,-0.09,0.0,0.18,0.128,0,"liquido homogeneo, levemente opalescente",0,conforme padrao,True,caracteristico do produto,,False
LMU-2408-112,Limpador Multiuso Alcalino,3,Ambiente Escuro 25C,60,10.25,1.012,-0.18,0.0,0.36,0.256,1,"homogeneo, leve turvacao em relacao ao padrao",0,conforme padrao,True,caracteristico do produto,,False
LMU-2408-112,Limpador Multiuso Alcalino,3,Ambiente Escuro 25C,90,10.23,1.009,-0.27,0.0,0.54,0.384,1,liquido homogeneo com leve pelicula na superficie,0,conforme padrao,True,caracteristico,,False
LMU-2408-112,Limpador Multiuso Alcalino,3,Estufa 40C,7,10.35,1.009,-0.099,0.0,0.197,0.14,1,liquido homogeneo com leve pelicula na superficie,0,conforme padrao,True,caracteristico,,False
LMU-2408-112,Limpador Multiuso Alcalino,3,Estufa 40C,15,10.29,1.01,-0.211,0.0,0.422,0.301,1,liquido homogeneo com leve pelicula na superficie,0,conforme padrao,True,caracteristico do produto,,False
LMU-2408-112,Limpador Multiuso Alcalino,3,Estufa 40C,30,10.21,1.009,-0.422,0.0,0.845,0.6,1,"homogeneo, leve turvacao em relacao ao padrao",0,conforme padrao,True,caracteristico do produto,,False
LMU-2408-112,Limpador Multiuso Alcalino,3,Estufa 40C,60,10.04,1.013,-0.845,0.0,1.689,1.195,1,liquido homogeneo com leve pelicula na superficie,1,"levemente diferente do padrao, conforme",True,caracteristico do produto,,False
LMU-2408-112,Limpador Multiuso Alcalino,3,Estufa 40C,90,9.88,1.013,-1.267,0.0,2.534,1.785,0,"liquido homogeneo, levemente opalescente",2,perceptivelmente mais escura que o padrao,True,caracteristico do produto,,False
LMU-2408-112,Limpador Multiuso Alcalino,3,Geladeira 5C,7,10.37,1.012,-0.002,0.0,0.004,0.003,0,"liquido homogeneo, sem alteracao",0,conforme padrao,True,caracteristico do produto,,False
LMU-2408-112,Limpador Multiuso Alcalino,3,Geladeira 5C,15,10.35,1.01,-0.004,0.0,0.009,0.006,0,"liquido homogeneo, sem alteracao",0,conforme padrao,True,caracteristico do produto,,False
LMU-2408-112,Limpador Multiuso Alcalino,3,Geladeira 5C,30,10.28,1.007,-0.009,0.0,0.018,0.013,0,"liquido homogeneo, limpido",0,conforme padrao,True,caracteristico,,False
LMU-2408-112,Limpador Multiuso Alcalino,3,Geladeira 5C,60,10.36,1.006,-0.018,0.0,0.035,0.025,1,liquido homogeneo com leve pelicula na superficie,0,conforme padrao,True,caracteristico do produto,,False
LMU-2408-112,Limpador Multiuso Alcalino,3,Geladeira 5C,90,10.38,1.009,-0.027,0.0,0.053,0.038,1,"homogeneo, leve turvacao em relacao ao padrao",0,conforme padrao,True,caracteristico,,False
LMU-2408-112,Limpador Multiuso Alcalino,3,Luz Solar,7,10.38,1.009,-0.32,0.0,0.993,0.642,1,"homogeneo, leve turvacao em relacao ao padrao",0,conforme padrao,True,caracteristico do produto,,False
LMU-2408-112,Limpador Multiuso Alcalino,3,Luz Solar,15,10.34,1.008,-0.644,0.0,1.955,1.261,1,liquido homogeneo com leve pelicula na superficie,1,"levemente diferente do padrao, conforme",True,caracteristico do produto,,False
LMU-2408-112,Limpador Multiuso Alcalino,3,Luz Solar,30,10.34,1.007,-1.152,0.0,3.369,2.167,1,liquido homogeneo com leve pelicula na superficie,2,perceptivelmente mais escura que o padrao,True,caracteristico,,False
LMU-2408-112,Limpador Multiuso Alcalino,3,Luz Solar,60,10.2,1.011,-1.884,0.0,5.175,3.328,1,"homogeneo, leve turvacao em relacao ao padrao",3,amarelada em relacao ao padrao,True,caracteristico,,False
LMU-2408-112,Limpador Multiuso Alcalino,3,Luz Solar,90,10.18,1.01,-2.372,0.0,6.216,4.011,1,liquido homogeneo com leve pelicula na superficie,3,amarelada em relacao ao padrao,True,caracteristico,,False
DLL-2408-118,Detergente Liquido Lava-Loucas,3,Ambiente Escuro 25C,7,7.23,1.034,-0.017,0.0,0.034,0.019,2,"cremeacao visivel na superficie, reversivel a agitacao",0,conforme padrao,True,caracteristico do produto,,False
DLL-2408-118,Detergente Liquido Lava-Loucas,3,Ambiente Escuro 25C,15,7.19,1.03,-0.036,0.0,0.072,0.04,2,"leve cremeacao na superficie, porem conforme",0,conforme padrao,True,caracteristico,,False
DLL-2408-118,Detergente Liquido Lava-Loucas,3,Ambiente Escuro 25C,30,7.27,1.032,-0.072,0.0,0.144,0.08,1,"homogeneo, leve turvacao em relacao ao padrao",0,conforme padrao,True,caracteristico,,False
DLL-2408-118,Detergente Liquido Lava-Loucas,3,Ambiente Escuro 25C,60,7.18,1.032,-0.144,0.0,0.288,0.16,2,"leve cremeacao na superficie, porem conforme",0,conforme padrao,True,caracteristico,,False
DLL-2408-118,Detergente Liquido Lava-Loucas,3,Ambiente Escuro 25C,90,7.13,1.034,-0.216,0.0,0.432,0.239,3,"separacao parcial de fase, camada superior definida",0,conforme padrao,True,caracteristico,aspecto nao conforme,True
DLL-2408-118,Detergente Liquido Lava-Loucas,3,Estufa 40C,7,7.24,1.031,-0.079,0.0,0.158,0.087,2,"leve cremeacao na superficie, porem conforme",0,conforme padrao,True,caracteristico do produto,,False
DLL-2408-118,Detergente Liquido Lava-Loucas,3,Estufa 40C,15,7.22,1.031,-0.169,0.0,0.338,0.187,2,"leve cremeacao na superficie, porem conforme",0,conforme padrao,True,caracteristico do produto,,False
DLL-2408-118,Detergente Liquido Lava-Loucas,3,Estufa 40C,30,7.11,1.033,-0.338,0.0,0.676,0.373,2,"leve cremeacao na superficie, porem conforme",0,conforme padrao,True,caracteristico do produto,,False
DLL-2408-118,Detergente Liquido Lava-Loucas,3,Estufa 40C,60,6.95,1.035,-0.676,0.0,1.351,0.744,3,"separacao parcial de fase, camada superior definida",0,conforme padrao,True,caracteristico,aspecto nao conforme,True
DLL-2408-118,Detergente Liquido Lava-Loucas,3,Estufa 40C,90,6.83,1.038,-1.014,0.0,2.027,1.111,3,"separacao parcial de fase, camada superior definida",1,"levemente diferente do padrao, conforme",True,caracteristico,aspecto nao conforme,True
DLL-2408-118,Detergente Liquido Lava-Loucas,3,Geladeira 5C,7,7.29,1.03,-0.002,0.0,0.003,0.002,2,"leve cremeacao na superficie, porem conforme",0,conforme padrao,True,caracteristico do produto,,False
DLL-2408-118,Detergente Liquido Lava-Loucas,3,Geladeira 5C,15,7.21,1.032,-0.004,0.0,0.007,0.004,2,"cremeacao visivel na superficie, reversivel a agitacao",0,conforme padrao,True,caracteristico do produto,,False
DLL-2408-118,Detergente Liquido Lava-Loucas,3,Geladeira 5C,30,7.27,1.031,-0.007,0.0,0.014,0.008,1,liquido homogeneo com leve pelicula na superficie,0,conforme padrao,True,caracteristico do produto,,False
DLL-2408-118,Detergente Liquido Lava-Loucas,3,Geladeira 5C,60,7.24,1.03,-0.014,0.0,0.028,0.016,1,liquido homogeneo com leve pelicula na superficie,0,conforme padrao,True,caracteristico do produto,,False
DLL-2408-118,Detergente Liquido Lava-Loucas,3,Geladeira 5C,90,7.19,1.033,-0.021,0.0,0.042,0.024,2,"cremeacao visivel na superficie, reversivel a agitacao",0,conforme padrao,True,caracteristico do produto,,False
DLL-2408-118,Detergente Liquido Lava-Loucas,3,Luz Solar,7,7.24,1.03,-0.256,0.0,0.794,0.393,2,"cremeacao visivel na superficie, reversivel a agitacao",0,conforme padrao,True,caracteristico,,False
DLL-2408-118,Detergente Liquido Lava-Loucas,3,Luz Solar,15,7.16,1.033,-0.515,0.0,1.564,0.772,1,liquido homogeneo com leve pelicula na superficie,0,conforme padrao,False,"caracteristico, porem alterado",odor alterado,True
DLL-2408-118,Detergente Liquido Lava-Loucas,3,Luz Solar,30,7.22,1.032,-0.921,0.0,2.695,1.328,2,"leve cremeacao na superficie, porem conforme",1,"levemente diferente do padrao, conforme",True,caracteristico,,False
DLL-2408-118,Detergente Liquido Lava-Loucas,3,Luz Solar,60,7.15,1.031,-1.507,0.0,4.14,2.045,2,"leve cremeacao na superficie, porem conforme",2,perceptivelmente mais escura que o padrao,True,caracteristico,,False
DLL-2408-118,Detergente Liquido Lava-Loucas,3,Luz Solar,90,7.09,1.033,-1.898,0.0,4.972,2.47,2,"leve cremeacao na superficie, porem conforme",2,perceptivelmente mais escura que o padrao,True,caracteristico do produto,,False
ALV-2408-119,Alvejante Liquido sem Cloro,3,Ambiente Escuro 25C,7,4.24,1.034,-0.014,0.0,0.028,0.025,1,liquido homogeneo com leve pelicula na superficie,0,conforme padrao,True,caracteristico do produto,,False
ALV-2408-119,Alvejante Liquido sem Cloro,3,Ambiente Escuro 25C,15,4.31,1.037,-0.03,0.0,0.06,0.054,1,"homogeneo, leve turvacao em relacao ao padrao",0,conforme padrao,True,caracteristico,,False
ALV-2408-119,Alvejante Liquido sem Cloro,3,Ambiente Escuro 25C,30,4.21,1.038,-0.06,0.0,0.12,0.108,1,"homogeneo, leve turvacao em relacao ao padrao",0,conforme padrao,True,caracteristico do produto,,False
ALV-2408-119,Alvejante Liquido sem Cloro,3,Ambiente Escuro 25C,60,4.17,1.041,-0.12,0.0,0.24,0.217,1,"homogeneo, leve turvacao em relacao ao padrao",0,conforme padrao,True,caracteristico,,False
ALV-2408-119,Alvejante Liquido sem Cloro,3,Ambiente Escuro 25C,90,4.09,1.037,-0.18,0.0,0.36,0.324,0,"liquido homogeneo, limpido",0,conforme padrao,True,caracteristico do produto,,False
ALV-2408-119,Alvejante Liquido sem Cloro,3,Estufa 40C,7,4.25,1.036,-0.066,0.0,0.131,0.119,1,liquido homogeneo com leve pelicula na superficie,0,conforme padrao,True,caracteristico,,False
ALV-2408-119,Alvejante Liquido sem Cloro,3,Estufa 40C,15,4.16,1.042,-0.141,0.0,0.282,0.254,0,"liquido homogeneo, limpido",0,conforme padrao,True,caracteristico,,False
ALV-2408-119,Alvejante Liquido sem Cloro,3,Estufa 40C,30,4.08,1.038,-0.282,0.0,0.563,0.505,1,"homogeneo, leve turvacao em relacao ao padrao",0,conforme padrao,True,caracteristico do produto,,False
ALV-2408-119,Alvejante Liquido sem Cloro,3,Estufa 40C,60,3.85,1.04,-0.563,0.0,1.126,1.001,1,"homogeneo, leve turvacao em relacao ao padrao",1,"levemente diferente do padrao, conforme",True,caracteristico do produto,,False
ALV-2408-119,Alvejante Liquido sem Cloro,3,Estufa 40C,90,3.75,1.043,-0.845,0.0,1.689,1.489,1,"homogeneo, leve turvacao em relacao ao padrao",1,"levemente diferente do padrao, conforme",True,caracteristico,,False
ALV-2408-119,Alvejante Liquido sem Cloro,3,Geladeira 5C,7,4.28,1.037,-0.001,0.0,0.003,0.002,0,"liquido homogeneo, limpido",0,conforme padrao,True,caracteristico do produto,,False
ALV-2408-119,Alvejante Liquido sem Cloro,3,Geladeira 5C,15,4.27,1.039,-0.003,0.0,0.006,0.005,1,liquido homogeneo com leve pelicula na superficie,0,conforme padrao,True,caracteristico do produto,,False
ALV-2408-119,Alvejante Liquido sem Cloro,3,Geladeira 5C,30,4.32,1.037,-0.006,0.0,0.012,0.011,1,liquido homogeneo com leve pelicula na superficie,0,conforme padrao,True,caracteristico do produto,,False
ALV-2408-119,Alvejante Liquido sem Cloro,3,Geladeira 5C,60,4.28,1.039,-0.012,0.0,0.024,0.021,1,"homogeneo, leve turvacao em relacao ao padrao",0,conforme padrao,True,caracteristico,,False
ALV-2408-119,Alvejante Liquido sem Cloro,3,Geladeira 5C,90,4.28,1.038,-0.018,0.0,0.035,0.032,1,"homogeneo, leve turvacao em relacao ao padrao",0,conforme padrao,True,caracteristico,,False
ALV-2408-119,Alvejante Liquido sem Cloro,3,Luz Solar,7,4.29,1.04,-0.376,0.0,1.19,1.018,1,liquido homogeneo com leve pelicula na superficie,1,"levemente diferente do padrao, conforme",True,caracteristico do produto,,False
ALV-2408-119,Alvejante Liquido sem Cloro,3,Luz Solar,15,4.24,1.034,-0.754,0.0,2.337,1.963,1,"homogeneo, leve turvacao em relacao ao padrao",2,perceptivelmente mais escura que o padrao,True,caracteristico,,False
ALV-2408-119,Alvejante Liquido sem Cloro,3,Luz Solar,30,4.18,1.039,-1.34,0.0,4.002,3.275,0,"liquido homogeneo, levemente opalescente",3,amarelada em relacao ao padrao,True,caracteristico do produto,,False
ALV-2408-119,Alvejante Liquido sem Cloro,3,Luz Solar,60,4.13,1.038,-2.16,0.0,6.066,4.823,0,"liquido homogeneo, sem alteracao",3,amarelada em relacao ao padrao,True,caracteristico,,False
ALV-2408-119,Alvejante Liquido sem Cloro,3,Luz Solar,90,4.05,1.04,-2.678,0.0,7.18,5.633,1,liquido homogeneo com leve pelicula na superficie,3,amarelada em relacao ao padrao,True,caracteristico do produto,,False
ALV-2408-120,Alvejante Liquido sem Cloro,3,Ambiente Escuro 25C,7,4.19,1.044,-0.014,0.0,0.028,0.025,1,"homogeneo, leve turvacao em relacao ao padrao",0,conforme padrao,True,caracteristico do produto,,False
ALV-2408-120,Alvejante Liquido sem Cloro,3,Ambiente Escuro 25C,15,4.2,1.041,-0.03,0.0,0.06,0.053,0,"liquido homogeneo, levemente opalescente",0,conforme padrao,True,caracteristico,,False
ALV-2408-120,Alvejante Liquido sem Cloro,3,Ambiente Escuro 25C,30,4.14,1.045,-0.06,0.0,0.12,0.105,0,"liquido homogeneo, sem alteracao",0,conforme padrao,True,caracteristico,,False
ALV-2408-120,Alvejante Liquido sem Cloro,3,Ambiente Escuro 25C,60,4.15,1.043,-0.12,0.0,0.24,0.21,0,"liquido homogeneo, sem alteracao",0,conforme padrao,True,caracteristico do produto,,False
ALV-2408-120,Alvejante Liquido sem Cloro,3,Ambiente Escuro 25C,90,4.1,1.045,-0.18,0.0,0.36,0.314,0,"liquido homogeneo, levemente opalescente",0,conforme padrao,True,caracteristico,,False
ALV-2408-120,Alvejante Liquido sem Cloro,3,Estufa 40C,7,4.17,1.04,-0.066,0.0,0.131,0.115,0,"liquido homogeneo, sem alteracao",0,conforme padrao,True,caracteristico,,False
ALV-2408-120,Alvejante Liquido sem Cloro,3,Estufa 40C,15,4.1,1.041,-0.141,0.0,0.282,0.246,0,"liquido homogeneo, limpido",0,conforme padrao,True,caracteristico,,False
ALV-2408-120,Alvejante Liquido sem Cloro,3,Estufa 40C,30,4.04,1.046,-0.282,0.0,0.563,0.489,1,liquido homogeneo com leve pelicula na superficie,0,conforme padrao,True,caracteristico do produto,,False
ALV-2408-120,Alvejante Liquido sem Cloro,3,Estufa 40C,60,3.89,1.045,-0.563,0.0,1.126,0.97,0,"liquido homogeneo, levemente opalescente",1,"levemente diferente do padrao, conforme",True,caracteristico do produto,,False
ALV-2408-120,Alvejante Liquido sem Cloro,3,Estufa 40C,90,3.72,1.047,-0.845,0.0,1.689,1.442,1,liquido homogeneo com leve pelicula na superficie,1,"levemente diferente do padrao, conforme",True,caracteristico do produto,,False
ALV-2408-120,Alvejante Liquido sem Cloro,3,Geladeira 5C,7,4.17,1.042,-0.001,0.0,0.003,0.002,0,"liquido homogeneo, levemente opalescente",0,conforme padrao,True,caracteristico do produto,,False
ALV-2408-120,Alvejante Liquido sem Cloro,3,Geladeira 5C,15,4.18,1.04,-0.003,0.0,0.006,0.005,0,"liquido homogeneo, levemente opalescente",0,conforme padrao,True,caracteristico do produto,,False
ALV-2408-120,Alvejante Liquido sem Cloro,3,Geladeira 5C,30,4.22,1.041,-0.006,0.0,0.012,0.01,0,"liquido homogeneo, sem alteracao",0,conforme padrao,True,caracteristico do produto,,False
ALV-2408-120,Alvejante Liquido sem Cloro,3,Geladeira 5C,60,4.23,1.042,-0.012,0.0,0.024,0.021,1,liquido homogeneo com leve pelicula na superficie,0,conforme padrao,True,caracteristico do produto,,False
ALV-2408-120,Alvejante Liquido sem Cloro,3,Geladeira 5C,90,4.24,1.041,-0.018,0.0,0.035,0.031,1,"homogeneo, leve turvacao em relacao ao padrao",0,conforme padrao,True,caracteristico do produto,,False
ALV-2408-120,Alvejante Liquido sem Cloro,3,Luz Solar,7,4.16,1.042,-0.376,0.0,1.19,0.985,0,"liquido homogeneo, sem alteracao",1,"levemente diferente do padrao, conforme",True,caracteristico do produto,,False
ALV-2408-120,Alvejante Liquido sem Cloro,3,Luz Solar,15,4.17,1.044,-0.754,0.0,2.337,1.899,0,"liquido homogeneo, levemente opalescente",2,perceptivelmente mais escura que o padrao,True,caracteristico do produto,,False
ALV-2408-120,Alvejante Liquido sem Cloro,3,Luz Solar,30,4.18,1.044,-1.34,0.0,4.002,3.173,0,"liquido homogeneo, sem alteracao",3,amarelada em relacao ao padrao,True,caracteristico,,False
ALV-2408-120,Alvejante Liquido sem Cloro,3,Luz Solar,60,4.06,1.043,-2.16,0.0,6.066,4.677,1,liquido homogeneo com leve pelicula na superficie,3,amarelada em relacao ao padrao,True,caracteristico do produto,,False
ALV-2408-120,Alvejante Liquido sem Cloro,3,Luz Solar,90,4.06,1.043,-2.678,0.0,7.18,5.467,0,"liquido homogeneo, limpido",3,amarelada em relacao ao padrao,True,caracteristico,,False
DES-2408-121,Desinfetante Quaternario Concentrado,3,Ambiente Escuro 25C,7,6.83,1.013,-0.015,0.0,0.031,0.017,1,"homogeneo, leve turvacao em relacao ao padrao",0,conforme padrao,True,caracteristico do produto,,False
DES-2408-121,Desinfetante Quaternario Concentrado,3,Ambiente Escuro 25C,15,6.84,1.014,-0.033,0.0,0.066,0.037,1,liquido homogeneo com leve pelicula na superficie,0,conforme padrao,True,caracteristico,,False
DES-2408-121,Desinfetante Quaternario Concentrado,3,Ambiente Escuro 25C,30,6.86,1.014,-0.066,0.0,0.132,0.074,1,liquido homogeneo com leve pelicula na superficie,0,conforme padrao,True,caracteristico do produto,,False
DES-2408-121,Desinfetante Quaternario Concentrado,3,Ambiente Escuro 25C,60,6.77,1.014,-0.132,0.0,0.264,0.149,1,liquido homogeneo com leve pelicula na superficie,0,conforme padrao,True,caracteristico do produto,,False
DES-2408-121,Desinfetante Quaternario Concentrado,3,Ambiente Escuro 25C,90,6.77,1.016,-0.198,0.0,0.396,0.223,1,"homogeneo, leve turvacao em relacao ao padrao",0,conforme padrao,True,caracteristico do produto,,False
DES-2408-121,Desinfetante Quaternario Concentrado,3,Estufa 40C,7,6.86,1.014,-0.072,0.0,0.145,0.081,0,"liquido homogeneo, levemente opalescente",0,conforme padrao,True,caracteristico,,False
DES-2408-121,Desinfetante Quaternario Concentrado,3,Estufa 40C,15,6.77,1.012,-0.155,0.0,0.31,0.175,1,liquido homogeneo com leve pelicula na superficie,0,conforme padrao,True,caracteristico,,False
DES-2408-121,Desinfetante Quaternario Concentrado,3,Estufa 40C,30,6.8,1.017,-0.31,0.0,0.619,0.35,1,liquido homogeneo com leve pelicula na superficie,0,conforme padrao,True,caracteristico,,False
DES-2408-121,Desinfetante Quaternario Concentrado,3,Estufa 40C,60,6.68,1.015,-0.619,0.0,1.239,0.704,1,"homogeneo, leve turvacao em relacao ao padrao",0,conforme padrao,True,caracteristico,,False
DES-2408-121,Desinfetante Quaternario Concentrado,3,Estufa 40C,90,6.6,1.016,-0.929,0.0,1.858,1.063,0,"liquido homogeneo, levemente opalescente",1,"levemente diferente do padrao, conforme",True,caracteristico do produto,,False
DES-2408-121,Desinfetante Quaternario Concentrado,3,Geladeira 5C,7,6.85,1.012,-0.002,0.0,0.003,0.002,0,"liquido homogeneo, limpido",0,conforme padrao,True,caracteristico,,False
DES-2408-121,Desinfetante Quaternario Concentrado,3,Geladeira 5C,15,6.86,1.013,-0.003,0.0,0.006,0.004,1,liquido homogeneo com leve pelicula na superficie,0,conforme padrao,True,caracteristico,,False
DES-2408-121,Desinfetante Quaternario Concentrado,3,Geladeira 5C,30,6.82,1.016,-0.006,0.0,0.013,0.007,1,"homogeneo, leve turvacao em relacao ao padrao",0,conforme padrao,True,caracteristico,,False
DES-2408-121,Desinfetante Quaternario Concentrado,3,Geladeira 5C,60,6.91,1.014,-0.013,0.0,0.026,0.015,1,liquido homogeneo com leve pelicula na superficie,0,conforme padrao,True,caracteristico do produto,,False
DES-2408-121,Desinfetante Quaternario Concentrado,3,Geladeira 5C,90,6.84,1.016,-0.019,0.0,0.039,0.022,1,liquido homogeneo com leve pelicula na superficie,0,conforme padrao,True,caracteristico do produto,,False
DES-2408-121,Desinfetante Quaternario Concentrado,3,Luz Solar,7,6.86,1.012,-0.344,0.0,1.084,0.507,1,"homogeneo, leve turvacao em relacao ao padrao",0,conforme padrao,True,caracteristico do produto,,False
DES-2408-121,Desinfetante Quaternario Concentrado,3,Luz Solar,15,6.87,1.015,-0.691,0.0,2.131,1.016,1,"homogeneo, leve turvacao em relacao ao padrao",1,"levemente diferente do padrao, conforme",True,caracteristico,,False
DES-2408-121,Desinfetante Quaternario Concentrado,3,Luz Solar,30,6.82,1.016,-1.231,0.0,3.655,1.798,1,"homogeneo, leve turvacao em relacao ao padrao",2,perceptivelmente mais escura que o padrao,True,caracteristico,,False
DES-2408-121,Desinfetante Quaternario Concentrado,3,Luz Solar,60,6.79,1.013,-1.991,0.0,5.559,2.863,0,"liquido homogeneo, levemente opalescente",2,perceptivelmente mais escura que o padrao,True,caracteristico,,False
DES-2408-121,Desinfetante Quaternario Concentrado,3,Luz Solar,90,6.81,1.015,-2.479,0.0,6.606,3.507,1,"homogeneo, leve turvacao em relacao ao padrao",3,amarelada em relacao ao padrao,True,caracteristico,,False
DES-2408-122,Desinfetante Quaternario Concentrado,3,Ambiente Escuro 25C,7,6.87,1.002,-0.015,0.0,0.031,0.017,0,"liquido homogeneo, sem alteracao",0,conforme padrao,True,caracteristico do produto,,False
DES-2408-122,Desinfetante Quaternario Concentrado,3,Ambiente Escuro 25C,15,6.83,1.001,-0.033,0.0,0.066,0.037,1,liquido homogeneo com leve pelicula na superficie,0,conforme padrao,True,caracteristico,,False
DES-2408-122,Desinfetante Quaternario Concentrado,3,Ambiente Escuro 25C,30,6.8,1.004,-0.066,0.0,0.132,0.074,0,"liquido homogeneo, sem alteracao",0,conforme padrao,True,caracteristico,,False
DES-2408-122,Desinfetante Quaternario Concentrado,3,Ambiente Escuro 25C,60,6.82,1.002,-0.132,0.0,0.264,0.148,0,"liquido homogeneo, sem alteracao",0,conforme padrao,True,caracteristico do produto,,False
DES-2408-122,Desinfetante Quaternario Concentrado,3,Ambiente Escuro 25C,90,6.71,1.002,-0.198,0.0,0.396,0.223,1,liquido homogeneo com leve pelicula na superficie,0,conforme padrao,True,caracteristico do produto,,False
DES-2408-122,Desinfetante Quaternario Concentrado,3,Estufa 40C,7,6.77,1.002,-0.072,0.0,0.145,0.081,1,"homogeneo, leve turvacao em relacao ao padrao",0,conforme padrao,True,caracteristico,,False
DES-2408-122,Desinfetante Quaternario Concentrado,3,Estufa 40C,15,6.83,1.005,-0.155,0.0,0.31,0.174,0,"liquido homogeneo, limpido",0,conforme padrao,True,caracteristico,,False
DES-2408-122,Desinfetante Quaternario Concentrado,3,Estufa 40C,30,6.7,1.002,-0.31,0.0,0.619,0.349,0,"liquido homogeneo, sem alteracao",0,conforme padrao,True,caracteristico,,False
DES-2408-122,Desinfetante Quaternario Concentrado,3,Estufa 40C,60,6.65,1.005,-0.619,0.0,1.239,0.702,0,"liquido homogeneo, limpido",0,conforme padrao,True,caracteristico,,False
DES-2408-122,Desinfetante Quaternario Concentrado,3,Estufa 40C,90,6.59,1.006,-0.929,0.0,1.858,1.059,0,"liquido homogeneo, levemente opalescente",1,"levemente diferente do padrao, conforme",True,caracteristico do produto,,False
DES-2408-122,Desinfetante Quaternario Concentrado,3,Geladeira 5C,7,6.83,1.004,-0.002,0.0,0.003,0.002,1,liquido homogeneo com leve pelicula na superficie,0,conforme padrao,True,caracteristico do produto,,False
DES-2408-122,Desinfetante Quaternario Concentrado,3,Geladeira 5C,15,6.81,1.002,-0.003,0.0,0.006,0.004,0,"liquido homogeneo, sem alteracao",0,conforme padrao,True,caracteristico do produto,,False
DES-2408-122,Desinfetante Quaternario Concentrado,3,Geladeira 5C,30,6.83,1.004,-0.006,0.0,0.013,0.007,1,liquido homogeneo com leve pelicula na superficie,0,conforme padrao,True,caracteristico do produto,,False
DES-2408-122,Desinfetante Quaternario Concentrado,3,Geladeira 5C,60,6.82,1.003,-0.013,0.0,0.026,0.015,0,"liquido homogeneo, limpido",0,conforme padrao,True,caracteristico,,False
DES-2408-122,Desinfetante Quaternario Concentrado,3,Geladeira 5C,90,6.77,1.003,-0.019,0.0,0.039,0.022,1,"homogeneo, leve turvacao em relacao ao padrao",0,conforme padrao,True,caracteristico,,False
DES-2408-122,Desinfetante Quaternario Concentrado,3,Luz Solar,7,6.78,1.004,-0.344,0.0,1.084,0.506,0,"liquido homogeneo, levemente opalescente",0,conforme padrao,True,caracteristico do produto,,False
DES-2408-122,Desinfetante Quaternario Concentrado,3,Luz Solar,15,6.77,1.003,-0.691,0.0,2.131,1.013,1,"homogeneo, leve turvacao em relacao ao padrao",1,"levemente diferente do padrao, conforme",True,caracteristico,,False
DES-2408-122,Desinfetante Quaternario Concentrado,3,Luz Solar,30,6.78,1.001,-1.231,0.0,3.655,1.794,0,"liquido homogeneo, limpido",2,perceptivelmente mais escura que o padrao,True,caracteristico,,False
DES-2408-122,Desinfetante Quaternario Concentrado,3,Luz Solar,60,6.77,1.004,-1.991,0.0,5.559,2.855,0,"liquido homogeneo, levemente opalescente",2,perceptivelmente mais escura que o padrao,True,caracteristico,,False
DES-2408-122,Desinfetante Quaternario Concentrado,3,Luz Solar,90,6.7,1.006,-2.479,0.0,6.606,3.497,1,liquido homogeneo com leve pelicula na superficie,3,amarelada em relacao ao padrao,True,caracteristico,,False
LMU-2409-123,Limpador Multiuso Alcalino,3,Ambiente Escuro 25C,7,10.55,1.011,-0.021,0.0,0.042,0.03,0,"liquido homogeneo, levemente opalescente",0,conforme padrao,True,caracteristico do produto,,False
LMU-2409-123,Limpador Multiuso Alcalino,3,Ambiente Escuro 25C,15,10.54,1.011,-0.045,0.0,0.09,0.064,0,"liquido homogeneo, levemente opalescente",0,conforme padrao,True,caracteristico do produto,,False
LMU-2409-123,Limpador Multiuso Alcalino,3,Ambiente Escuro 25C,30,10.48,1.008,-0.09,0.0,0.18,0.129,0,"liquido homogeneo, sem alteracao",0,conforme padrao,True,caracteristico do produto,,False
LMU-2409-123,Limpador Multiuso Alcalino,3,Ambiente Escuro 25C,60,10.51,1.011,-0.18,0.0,0.36,0.258,0,"liquido homogeneo, sem alteracao",0,conforme padrao,True,caracteristico,,False
LMU-2409-123,Limpador Multiuso Alcalino,3,Ambiente Escuro 25C,90,10.46,1.01,-0.27,0.0,0.54,0.386,0,"liquido homogeneo, sem alteracao",0,conforme padrao,True,caracteristico,,False
LMU-2409-123,Limpador Multiuso Alcalino,3,Estufa 40C,7,10.5,1.01,-0.099,0.0,0.197,0.141,0,"liquido homogeneo, sem alteracao",0,conforme padrao,True,caracteristico,,False
LMU-2409-123,Limpador Multiuso Alcalino,3,Estufa 40C,15,10.52,1.014,-0.211,0.0,0.422,0.302,0,"liquido homogeneo, limpido",0,conforme padrao,True,caracteristico,,False
LMU-2409-123,Limpador Multiuso Alcalino,3,Estufa 40C,30,10.45,1.011,-0.422,0.0,0.845,0.603,0,"liquido homogeneo, sem alteracao",0,conforme padrao,True,caracteristico do produto,,False
LMU-2409-123,Limpador Multiuso Alcalino,3,Estufa 40C,60,10.32,1.012,-0.845,0.0,1.689,1.2,0,"liquido homogeneo, levemente opalescente",1,"levemente diferente do padrao, conforme",True,caracteristico,,False
LMU-2409-123,Limpador Multiuso Alcalino,3,Estufa 40C,90,10.23,1.015,-1.267,0.0,2.534,1.793,0,"liquido homogeneo, levemente opalescente",2,perceptivelmente mais escura que o padrao,True,caracteristico,,False
LMU-2409-123,Limpador Multiuso Alcalino,3,Geladeira 5C,7,10.54,1.01,-0.002,0.0,0.004,0.003,0,"liquido homogeneo, limpido",0,conforme padrao,True,caracteristico do produto,,False
LMU-2409-123,Limpador Multiuso Alcalino,3,Geladeira 5C,15,10.5,1.006,-0.004,0.0,0.009,0.006,0,"liquido homogeneo, sem alteracao",0,conforme padrao,True,caracteristico,,False
LMU-2409-123,Limpador Multiuso Alcalino,3,Geladeira 5C,30,10.44,1.009,-0.009,0.0,0.018,0.013,0,"liquido homogeneo, levemente opalescente",0,conforme padrao,True,caracteristico,,False
LMU-2409-123,Limpador Multiuso Alcalino,3,Geladeira 5C,60,10.58,1.011,-0.018,0.0,0.035,0.025,0,"liquido homogeneo, limpido",0,conforme padrao,True,caracteristico,,False
LMU-2409-123,Limpador Multiuso Alcalino,3,Geladeira 5C,90,10.55,1.012,-0.027,0.0,0.053,0.038,0,"liquido homogeneo, limpido",0,conforme padrao,True,caracteristico,,False
LMU-2409-123,Limpador Multiuso Alcalino,3,Luz Solar,7,10.49,1.009,-0.32,0.0,0.993,0.646,0,"liquido homogeneo, sem alteracao",0,conforme padrao,True,caracteristico,,False
LMU-2409-123,Limpador Multiuso Alcalino,3,Luz Solar,15,10.55,1.009,-0.644,0.0,1.955,1.269,0,"liquido homogeneo, sem alteracao",1,"levemente diferente do padrao, conforme",True,caracteristico do produto,,False
LMU-2409-123,Limpador Multiuso Alcalino,3,Luz Solar,30,10.48,1.008,-1.152,0.0,3.369,2.18,0,"liquido homogeneo, limpido",2,perceptivelmente mais escura que o padrao,True,caracteristico do produto,,False
LMU-2409-123,Limpador Multiuso Alcalino,3,Luz Solar,60,10.49,1.011,-1.884,0.0,5.175,3.348,0,"liquido homogeneo, sem alteracao",3,amarelada em relacao ao padrao,True,caracteristico,,False
LMU-2409-123,Limpador Multiuso Alcalino,3,Luz Solar,90,10.4,1.012,-2.372,0.0,6.216,4.034,0,"liquido homogeneo, levemente opalescente",3,amarelada em relacao ao padrao,True,caracteristico do produto,,False
ALV-2409-124,Alvejante Liquido sem Cloro,3,Ambiente Escuro 25C,7,4.74,1.052,-0.014,0.0,0.028,0.025,0,"liquido homogeneo, sem alteracao",0,conforme padrao,True,caracteristico do produto,,False
ALV-2409-124,Alvejante Liquido sem Cloro,3,Ambiente Escuro 25C,15,4.75,1.052,-0.03,0.0,0.06,0.053,0,"liquido homogeneo, levemente opalescente",0,conforme padrao,True,caracteristico,,False
ALV-2409-124,Alvejante Liquido sem Cloro,3,Ambiente Escuro 25C,30,4.74,1.054,-0.06,0.0,0.12,0.106,0,"liquido homogeneo, levemente opalescente",0,conforme padrao,True,caracteristico do produto,,False
ALV-2409-124,Alvejante Liquido sem Cloro,3,Ambiente Escuro 25C,60,4.7,1.055,-0.12,0.0,0.24,0.211,0,"liquido homogeneo, limpido",0,conforme padrao,True,caracteristico do produto,,False
ALV-2409-124,Alvejante Liquido sem Cloro,3,Ambiente Escuro 25C,90,4.69,1.056,-0.18,0.0,0.36,0.316,0,"liquido homogeneo, levemente opalescente",0,conforme padrao,True,caracteristico,,False
ALV-2409-124,Alvejante Liquido sem Cloro,3,Estufa 40C,7,4.7,1.057,-0.066,0.0,0.131,0.116,0,"liquido homogeneo, levemente opalescente",0,conforme padrao,True,caracteristico,,False
ALV-2409-124,Alvejante Liquido sem Cloro,3,Estufa 40C,15,4.65,1.053,-0.141,0.0,0.282,0.247,1,liquido homogeneo com leve pelicula na superficie,0,conforme padrao,True,caracteristico,,False
ALV-2409-124,Alvejante Liquido sem Cloro,3,Estufa 40C,30,4.61,1.055,-0.282,0.0,0.563,0.492,0,"liquido homogeneo, limpido",0,conforme padrao,True,caracteristico,,False
ALV-2409-124,Alvejante Liquido sem Cloro,3,Estufa 40C,60,4.46,1.06,-0.563,0.0,1.126,0.975,0,"liquido homogeneo, levemente opalescente",1,"levemente diferente do padrao, conforme",True,caracteristico,,False
ALV-2409-124,Alvejante Liquido sem Cloro,3,Estufa 40C,90,4.25,1.064,-0.845,0.0,1.689,1.45,0,"liquido homogeneo, limpido",1,"levemente diferente do padrao, conforme",True,caracteristico,densidade fora de faixa,True
ALV-2409-124,Alvejante Liquido sem Cloro,3,Geladeira 5C,7,4.82,1.052,-0.001,0.0,0.003,0.002,0,"liquido homogeneo, levemente opalescente",0,conforme padrao,True,caracteristico do produto,,False
ALV-2409-124,Alvejante Liquido sem Cloro,3,Geladeira 5C,15,4.77,1.052,-0.003,0.0,0.006,0.005,0,"liquido homogeneo, limpido",0,conforme padrao,True,caracteristico,,False
ALV-2409-124,Alvejante Liquido sem Cloro,3,Geladeira 5C,30,4.75,1.053,-0.006,0.0,0.012,0.01,0,"liquido homogeneo, sem alteracao",0,conforme padrao,True,caracteristico do produto,,False
ALV-2409-124,Alvejante Liquido sem Cloro,3,Geladeira 5C,60,4.85,1.054,-0.012,0.0,0.024,0.021,1,liquido homogeneo com leve pelicula na superficie,0,conforme padrao,True,caracteristico do produto,,False
ALV-2409-124,Alvejante Liquido sem Cloro,3,Geladeira 5C,90,4.77,1.053,-0.018,0.0,0.035,0.031,0,"liquido homogeneo, levemente opalescente",0,conforme padrao,True,caracteristico do produto,,False
ALV-2409-124,Alvejante Liquido sem Cloro,3,Luz Solar,7,4.77,1.054,-0.376,0.0,1.19,0.99,0,"liquido homogeneo, sem alteracao",1,"levemente diferente do padrao, conforme",True,caracteristico,,False
ALV-2409-124,Alvejante Liquido sem Cloro,3,Luz Solar,15,4.71,1.054,-0.754,0.0,2.337,1.909,1,liquido homogeneo com leve pelicula na superficie,2,perceptivelmente mais escura que o padrao,True,caracteristico,,False
ALV-2409-124,Alvejante Liquido sem Cloro,3,Luz Solar,30,4.73,1.055,-1.34,0.0,4.002,3.189,0,"liquido homogeneo, sem alteracao",3,amarelada em relacao ao padrao,True,caracteristico do produto,,False
ALV-2409-124,Alvejante Liquido sem Cloro,3,Luz Solar,60,4.65,1.055,-2.16,0.0,6.066,4.702,0,"liquido homogeneo, limpido",3,amarelada em relacao ao padrao,True,caracteristico,,False
ALV-2409-124,Alvejante Liquido sem Cloro,3,Luz Solar,90,4.63,1.059,-2.678,0.0,7.18,5.495,0,"liquido homogeneo, limpido",3,amarelada em relacao ao padrao,True,caracteristico,,False
AMA-2409-125,Amaciante de Roupas (esterquat),3,Ambiente Escuro 25C,7,3.27,0.988,-0.02,0.0,0.039,0.034,0,"liquido homogeneo, sem alteracao",0,conforme padrao,True,caracteristico do produto,,False
AMA-2409-125,Amaciante de Roupas (esterquat),3,Ambiente Escuro 25C,15,3.26,0.992,-0.042,0.0,0.084,0.073,0,"liquido homogeneo, sem alteracao",0,conforme padrao,True,caracteristico do produto,,False
AMA-2409-125,Amaciante de Roupas (esterquat),3,Ambiente Escuro 25C,30,3.25,0.99,-0.084,0.0,0.168,0.146,0,"liquido homogeneo, limpido",0,conforme padrao,True,caracteristico,,False
AMA-2409-125,Amaciante de Roupas (esterquat),3,Ambiente Escuro 25C,60,3.18,0.996,-0.168,0.0,0.336,0.293,0,"liquido homogeneo, limpido",0,conforme padrao,True,caracteristico,,False
AMA-2409-125,Amaciante de Roupas (esterquat),3,Ambiente Escuro 25C,90,3.18,0.992,-0.252,0.0,0.504,0.44,0,"liquido homogeneo, limpido",0,conforme padrao,True,caracteristico,,False
AMA-2409-125,Amaciante de Roupas (esterquat),3,Estufa 40C,7,3.23,0.992,-0.092,0.0,0.184,0.16,0,"liquido homogeneo, sem alteracao",0,conforme padrao,True,caracteristico do produto,,False
AMA-2409-125,Amaciante de Roupas (esterquat),3,Estufa 40C,15,3.2,0.992,-0.197,0.0,0.394,0.344,0,"liquido homogeneo, levemente opalescente",0,conforme padrao,True,caracteristico,,False
AMA-2409-125,Amaciante de Roupas (esterquat),3,Estufa 40C,30,3.17,0.993,-0.394,0.0,0.788,0.691,0,"liquido homogeneo, levemente opalescente",0,conforme padrao,True,caracteristico do produto,,False
AMA-2409-125,Amaciante de Roupas (esterquat),3,Estufa 40C,60,2.98,0.994,-0.788,0.0,1.577,1.397,0,"liquido homogeneo, limpido",1,"levemente diferente do padrao, conforme",True,caracteristico,,False
AMA-2409-125,Amaciante de Roupas (esterquat),3,Estufa 40C,90,2.84,0.998,-1.182,0.0,2.365,2.116,0,"liquido homogeneo, levemente opalescente",2,perceptivelmente mais escura que o padrao,True,caracteristico do produto,,False
AMA-2409-125,Amaciante de Roupas (esterquat),3,Geladeira 5C,7,3.25,0.991,-0.002,0.0,0.004,0.003,0,"liquido homogeneo, sem alteracao",0,conforme padrao,True,caracteristico do produto,,False
AMA-2409-125,Amaciante de Roupas (esterquat),3,Geladeira 5C,15,3.29,0.989,-0.004,0.0,0.008,0.007,0,"liquido homogeneo, sem alteracao",0,conforme padrao,True,caracteristico,,False
AMA-2409-125,Amaciante de Roupas (esterquat),3,Geladeira 5C,30,3.28,0.992,-0.008,0.0,0.017,0.014,0,"liquido homogeneo, limpido",0,conforme padrao,True,caracteristico,,False
AMA-2409-125,Amaciante de Roupas (esterquat),3,Geladeira 5C,60,3.27,0.992,-0.017,0.0,0.033,0.029,0,"liquido homogeneo, levemente opalescente",0,conforme padrao,True,caracteristico do produto,,False
AMA-2409-125,Amaciante de Roupas (esterquat),3,Geladeira 5C,90,3.29,0.991,-0.025,0.0,0.05,0.043,0,"liquido homogeneo, limpido",0,conforme padrao,True,caracteristico,,False
AMA-2409-125,Amaciante de Roupas (esterquat),3,Luz Solar,7,3.32,0.988,-0.226,0.0,0.693,0.584,0,"liquido homogeneo, limpido",0,conforme padrao,True,caracteristico,,False
AMA-2409-125,Amaciante de Roupas (esterquat),3,Luz Solar,15,3.19,0.991,-0.457,0.0,1.368,1.165,0,"liquido homogeneo, levemente opalescente",1,"levemente diferente do padrao, conforme",True,caracteristico,,False
AMA-2409-125,Amaciante de Roupas (esterquat),3,Luz Solar,30,3.17,0.99,-0.822,0.0,2.369,2.047,0,"liquido homogeneo, limpido",2,perceptivelmente mais escura que o padrao,True,caracteristico,,False
AMA-2409-125,Amaciante de Roupas (esterquat),3,Luz Solar,60,3.12,0.993,-1.359,0.0,3.674,3.237,0,"liquido homogeneo, limpido",3,amarelada em relacao ao padrao,True,caracteristico do produto,,False
AMA-2409-125,Amaciante de Roupas (esterquat),3,Luz Solar,90,3.13,0.993,-1.73,0.0,4.46,3.97,0,"liquido homogeneo, limpido",3,amarelada em relacao ao padrao,True,caracteristico,,False
ALV-2409-126,Alvejante Liquido sem Cloro,3,Ambiente Escuro 25C,7,3.88,1.047,-0.014,0.0,0.028,0.025,1,liquido homogeneo com leve pelicula na superficie,0,conforme padrao,True,caracteristico,,False
ALV-2409-126,Alvejante Liquido sem Cloro,3,Ambiente Escuro 25C,15,3.84,1.049,-0.03,0.0,0.06,0.054,1,liquido homogeneo com leve pelicula na superficie,0,conforme padrao,True,caracteristico do produto,,False
ALV-2409-126,Alvejante Liquido sem Cloro,3,Ambiente Escuro 25C,30,3.87,1.046,-0.06,0.0,0.12,0.108,1,"homogeneo, leve turvacao em relacao ao padrao",0,conforme padrao,True,caracteristico,,False
ALV-2409-126,Alvejante Liquido sem Cloro,3,Ambiente Escuro 25C,60,3.85,1.047,-0.12,0.0,0.24,0.215,1,"homogeneo, leve turvacao em relacao ao padrao",0,conforme padrao,True,caracteristico do produto,,False
ALV-2409-126,Alvejante Liquido sem Cloro,3,Ambiente Escuro 25C,90,3.82,1.048,-0.18,0.0,0.36,0.321,1,liquido homogeneo com leve pelicula na superficie,0,conforme padrao,True,caracteristico do produto,,False
ALV-2409-126,Alvejante Liquido sem Cloro,3,Estufa 40C,7,3.82,1.049,-0.066,0.0,0.131,0.118,0,"liquido homogeneo, limpido",0,conforme padrao,True,caracteristico do produto,,False
ALV-2409-126,Alvejante Liquido sem Cloro,3,Estufa 40C,15,3.81,1.048,-0.141,0.0,0.282,0.252,1,"homogeneo, leve turvacao em relacao ao padrao",0,conforme padrao,True,caracteristico,,False
ALV-2409-126,Alvejante Liquido sem Cloro,3,Estufa 40C,30,3.71,1.048,-0.282,0.0,0.563,0.501,1,liquido homogeneo com leve pelicula na superficie,0,conforme padrao,True,caracteristico do produto,,False
ALV-2409-126,Alvejante Liquido sem Cloro,3,Estufa 40C,60,3.49,1.052,-0.563,0.0,1.126,0.993,1,liquido homogeneo com leve pelicula na superficie,1,"levemente diferente do padrao, conforme",True,caracteristico do produto,pH fora de faixa,True
ALV-2409-126,Alvejante Liquido sem Cloro,3,Estufa 40C,90,3.29,1.054,-0.845,0.0,1.689,1.476,0,"liquido homogeneo, sem alteracao",1,"levemente diferente do padrao, conforme",True,caracteristico do produto,pH fora de faixa,True
ALV-2409-126,Alvejante Liquido sem Cloro,3,Geladeira 5C,7,3.88,1.046,-0.001,0.0,0.003,0.002,1,liquido homogeneo com leve pelicula na superficie,0,conforme padrao,True,caracteristico,,False
ALV-2409-126,Alvejante Liquido sem Cloro,3,Geladeira 5C,15,3.89,1.046,-0.003,0.0,0.006,0.005,1,"homogeneo, leve turvacao em relacao ao padrao",0,conforme padrao,True,caracteristico do produto,,False
ALV-2409-126,Alvejante Liquido sem Cloro,3,Geladeira 5C,30,3.92,1.047,-0.006,0.0,0.012,0.011,1,"homogeneo, leve turvacao em relacao ao padrao",0,conforme padrao,True,caracteristico,,False
ALV-2409-126,Alvejante Liquido sem Cloro,3,Geladeira 5C,60,3.83,1.047,-0.012,0.0,0.024,0.021,1,"homogeneo, leve turvacao em relacao ao padrao",0,conforme padrao,True,caracteristico do produto,,False
ALV-2409-126,Alvejante Liquido sem Cloro,3,Geladeira 5C,90,3.85,1.048,-0.018,0.0,0.035,0.032,1,"homogeneo, leve turvacao em relacao ao padrao",0,conforme padrao,True,caracteristico do produto,,False
ALV-2409-126,Alvejante Liquido sem Cloro,3,Luz Solar,7,3.9,1.046,-0.376,0.0,1.19,1.01,1,liquido homogeneo com leve pelicula na superficie,1,"levemente diferente do padrao, conforme",True,caracteristico do produto,,False
ALV-2409-126,Alvejante Liquido sem Cloro,3,Luz Solar,15,3.84,1.047,-0.754,0.0,2.337,1.948,0,"liquido homogeneo, levemente opalescente",2,perceptivelmente mais escura que o padrao,True,caracteristico,,False
ALV-2409-126,Alvejante Liquido sem Cloro,3,Luz Solar,30,3.8,1.049,-1.34,0.0,4.002,3.252,1,liquido homogeneo com leve pelicula na superficie,3,amarelada em relacao ao padrao,True,caracteristico,,False
ALV-2409-126,Alvejante Liquido sem Cloro,3,Luz Solar,60,3.71,1.049,-2.16,0.0,6.066,4.79,1,liquido homogeneo com leve pelicula na superficie,3,amarelada em relacao ao padrao,True,caracteristico do produto,,False
ALV-2409-126,Alvejante Liquido sem Cloro,3,Luz Solar,90,3.74,1.051,-2.678,0.0,7.18,5.595,1,"homogeneo, leve turvacao em relacao ao padrao",3,amarelada em relacao ao padrao,True,caracteristico do produto,,False
LMU-2409-127,Limpador Multiuso Alcalino,3,Ambiente Escuro 25C,7,9.83,1.004,-0.021,0.0,0.042,0.03,2,"leve cremeacao na superficie, porem conforme",0,conforme padrao,True,caracteristico,,False
LMU-2409-127,Limpador Multiuso Alcalino,3,Ambiente Escuro 25C,15,9.79,1.005,-0.045,0.0,0.09,0.064,2,"cremeacao visivel na superficie, reversivel a agitacao",0,conforme padrao,True,caracteristico do produto,,False
LMU-2409-127,Limpador Multiuso Alcalino,3,Ambiente Escuro 25C,30,9.7,1.006,-0.09,0.0,0.18,0.127,2,"leve cremeacao na superficie, porem conforme",0,conforme padrao,True,caracteristico do produto,,False
LMU-2409-127,Limpador Multiuso Alcalino,3,Ambiente Escuro 25C,60,9.76,1.006,-0.18,0.0,0.36,0.254,2,"cremeacao visivel na superficie, reversivel a agitacao",0,conforme padrao,True,caracteristico do produto,,False
LMU-2409-127,Limpador Multiuso Alcalino,3,Ambiente Escuro 25C,90,9.64,1.007,-0.27,0.0,0.54,0.38,2,"leve cremeacao na superficie, porem conforme",0,conforme padrao,True,caracteristico do produto,,False
LMU-2409-127,Limpador Multiuso Alcalino,3,Estufa 40C,7,9.79,1.009,-0.099,0.0,0.197,0.139,2,"cremeacao visivel na superficie, reversivel a agitacao",0,conforme padrao,True,caracteristico,,False
LMU-2409-127,Limpador Multiuso Alcalino,3,Estufa 40C,15,9.7,1.011,-0.211,0.0,0.422,0.298,2,"leve cremeacao na superficie, porem conforme",0,conforme padrao,True,caracteristico do produto,,False
LMU-2409-127,Limpador Multiuso Alcalino,3,Estufa 40C,30,9.6,1.007,-0.422,0.0,0.845,0.594,1,liquido homogeneo com leve pelicula na superficie,0,conforme padrao,True,caracteristico,,False
LMU-2409-127,Limpador Multiuso Alcalino,3,Estufa 40C,60,9.44,1.013,-0.845,0.0,1.689,1.183,2,"cremeacao visivel na superficie, reversivel a agitacao",1,"levemente diferente do padrao, conforme",True,caracteristico do produto,pH fora de faixa,True
LMU-2409-127,Limpador Multiuso Alcalino,3,Estufa 40C,90,9.15,1.01,-1.267,0.0,2.534,1.768,4,quebra de emulsao com sobrenadante limpido,2,perceptivelmente mais escura que o padrao,True,caracteristico,pH fora de faixa; aspecto nao conforme,True
LMU-2409-127,Limpador Multiuso Alcalino,3,Geladeira 5C,7,9.83,1.007,-0.002,0.0,0.004,0.003,2,"cremeacao visivel na superficie, reversivel a agitacao",0,conforme padrao,True,caracteristico,,False
LMU-2409-127,Limpador Multiuso Alcalino,3,Geladeira 5C,15,9.78,1.008,-0.004,0.0,0.009,0.006,2,"cremeacao visivel na superficie, reversivel a agitacao",0,conforme padrao,True,caracteristico,,False
LMU-2409-127,Limpador Multiuso Alcalino,3,Geladeira 5C,30,9.84,1.007,-0.009,0.0,0.018,0.012,2,"leve cremeacao na superficie, porem conforme",0,conforme padrao,True,caracteristico do produto,,False
LMU-2409-127,Limpador Multiuso Alcalino,3,Geladeira 5C,60,9.83,1.009,-0.018,0.0,0.035,0.025,2,"cremeacao visivel na superficie, reversivel a agitacao",0,conforme padrao,True,caracteristico,,False
LMU-2409-127,Limpador Multiuso Alcalino,3,Geladeira 5C,90,9.8,1.007,-0.027,0.0,0.053,0.037,2,"cremeacao visivel na superficie, reversivel a agitacao",0,conforme padrao,True,caracteristico do produto,,False
LMU-2409-127,Limpador Multiuso Alcalino,3,Luz Solar,7,9.75,1.007,-0.32,0.0,0.993,0.637,2,"cremeacao visivel na superficie, reversivel a agitacao",0,conforme padrao,True,caracteristico do produto,,False
LMU-2409-127,Limpador Multiuso Alcalino,3,Luz Solar,15,9.78,1.007,-0.644,0.0,1.955,1.25,3,sedimento no fundo nao reincorporavel,1,"levemente diferente do padrao, conforme",True,caracteristico do produto,aspecto nao conforme,True
LMU-2409-127,Limpador Multiuso Alcalino,3,Luz Solar,30,9.75,1.004,-1.152,0.0,3.369,2.148,2,"leve cremeacao na superficie, porem conforme",2,perceptivelmente mais escura que o padrao,True,caracteristico,,False
LMU-2409-127,Limpador Multiuso Alcalino,3,Luz Solar,60,9.7,1.007,-1.884,0.0,5.175,3.299,2,"leve cremeacao na superficie, porem conforme",3,amarelada em relacao ao padrao,True,caracteristico,,False
LMU-2409-127,Limpador Multiuso Alcalino,3,Luz Solar,90,9.59,1.006,-2.372,0.0,6.216,3.975,2,"cremeacao visivel na superficie, reversivel a agitacao",3,amarelada em relacao ao padrao,True,caracteristico do produto,,False
ALV-2409-130,Alvejante Liquido sem Cloro,3,Ambiente Escuro 25C,7,4.03,1.046,-0.014,0.0,0.028,0.025,1,liquido homogeneo com leve pelicula na superficie,0,conforme padrao,True,caracteristico,,False
ALV-2409-130,Alvejante Liquido sem Cloro,3,Ambiente Escuro 25C,15,4.03,1.045,-0.03,0.0,0.06,0.054,1,liquido homogeneo com leve pelicula na superficie,0,conforme padrao,True,caracteristico do produto,,False
ALV-2409-130,Alvejante Liquido sem Cloro,3,Ambiente Escuro 25C,30,4.02,1.044,-0.06,0.0,0.12,0.108,1,liquido homogeneo com leve pelicula na superficie,0,conforme padrao,True,caracteristico,,False
ALV-2409-130,Alvejante Liquido sem Cloro,3,Ambiente Escuro 25C,60,3.99,1.046,-0.12,0.0,0.24,0.216,1,"homogeneo, leve turvacao em relacao ao padrao",0,conforme padrao,True,caracteristico,,False
ALV-2409-130,Alvejante Liquido sem Cloro,3,Ambiente Escuro 25C,90,3.94,1.044,-0.18,0.0,0.36,0.324,1,liquido homogeneo com leve pelicula na superficie,0,conforme padrao,True,caracteristico,,False
ALV-2409-130,Alvejante Liquido sem Cloro,3,Estufa 40C,7,4.06,1.044,-0.066,0.0,0.131,0.119,1,liquido homogeneo com leve pelicula na superficie,0,conforme padrao,True,caracteristico do produto,,False
ALV-2409-130,Alvejante Liquido sem Cloro,3,Estufa 40C,15,3.99,1.046,-0.141,0.0,0.282,0.253,1,"homogeneo, leve turvacao em relacao ao padrao",0,conforme padrao,True,caracteristico,,False
ALV-2409-130,Alvejante Liquido sem Cloro,3,Estufa 40C,30,3.86,1.044,-0.282,0.0,0.563,0.504,2,"leve cremeacao na superficie, porem conforme",0,conforme padrao,True,caracteristico do produto,,False
ALV-2409-130,Alvejante Liquido sem Cloro,3,Estufa 40C,60,3.65,1.049,-0.563,0.0,1.126,0.999,1,"homogeneo, leve turvacao em relacao ao padrao",1,"levemente diferente do padrao, conforme",True,caracteristico do produto,,False
ALV-2409-130,Alvejante Liquido sem Cloro,3,Estufa 40C,90,3.51,1.05,-0.845,0.0,1.689,1.485,2,"cremeacao visivel na superficie, reversivel a agitacao",1,"levemente diferente do padrao, conforme",True,caracteristico,,False
ALV-2409-130,Alvejante Liquido sem Cloro,3,Geladeira 5C,7,4.05,1.042,-0.001,0.0,0.003,0.002,1,"homogeneo, leve turvacao em relacao ao padrao",0,conforme padrao,True,caracteristico do produto,,False
ALV-2409-130,Alvejante Liquido sem Cloro,3,Geladeira 5C,15,4.09,1.045,-0.003,0.0,0.006,0.005,1,liquido homogeneo com leve pelicula na superficie,0,conforme padrao,True,caracteristico do produto,,False
ALV-2409-130,Alvejante Liquido sem Cloro,3,Geladeira 5C,30,4.08,1.041,-0.006,0.0,0.012,0.011,1,liquido homogeneo com leve pelicula na superficie,0,conforme padrao,True,caracteristico do produto,,False
ALV-2409-130,Alvejante Liquido sem Cloro,3,Geladeira 5C,60,4.08,1.043,-0.012,0.0,0.024,0.021,1,liquido homogeneo com leve pelicula na superficie,0,conforme padrao,True,caracteristico do produto,,False
ALV-2409-130,Alvejante Liquido sem Cloro,3,Geladeira 5C,90,4.07,1.043,-0.018,0.0,0.035,0.032,1,liquido homogeneo com leve pelicula na superficie,0,conforme padrao,True,caracteristico do produto,,False
ALV-2409-130,Alvejante Liquido sem Cloro,3,Luz Solar,7,4.08,1.042,-0.376,0.0,1.19,1.017,1,"homogeneo, leve turvacao em relacao ao padrao",1,"levemente diferente do padrao, conforme",True,caracteristico do produto,,False
ALV-2409-130,Alvejante Liquido sem Cloro,3,Luz Solar,15,4.01,1.043,-0.754,0.0,2.337,1.96,1,"homogeneo, leve turvacao em relacao ao padrao",2,perceptivelmente mais escura que o padrao,True,caracteristico do produto,,False
ALV-2409-130,Alvejante Liquido sem Cloro,3,Luz Solar,30,3.93,1.043,-1.34,0.0,4.002,3.272,1,"homogeneo, leve turvacao em relacao ao padrao",3,amarelada em relacao ao padrao,True,caracteristico,,False
ALV-2409-130,Alvejante Liquido sem Cloro,3,Luz Solar,60,3.96,1.045,-2.16,0.0,6.066,4.816,1,liquido homogeneo com leve pelicula na superficie,3,amarelada em relacao ao padrao,True,caracteristico,,False
ALV-2409-130,Alvejante Liquido sem Cloro,3,Luz Solar,90,3.8,1.045,-2.678,0.0,7.18,5.624,1,liquido homogeneo com leve pelicula na superficie,3,amarelada em relacao ao padrao,True,caracteristico,,False
LMU-2409-132,Limpador Multiuso Alcalino,3,Ambiente Escuro 25C,7,10.6,1.014,-0.021,0.0,0.042,0.03,1,"homogeneo, leve turvacao em relacao ao padrao",0,conforme padrao,True,caracteristico,,False
LMU-2409-132,Limpador Multiuso Alcalino,3,Ambiente Escuro 25C,15,10.62,1.016,-0.045,0.0,0.09,0.064,0,"liquido homogeneo, sem alteracao",0,conforme padrao,True,caracteristico do produto,,False
LMU-2409-132,Limpador Multiuso Alcalino,3,Ambiente Escuro 25C,30,10.61,1.017,-0.09,0.0,0.18,0.129,0,"liquido homogeneo, limpido",0,conforme padrao,True,caracteristico do produto,,False
LMU-2409-132,Limpador Multiuso Alcalino,3,Ambiente Escuro 25C,60,10.53,1.015,-0.18,0.0,0.36,0.257,0,"liquido homogeneo, levemente opalescente",0,conforme padrao,True,caracteristico do produto,,False
LMU-2409-132,Limpador Multiuso Alcalino,3,Ambiente Escuro 25C,90,10.51,1.019,-0.27,0.0,0.54,0.385,1,"homogeneo, leve turvacao em relacao ao padrao",0,conforme padrao,True,caracteristico do produto,,False
LMU-2409-132,Limpador Multiuso Alcalino,3,Estufa 40C,7,10.55,1.014,-0.099,0.0,0.197,0.141,0,"liquido homogeneo, sem alteracao",0,conforme padrao,True,caracteristico do produto,,False
LMU-2409-132,Limpador Multiuso Alcalino,3,Estufa 40C,15,10.48,1.018,-0.211,0.0,0.422,0.301,1,"homogeneo, leve turvacao em relacao ao padrao",0,conforme padrao,True,caracteristico do produto,,False
LMU-2409-132,Limpador Multiuso Alcalino,3,Estufa 40C,30,10.41,1.014,-0.422,0.0,0.845,0.601,0,"liquido homogeneo, sem alteracao",0,conforme padrao,True,caracteristico,,False
LMU-2409-132,Limpador Multiuso Alcalino,3,Estufa 40C,60,10.26,1.017,-0.845,0.0,1.689,1.198,1,"homogeneo, leve turvacao em relacao ao padrao",1,"levemente diferente do padrao, conforme",True,caracteristico do produto,,False
LMU-2409-132,Limpador Multiuso Alcalino,3,Estufa 40C,90,10.11,1.018,-1.267,0.0,2.534,1.789,1,liquido homogeneo com leve pelicula na superficie,2,perceptivelmente mais escura que o padrao,True,caracteristico do produto,,False
LMU-2409-132,Limpador Multiuso Alcalino,3,Geladeira 5C,7,10.59,1.015,-0.002,0.0,0.004,0.003,0,"liquido homogeneo, limpido",0,conforme padrao,True,caracteristico,,False
LMU-2409-132,Limpador Multiuso Alcalino,3,Geladeira 5C,15,10.65,1.015,-0.004,0.0,0.009,0.006,1,"homogeneo, leve turvacao em relacao ao padrao",0,conforme padrao,True,caracteristico do produto,,False
LMU-2409-132,Limpador Multiuso Alcalino,3,Geladeira 5C,30,10.62,1.014,-0.009,0.0,0.018,0.013,1,liquido homogeneo com leve pelicula na superficie,0,conforme padrao,True,caracteristico do produto,,False
LMU-2409-132,Limpador Multiuso Alcalino,3,Geladeira 5C,60,10.57,1.015,-0.018,0.0,0.035,0.025,0,"liquido homogeneo, sem alteracao",0,conforme padrao,True,caracteristico,,False
LMU-2409-132,Limpador Multiuso Alcalino,3,Geladeira 5C,90,10.61,1.016,-0.027,0.0,0.053,0.038,0,"liquido homogeneo, levemente opalescente",0,conforme padrao,True,caracteristico,,False
LMU-2409-132,Limpador Multiuso Alcalino,3,Luz Solar,7,10.59,1.013,-0.32,0.0,0.993,0.646,0,"liquido homogeneo, limpido",0,conforme padrao,True,caracteristico,,False
LMU-2409-132,Limpador Multiuso Alcalino,3,Luz Solar,15,10.56,1.016,-0.644,0.0,1.955,1.268,1,liquido homogeneo com leve pelicula na superficie,1,"levemente diferente do padrao, conforme",True,caracteristico,,False
LMU-2409-132,Limpador Multiuso Alcalino,3,Luz Solar,30,10.49,1.013,-1.152,0.0,3.369,2.178,1,liquido homogeneo com leve pelicula na superficie,2,perceptivelmente mais escura que o padrao,True,caracteristico,,False
LMU-2409-132,Limpador Multiuso Alcalino,3,Luz Solar,60,10.45,1.017,-1.884,0.0,5.175,3.344,1,"homogeneo, leve turvacao em relacao ao padrao",3,amarelada em relacao ao padrao,True,caracteristico,,False
LMU-2409-132,Limpador Multiuso Alcalino,3,Luz Solar,90,10.44,1.019,-2.372,0.0,6.216,4.028,0,"liquido homogeneo, levemente opalescente",3,amarelada em relacao ao padrao,True,caracteristico do produto,,False
ALV-2409-134,Alvejante Liquido sem Cloro,3,Ambiente Escuro 25C,7,4.3,1.057,-0.014,0.0,0.028,0.026,1,liquido homogeneo com leve pelicula na superficie,0,conforme padrao,True,caracteristico do produto,,False
ALV-2409-134,Alvejante Liquido sem Cloro,3,Ambiente Escuro 25C,15,4.31,1.055,-0.03,0.0,0.06,0.055,1,"homogeneo, leve turvacao em relacao ao padrao",0,conforme padrao,True,caracteristico do produto,,False
ALV-2409-134,Alvejante Liquido sem Cloro,3,Ambiente Escuro 25C,30,4.28,1.055,-0.06,0.0,0.12,0.11,1,liquido homogeneo com leve pelicula na superficie,0,conforme padrao,True,caracteristico do produto,,False
ALV-2409-134,Alvejante Liquido sem Cloro,3,Ambiente Escuro 25C,60,4.24,1.054,-0.12,0.0,0.24,0.22,1,liquido homogeneo com leve pelicula na superficie,0,conforme padrao,True,caracteristico,,False
ALV-2409-134,Alvejante Liquido sem Cloro,3,Ambiente Escuro 25C,90,4.24,1.054,-0.18,0.0,0.36,0.329,1,"homogeneo, leve turvacao em relacao ao padrao",0,conforme padrao,True,caracteristico,,False
ALV-2409-134,Alvejante Liquido sem Cloro,3,Estufa 40C,7,4.26,1.056,-0.066,0.0,0.131,0.121,1,liquido homogeneo com leve pelicula na superficie,0,conforme padrao,True,caracteristico,,False
ALV-2409-134,Alvejante Liquido sem Cloro,3,Estufa 40C,15,4.23,1.056,-0.141,0.0,0.282,0.258,1,liquido homogeneo com leve pelicula na superficie,0,conforme padrao,True,caracteristico,,False
ALV-2409-134,Alvejante Liquido sem Cloro,3,Estufa 40C,30,4.11,1.056,-0.282,0.0,0.563,0.513,1,liquido homogeneo com leve pelicula na superficie,0,conforme padrao,True,caracteristico do produto,,False
ALV-2409-134,Alvejante Liquido sem Cloro,3,Estufa 40C,60,3.94,1.06,-0.563,0.0,1.126,1.016,1,"homogeneo, leve turvacao em relacao ao padrao",1,"levemente diferente do padrao, conforme",True,caracteristico,,False
ALV-2409-134,Alvejante Liquido sem Cloro,3,Estufa 40C,90,3.74,1.06,-0.845,0.0,1.689,1.511,0,"liquido homogeneo, limpido",1,"levemente diferente do padrao, conforme",True,caracteristico do produto,,False
ALV-2409-134,Alvejante Liquido sem Cloro,3,Geladeira 5C,7,4.31,1.056,-0.001,0.0,0.003,0.003,1,"homogeneo, leve turvacao em relacao ao padrao",0,conforme padrao,True,caracteristico,,False
ALV-2409-134,Alvejante Liquido sem Cloro,3,Geladeira 5C,15,4.31,1.054,-0.003,0.0,0.006,0.005,1,"homogeneo, leve turvacao em relacao ao padrao",0,conforme padrao,True,caracteristico do produto,,False
ALV-2409-134,Alvejante Liquido sem Cloro,3,Geladeira 5C,30,4.35,1.056,-0.006,0.0,0.012,0.011,1,"homogeneo, leve turvacao em relacao ao padrao",0,conforme padrao,True,caracteristico,,False
ALV-2409-134,Alvejante Liquido sem Cloro,3,Geladeira 5C,60,4.35,1.057,-0.012,0.0,0.024,0.022,1,liquido homogeneo com leve pelicula na superficie,0,conforme padrao,True,caracteristico,,False
ALV-2409-134,Alvejante Liquido sem Cloro,3,Geladeira 5C,90,4.32,1.054,-0.018,0.0,0.035,0.033,1,"homogeneo, leve turvacao em relacao ao padrao",0,conforme padrao,True,caracteristico,,False
ALV-2409-134,Alvejante Liquido sem Cloro,3,Luz Solar,7,4.26,1.053,-0.376,0.0,1.19,1.036,0,"liquido homogeneo, sem alteracao",1,"levemente diferente do padrao, conforme",True,caracteristico,,False
ALV-2409-134,Alvejante Liquido sem Cloro,3,Luz Solar,15,4.27,1.058,-0.754,0.0,2.337,1.996,1,liquido homogeneo com leve pelicula na superficie,2,perceptivelmente mais escura que o padrao,True,caracteristico do produto,,False
ALV-2409-134,Alvejante Liquido sem Cloro,3,Luz Solar,30,4.24,1.056,-1.34,0.0,4.002,3.329,1,liquido homogeneo com leve pelicula na superficie,3,amarelada em relacao ao padrao,True,caracteristico,,False
ALV-2409-134,Alvejante Liquido sem Cloro,3,Luz Solar,60,4.15,1.056,-2.16,0.0,6.066,4.897,1,liquido homogeneo com leve pelicula na superficie,3,amarelada em relacao ao padrao,True,caracteristico,,False
ALV-2409-134,Alvejante Liquido sem Cloro,3,Luz Solar,90,4.17,1.055,-2.678,0.0,7.18,5.717,1,liquido homogeneo com leve pelicula na superficie,3,amarelada em relacao ao padrao,True,caracteristico,,False
LMU-2409-135,Limpador Multiuso Alcalino,3,Ambiente Escuro 25C,7,9.98,1.011,-0.021,0.0,0.042,0.03,0,"liquido homogeneo, sem alteracao",0,conforme padrao,True,caracteristico,,False
LMU-2409-135,Limpador Multiuso Alcalino,3,Ambiente Escuro 25C,15,9.98,1.009,-0.045,0.0,0.09,0.065,0,"liquido homogeneo, limpido",0,conforme padrao,True,caracteristico,,False
LMU-2409-135,Limpador Multiuso Alcalino,3,Ambiente Escuro 25C,30,10.0,1.015,-0.09,0.0,0.18,0.129,0,"liquido homogeneo, sem alteracao",0,conforme padrao,True,caracteristico do produto,,False
LMU-2409-135,Limpador Multiuso Alcalino,3,Ambiente Escuro 25C,60,9.94,1.012,-0.18,0.0,0.36,0.258,0,"liquido homogeneo, sem alteracao",0,conforme padrao,True,caracteristico do produto,,False
LMU-2409-135,Limpador Multiuso Alcalino,3,Ambiente Escuro 25C,90,9.9,1.013,-0.27,0.0,0.54,0.386,0,"liquido homogeneo, levemente opalescente",0,conforme padrao,True,caracteristico do produto,,False
LMU-2409-135,Limpador Multiuso Alcalino,3,Estufa 40C,7,10.01,1.009,-0.099,0.0,0.197,0.141,0,"liquido homogeneo, levemente opalescente",0,conforme padrao,True,caracteristico do produto,,False
LMU-2409-135,Limpador Multiuso Alcalino,3,Estufa 40C,15,9.89,1.01,-0.211,0.0,0.422,0.302,0,"liquido homogeneo, levemente opalescente",0,conforme padrao,True,caracteristico do produto,,False
LMU-2409-135,Limpador Multiuso Alcalino,3,Estufa 40C,30,9.84,1.014,-0.422,0.0,0.845,0.603,0,"liquido homogeneo, limpido",0,conforme padrao,True,caracteristico do produto,,False
LMU-2409-135,Limpador Multiuso Alcalino,3,Estufa 40C,60,9.76,1.014,-0.845,0.0,1.689,1.201,0,"liquido homogeneo, sem alteracao",1,"levemente diferente do padrao, conforme",True,caracteristico,,False
LMU-2409-135,Limpador Multiuso Alcalino,3,Estufa 40C,90,9.64,1.017,-1.267,0.0,2.534,1.795,0,"liquido homogeneo, levemente opalescente",2,perceptivelmente mais escura que o padrao,True,caracteristico do produto,,False
LMU-2409-135,Limpador Multiuso Alcalino,3,Geladeira 5C,7,9.99,1.015,-0.002,0.0,0.004,0.003,0,"liquido homogeneo, limpido",0,conforme padrao,True,caracteristico do produto,,False
LMU-2409-135,Limpador Multiuso Alcalino,3,Geladeira 5C,15,9.98,1.011,-0.004,0.0,0.009,0.006,0,"liquido homogeneo, sem alteracao",0,conforme padrao,True,caracteristico do produto,,False
LMU-2409-135,Limpador Multiuso Alcalino,3,Geladeira 5C,30,9.97,1.014,-0.009,0.0,0.018,0.013,0,"liquido homogeneo, levemente opalescente",0,conforme padrao,True,caracteristico,,False
LMU-2409-135,Limpador Multiuso Alcalino,3,Geladeira 5C,60,9.97,1.01,-0.018,0.0,0.035,0.025,0,"liquido homogeneo, sem alteracao",0,conforme padrao,True,caracteristico do produto,,False
LMU-2409-135,Limpador Multiuso Alcalino,3,Geladeira 5C,90,9.95,1.01,-0.027,0.0,0.053,0.038,0,"liquido homogeneo, levemente opalescente",0,conforme padrao,True,caracteristico,,False
LMU-2409-135,Limpador Multiuso Alcalino,3,Luz Solar,7,9.95,1.013,-0.32,0.0,0.993,0.646,0,"liquido homogeneo, levemente opalescente",0,conforme padrao,True,caracteristico,,False
LMU-2409-135,Limpador Multiuso Alcalino,3,Luz Solar,15,9.95,1.012,-0.644,0.0,1.955,1.269,0,"liquido homogeneo, sem alteracao",1,"levemente diferente do padrao, conforme",True,caracteristico,,False
LMU-2409-135,Limpador Multiuso Alcalino,3,Luz Solar,30,9.91,1.013,-1.152,0.0,3.369,2.181,0,"liquido homogeneo, limpido",2,perceptivelmente mais escura que o padrao,True,caracteristico do produto,,False
LMU-2409-135,Limpador Multiuso Alcalino,3,Luz Solar,60,9.95,1.012,-1.884,0.0,5.175,3.349,0,"liquido homogeneo, levemente opalescente",3,amarelada em relacao ao padrao,True,caracteristico,,False
LMU-2409-135,Limpador Multiuso Alcalino,3,Luz Solar,90,9.85,1.012,-2.372,0.0,6.216,4.036,0,"liquido homogeneo, limpido",3,amarelada em relacao ao padrao,True,caracteristico,,False
LMU-2409-139,Limpador Multiuso Alcalino,3,Ambiente Escuro 25C,7,10.05,1.01,-0.021,0.0,0.042,0.03,1,"homogeneo, leve turvacao em relacao ao padrao",0,conforme padrao,True,caracteristico,,False
LMU-2409-139,Limpador Multiuso Alcalino,3,Ambiente Escuro 25C,15,10.02,1.006,-0.045,0.0,0.09,0.064,1,liquido homogeneo com leve pelicula na superficie,0,conforme padrao,True,caracteristico do produto,,False
LMU-2409-139,Limpador Multiuso Alcalino,3,Ambiente Escuro 25C,30,9.98,1.012,-0.09,0.0,0.18,0.128,1,liquido homogeneo com leve pelicula na superficie,0,conforme padrao,True,caracteristico do produto,,False
LMU-2409-139,Limpador Multiuso Alcalino,3,Ambiente Escuro 25C,60,10.01,1.01,-0.18,0.0,0.36,0.257,1,"homogeneo, leve turvacao em relacao ao padrao",0,conforme padrao,True,caracteristico do produto,,False
LMU-2409-139,Limpador Multiuso Alcalino,3,Ambiente Escuro 25C,90,9.92,1.009,-0.27,0.0,0.54,0.384,1,liquido homogeneo com leve pelicula na superficie,0,conforme padrao,True,caracteristico,,False
LMU-2409-139,Limpador Multiuso Alcalino,3,Estufa 40C,7,9.95,1.009,-0.099,0.0,0.197,0.141,1,"homogeneo, leve turvacao em relacao ao padrao",0,conforme padrao,True,caracteristico,,False
LMU-2409-139,Limpador Multiuso Alcalino,3,Estufa 40C,15,9.92,1.008,-0.211,0.0,0.422,0.301,1,"homogeneo, leve turvacao em relacao ao padrao",0,conforme padrao,True,caracteristico do produto,,False
LMU-2409-139,Limpador Multiuso Alcalino,3,Estufa 40C,30,9.86,1.011,-0.422,0.0,0.845,0.6,1,"homogeneo, leve turvacao em relacao ao padrao",0,conforme padrao,True,caracteristico do produto,,False
LMU-2409-139,Limpador Multiuso Alcalino,3,Estufa 40C,60,9.73,1.013,-0.845,0.0,1.689,1.196,1,liquido homogeneo com leve pelicula na superficie,1,"levemente diferente do padrao, conforme",True,caracteristico do produto,,False
LMU-2409-139,Limpador Multiuso Alcalino,3,Estufa 40C,90,9.58,1.014,-1.267,0.0,2.534,1.786,1,liquido homogeneo com leve pelicula na superficie,2,perceptivelmente mais escura que o padrao,True,caracteristico do produto,,False
LMU-2409-139,Limpador Multiuso Alcalino,3,Geladeira 5C,7,10.02,1.01,-0.002,0.0,0.004,0.003,0,"liquido homogeneo, limpido",0,conforme padrao,True,caracteristico,,False
LMU-2409-139,Limpador Multiuso Alcalino,3,Geladeira 5C,15,9.99,1.011,-0.004,0.0,0.009,0.006,1,"homogeneo, leve turvacao em relacao ao padrao",0,conforme padrao,True,caracteristico,,False
LMU-2409-139,Limpador Multiuso Alcalino,3,Geladeira 5C,30,10.03,1.008,-0.009,0.0,0.018,0.013,1,"homogeneo, leve turvacao em relacao ao padrao",0,conforme padrao,True,caracteristico do produto,,False
LMU-2409-139,Limpador Multiuso Alcalino,3,Geladeira 5C,60,10.0,1.004,-0.018,0.0,0.035,0.025,0,"liquido homogeneo, levemente opalescente",0,conforme padrao,True,caracteristico,,False
LMU-2409-139,Limpador Multiuso Alcalino,3,Geladeira 5C,90,10.02,1.012,-0.027,0.0,0.053,0.038,1,liquido homogeneo com leve pelicula na superficie,0,conforme padrao,True,caracteristico,,False
LMU-2409-139,Limpador Multiuso Alcalino,3,Luz Solar,7,10.04,1.01,-0.32,0.0,0.993,0.644,1,liquido homogeneo com leve pelicula na superficie,0,conforme padrao,True,caracteristico do produto,,False
LMU-2409-139,Limpador Multiuso Alcalino,3,Luz Solar,15,10.06,1.012,-0.644,0.0,1.955,1.265,1,liquido homogeneo com leve pelicula na superficie,1,"levemente diferente do padrao, conforme",True,caracteristico do produto,,False
LMU-2409-139,Limpador Multiuso Alcalino,3,Luz Solar,30,9.95,1.01,-1.152,0.0,3.369,2.172,0,"liquido homogeneo, limpido",2,perceptivelmente mais escura que o padrao,True,caracteristico do produto,,False
LMU-2409-139,Limpador Multiuso Alcalino,3,Luz Solar,60,9.91,1.007,-1.884,0.0,5.175,3.336,1,"homogeneo, leve turvacao em relacao ao padrao",3,amarelada em relacao ao padrao,True,caracteristico,,False
LMU-2409-139,Limpador Multiuso Alcalino,3,Luz Solar,90,9.83,1.013,-2.372,0.0,6.216,4.019,1,"homogeneo, leve turvacao em relacao ao padrao",3,amarelada em relacao ao padrao,True,caracteristico,,False
ALV-2409-140,Alvejante Liquido sem Cloro,3,Ambiente Escuro 25C,7,3.82,1.045,-0.014,0.0,0.028,0.026,0,"liquido homogeneo, limpido",0,conforme padrao,True,caracteristico,,False
ALV-2409-140,Alvejante Liquido sem Cloro,3,Ambiente Escuro 25C,15,3.76,1.045,-0.03,0.0,0.06,0.055,1,liquido homogeneo com leve pelicula na superficie,0,conforme padrao,True,caracteristico do produto,,False
ALV-2409-140,Alvejante Liquido sem Cloro,3,Ambiente Escuro 25C,30,3.79,1.047,-0.06,0.0,0.12,0.11,0,"liquido homogeneo, sem alteracao",0,conforme padrao,True,caracteristico do produto,,False
ALV-2409-140,Alvejante Liquido sem Cloro,3,Ambiente Escuro 25C,60,3.71,1.044,-0.12,0.0,0.24,0.219,1,"homogeneo, leve turvacao em relacao ao padrao",0,conforme padrao,True,caracteristico do produto,,False
ALV-2409-140,Alvejante Liquido sem Cloro,3,Ambiente Escuro 25C,90,3.67,1.046,-0.18,0.0,0.36,0.328,1,liquido homogeneo com leve pelicula na superficie,0,conforme padrao,True,caracteristico,,False
ALV-2409-140,Alvejante Liquido sem Cloro,3,Estufa 40C,7,3.67,1.045,-0.066,0.0,0.131,0.12,1,liquido homogeneo com leve pelicula na superficie,0,conforme padrao,True,caracteristico,,False
ALV-2409-140,Alvejante Liquido sem Cloro,3,Estufa 40C,15,3.75,1.048,-0.141,0.0,0.282,0.257,1,liquido homogeneo com leve pelicula na superficie,0,conforme padrao,True,caracteristico,,False
ALV-2409-140,Alvejante Liquido sem Cloro,3,Estufa 40C,30,3.67,1.046,-0.282,0.0,0.563,0.511,1,liquido homogeneo com leve pelicula na superficie,0,conforme padrao,True,caracteristico,,False
ALV-2409-140,Alvejante Liquido sem Cloro,3,Estufa 40C,60,3.49,1.048,-0.563,0.0,1.126,1.013,1,liquido homogeneo com leve pelicula na superficie,1,"levemente diferente do padrao, conforme",True,caracteristico do produto,pH fora de faixa,True
ALV-2409-140,Alvejante Liquido sem Cloro,3,Estufa 40C,90,3.27,1.052,-0.845,0.0,1.689,1.506,0,"liquido homogeneo, limpido",1,"levemente diferente do padrao, conforme",True,caracteristico,pH fora de faixa,True
ALV-2409-140,Alvejante Liquido sem Cloro,3,Geladeira 5C,7,3.85,1.048,-0.001,0.0,0.003,0.003,0,"liquido homogeneo, limpido",0,conforme padrao,True,caracteristico do produto,,False
ALV-2409-140,Alvejante Liquido sem Cloro,3,Geladeira 5C,15,3.86,1.045,-0.003,0.0,0.006,0.005,0,"liquido homogeneo, limpido",0,conforme padrao,True,caracteristico,,False
ALV-2409-140,Alvejante Liquido sem Cloro,3,Geladeira 5C,30,3.83,1.045,-0.006,0.0,0.012,0.011,0,"liquido homogeneo, sem alteracao",0,conforme padrao,True,caracteristico do produto,,False
ALV-2409-140,Alvejante Liquido sem Cloro,3,Geladeira 5C,60,3.84,1.044,-0.012,0.0,0.024,0.022,1,liquido homogeneo com leve pelicula na superficie,0,conforme padrao,True,caracteristico do produto,,False
ALV-2409-140,Alvejante Liquido sem Cloro,3,Geladeira 5C,90,3.84,1.044,-0.018,0.0,0.035,0.032,1,liquido homogeneo com leve pelicula na superficie,0,conforme padrao,True,caracteristico do produto,,False
ALV-2409-140,Alvejante Liquido sem Cloro,3,Luz Solar,7,3.85,1.043,-0.376,0.0,1.19,1.033,0,"liquido homogeneo, limpido",1,"levemente diferente do padrao, conforme",True,caracteristico do produto,,False
ALV-2409-140,Alvejante Liquido sem Cloro,3,Luz Solar,15,3.78,1.045,-0.754,0.0,2.337,1.99,0,"liquido homogeneo, limpido",2,perceptivelmente mais escura que o padrao,True,caracteristico do produto,,False
ALV-2409-140,Alvejante Liquido sem Cloro,3,Luz Solar,30,3.75,1.044,-1.34,0.0,4.002,3.32,0,"liquido homogeneo, levemente opalescente",3,amarelada em relacao ao padrao,True,caracteristico do produto,,False
ALV-2409-140,Alvejante Liquido sem Cloro,3,Luz Solar,60,3.69,1.045,-2.16,0.0,6.066,4.885,0,"liquido homogeneo, levemente opalescente",3,amarelada em relacao ao padrao,True,caracteristico do produto,,False
ALV-2409-140,Alvejante Liquido sem Cloro,3,Luz Solar,90,3.62,1.049,-2.678,0.0,7.18,5.703,1,liquido homogeneo com leve pelicula na superficie,3,amarelada em relacao ao padrao,True,caracteristico do produto,,False
LMU-2409-141,Limpador Multiuso Alcalino,3,Ambiente Escuro 25C,7,10.01,1.013,-0.021,0.0,0.042,0.03,1,liquido homogeneo com leve pelicula na superficie,0,conforme padrao,True,caracteristico,,False
LMU-2409-141,Limpador Multiuso Alcalino,3,Ambiente Escuro 25C,15,10.0,1.014,-0.045,0.0,0.09,0.064,0,"liquido homogeneo, limpido",0,conforme padrao,True,caracteristico do produto,,False
LMU-2409-141,Limpador Multiuso Alcalino,3,Ambiente Escuro 25C,30,10.02,1.013,-0.09,0.0,0.18,0.129,0,"liquido homogeneo, limpido",0,conforme padrao,True,caracteristico do produto,,False
LMU-2409-141,Limpador Multiuso Alcalino,3,Ambiente Escuro 25C,60,9.99,1.012,-0.18,0.0,0.36,0.257,1,liquido homogeneo com leve pelicula na superficie,0,conforme padrao,True,caracteristico do produto,,False
LMU-2409-141,Limpador Multiuso Alcalino,3,Ambiente Escuro 25C,90,9.89,1.01,-0.27,0.0,0.54,0.385,1,liquido homogeneo com leve pelicula na superficie,0,conforme padrao,True,caracteristico,,False
LMU-2409-141,Limpador Multiuso Alcalino,3,Estufa 40C,7,10.01,1.014,-0.099,0.0,0.197,0.141,0,"liquido homogeneo, limpido",0,conforme padrao,True,caracteristico,,False
LMU-2409-141,Limpador Multiuso Alcalino,3,Estufa 40C,15,9.95,1.017,-0.211,0.0,0.422,0.301,1,liquido homogeneo com leve pelicula na superficie,0,conforme padrao,True,caracteristico do produto,,False
LMU-2409-141,Limpador Multiuso Alcalino,3,Estufa 40C,30,9.85,1.018,-0.422,0.0,0.845,0.601,0,"liquido homogeneo, levemente opalescente",0,conforme padrao,True,caracteristico,,False
LMU-2409-141,Limpador Multiuso Alcalino,3,Estufa 40C,60,9.69,1.014,-0.845,0.0,1.689,1.197,1,liquido homogeneo com leve pelicula na superficie,1,"levemente diferente do padrao, conforme",True,caracteristico,,False
LMU-2409-141,Limpador Multiuso Alcalino,3,Estufa 40C,90,9.59,1.018,-1.267,0.0,2.534,1.788,0,"liquido homogeneo, limpido",2,perceptivelmente mais escura que o padrao,True,caracteristico,,False
LMU-2409-141,Limpador Multiuso Alcalino,3,Geladeira 5C,7,10.02,1.015,-0.002,0.0,0.004,0.003,1,liquido homogeneo com leve pelicula na superficie,0,conforme padrao,True,caracteristico,,False
LMU-2409-141,Limpador Multiuso Alcalino,3,Geladeira 5C,15,10.0,1.012,-0.004,0.0,0.009,0.006,0,"liquido homogeneo, levemente opalescente",0,conforme padrao,True,caracteristico,,False
LMU-2409-141,Limpador Multiuso Alcalino,3,Geladeira 5C,30,10.04,1.012,-0.009,0.0,0.018,0.013,0,"liquido homogeneo, limpido",0,conforme padrao,True,caracteristico do produto,,False
LMU-2409-141,Limpador Multiuso Alcalino,3,Geladeira 5C,60,10.04,1.011,-0.018,0.0,0.035,0.025,0,"liquido homogeneo, levemente opalescente",0,conforme padrao,True,caracteristico do produto,,False
LMU-2409-141,Limpador Multiuso Alcalino,3,Geladeira 5C,90,10.01,1.012,-0.027,0.0,0.053,0.038,0,"liquido homogeneo, levemente opalescente",0,conforme padrao,True,caracteristico do produto,,False
LMU-2409-141,Limpador Multiuso Alcalino,3,Luz Solar,7,10.04,1.014,-0.32,0.0,0.993,0.644,0,"liquido homogeneo, limpido",0,conforme padrao,True,caracteristico,,False
LMU-2409-141,Limpador Multiuso Alcalino,3,Luz Solar,15,9.98,1.014,-0.644,0.0,1.955,1.265,0,"liquido homogeneo, limpido",1,"levemente diferente do padrao, conforme",True,caracteristico do produto,,False
LMU-2409-141,Limpador Multiuso Alcalino,3,Luz Solar,30,9.98,1.012,-1.152,0.0,3.369,2.174,1,liquido homogeneo com leve pelicula na superficie,2,perceptivelmente mais escura que o padrao,True,caracteristico do produto,,False
LMU-2409-141,Limpador Multiuso Alcalino,3,Luz Solar,60,9.96,1.015,-1.884,0.0,5.175,3.339,0,"liquido homogeneo, sem alteracao",3,amarelada em relacao ao padrao,True,caracteristico,,False
LMU-2409-141,Limpador Multiuso Alcalino,3,Luz Solar,90,9.85,1.016,-2.372,0.0,6.216,4.023,1,liquido homogeneo com leve pelicula na superficie,3,amarelada em relacao ao padrao,True,caracteristico,,False
DES-2409-142,Desinfetante Quaternario Concentrado,3,Ambiente Escuro 25C,7,7.51,1.006,-0.015,0.0,0.031,0.017,1,"homogeneo, leve turvacao em relacao ao padrao",0,conforme padrao,True,caracteristico do produto,,False
DES-2409-142,Desinfetante Quaternario Concentrado,3,Ambiente Escuro 25C,15,7.5,1.009,-0.033,0.0,0.066,0.037,0,"liquido homogeneo, sem alteracao",0,conforme padrao,True,caracteristico do produto,,False
DES-2409-142,Desinfetante Quaternario Concentrado,3,Ambiente Escuro 25C,30,7.5,1.007,-0.066,0.0,0.132,0.073,1,"homogeneo, leve turvacao em relacao ao padrao",0,conforme padrao,True,caracteristico,,False
DES-2409-142,Desinfetante Quaternario Concentrado,3,Ambiente Escuro 25C,60,7.47,1.01,-0.132,0.0,0.264,0.147,1,liquido homogeneo com leve pelicula na superficie,0,conforme padrao,True,caracteristico do produto,,False
DES-2409-142,Desinfetante Quaternario Concentrado,3,Ambiente Escuro 25C,90,7.5,1.009,-0.198,0.0,0.396,0.221,1,"homogeneo, leve turvacao em relacao ao padrao",0,conforme padrao,True,caracteristico,,False
DES-2409-142,Desinfetante Quaternario Concentrado,3,Estufa 40C,7,7.49,1.009,-0.072,0.0,0.145,0.08,1,liquido homogeneo com leve pelicula na superficie,0,conforme padrao,False,"alterado, notas rancosas",odor alterado,True
DES-2409-142,Desinfetante Quaternario Concentrado,3,Estufa 40C,15,7.48,1.009,-0.155,0.0,0.31,0.172,1,liquido homogeneo com leve pelicula na superficie,0,conforme padrao,False,"caracteristico, porem alterado",odor alterado,True
DES-2409-142,Desinfetante Quaternario Concentrado,3,Estufa 40C,30,7.48,1.012,-0.31,0.0,0.619,0.346,1,"homogeneo, leve turvacao em relacao ao padrao",0,conforme padrao,True,caracteristico do produto,,False
DES-2409-142,Desinfetante Quaternario Concentrado,3,Estufa 40C,60,7.35,1.01,-0.619,0.0,1.239,0.696,2,"cremeacao visivel na superficie, reversivel a agitacao",0,conforme padrao,True,caracteristico,,False
DES-2409-142,Desinfetante Quaternario Concentrado,3,Estufa 40C,90,7.21,1.013,-0.929,0.0,1.858,1.05,1,liquido homogeneo com leve pelicula na superficie,1,"levemente diferente do padrao, conforme",True,caracteristico,,False
DES-2409-142,Desinfetante Quaternario Concentrado,3,Geladeira 5C,7,7.57,1.009,-0.002,0.0,0.003,0.002,1,"homogeneo, leve turvacao em relacao ao padrao",0,conforme padrao,True,caracteristico do produto,,False
DES-2409-142,Desinfetante Quaternario Concentrado,3,Geladeira 5C,15,7.54,1.009,-0.003,0.0,0.006,0.004,1,liquido homogeneo com leve pelicula na superficie,0,conforme padrao,True,caracteristico do produto,,False
DES-2409-142,Desinfetante Quaternario Concentrado,3,Geladeira 5C,30,7.54,1.01,-0.006,0.0,0.013,0.007,1,"homogeneo, leve turvacao em relacao ao padrao",0,conforme padrao,True,caracteristico do produto,,False
DES-2409-142,Desinfetante Quaternario Concentrado,3,Geladeira 5C,60,7.53,1.006,-0.013,0.0,0.026,0.014,1,liquido homogeneo com leve pelicula na superficie,0,conforme padrao,True,caracteristico do produto,,False
DES-2409-142,Desinfetante Quaternario Concentrado,3,Geladeira 5C,90,7.53,1.011,-0.019,0.0,0.039,0.022,1,"homogeneo, leve turvacao em relacao ao padrao",0,conforme padrao,True,caracteristico do produto,,False
DES-2409-142,Desinfetante Quaternario Concentrado,3,Luz Solar,7,7.52,1.008,-0.344,0.0,1.084,0.505,1,liquido homogeneo com leve pelicula na superficie,0,conforme padrao,True,caracteristico do produto,,False
DES-2409-142,Desinfetante Quaternario Concentrado,3,Luz Solar,15,7.54,1.008,-0.691,0.0,2.131,1.012,1,liquido homogeneo com leve pelicula na superficie,1,"levemente diferente do padrao, conforme",True,caracteristico,,False
DES-2409-142,Desinfetante Quaternario Concentrado,3,Luz Solar,30,7.44,1.011,-1.231,0.0,3.655,1.791,1,"homogeneo, leve turvacao em relacao ao padrao",2,perceptivelmente mais escura que o padrao,True,caracteristico,,False
DES-2409-142,Desinfetante Quaternario Concentrado,3,Luz Solar,60,7.49,1.01,-1.991,0.0,5.559,2.85,1,"homogeneo, leve turvacao em relacao ao padrao",2,perceptivelmente mais escura que o padrao,True,caracteristico,,False
DES-2409-142,Desinfetante Quaternario Concentrado,3,Luz Solar,90,7.42,1.012,-2.479,0.0,6.606,3.49,1,liquido homogeneo com leve pelicula na superficie,3,amarelada em relacao ao padrao,True,caracteristico do produto,,False
DLR-2409-144,Detergente Liquido para Roupas,3,Ambiente Escuro 25C,7,9.92,1.017,-0.018,0.0,0.036,0.031,0,"liquido homogeneo, sem alteracao",0,conforme padrao,True,caracteristico,,False
DLR-2409-144,Detergente Liquido para Roupas,3,Ambiente Escuro 25C,15,9.9,1.018,-0.039,0.0,0.078,0.066,0,"liquido homogeneo, levemente opalescente",0,conforme padrao,True,caracteristico do produto,,False
DLR-2409-144,Detergente Liquido para Roupas,3,Ambiente Escuro 25C,30,9.89,1.019,-0.078,0.0,0.156,0.131,0,"liquido homogeneo, levemente opalescente",0,conforme padrao,True,caracteristico,,False
DLR-2409-144,Detergente Liquido para Roupas,3,Ambiente Escuro 25C,60,9.78,1.02,-0.156,0.0,0.312,0.263,0,"liquido homogeneo, levemente opalescente",0,conforme padrao,True,caracteristico,,False
DLR-2409-144,Detergente Liquido para Roupas,3,Ambiente Escuro 25C,90,9.89,1.02,-0.234,0.0,0.468,0.394,0,"liquido homogeneo, sem alteracao",0,conforme padrao,True,caracteristico do produto,,False
DLR-2409-144,Detergente Liquido para Roupas,3,Estufa 40C,7,9.8,1.018,-0.085,0.0,0.171,0.144,0,"liquido homogeneo, limpido",0,conforme padrao,True,caracteristico do produto,,False
DLR-2409-144,Detergente Liquido para Roupas,3,Estufa 40C,15,9.84,1.017,-0.183,0.0,0.366,0.308,1,"homogeneo, leve turvacao em relacao ao padrao",0,conforme padrao,True,caracteristico,,False
DLR-2409-144,Detergente Liquido para Roupas,3,Estufa 40C,30,9.85,1.017,-0.366,0.0,0.732,0.617,0,"liquido homogeneo, sem alteracao",0,conforme padrao,True,caracteristico do produto,,False
DLR-2409-144,Detergente Liquido para Roupas,3,Estufa 40C,60,9.69,1.02,-0.732,0.0,1.464,1.233,0,"liquido homogeneo, levemente opalescente",1,"levemente diferente do padrao, conforme",True,caracteristico,,False
DLR-2409-144,Detergente Liquido para Roupas,3,Estufa 40C,90,9.58,1.025,-1.098,0.0,2.196,1.848,0,"liquido homogeneo, limpido",2,perceptivelmente mais escura que o padrao,True,caracteristico do produto,,False
DLR-2409-144,Detergente Liquido para Roupas,3,Geladeira 5C,7,9.88,1.017,-0.002,0.0,0.004,0.003,0,"liquido homogeneo, levemente opalescente",0,conforme padrao,True,caracteristico do produto,,False
DLR-2409-144,Detergente Liquido para Roupas,3,Geladeira 5C,15,9.87,1.013,-0.004,0.0,0.008,0.006,0,"liquido homogeneo, sem alteracao",0,conforme padrao,True,caracteristico do produto,,False
DLR-2409-144,Detergente Liquido para Roupas,3,Geladeira 5C,30,9.95,1.017,-0.008,0.0,0.015,0.013,1,liquido homogeneo com leve pelicula na superficie,0,conforme padrao,True,caracteristico do produto,,False
DLR-2409-144,Detergente Liquido para Roupas,3,Geladeira 5C,60,9.9,1.017,-0.015,0.0,0.031,0.026,0,"liquido homogeneo, sem alteracao",0,conforme padrao,True,caracteristico do produto,,False
DLR-2409-144,Detergente Liquido para Roupas,3,Geladeira 5C,90,9.9,1.017,-0.023,0.0,0.046,0.039,0,"liquido homogeneo, levemente opalescente",0,conforme padrao,True,caracteristico,,False
DLR-2409-144,Detergente Liquido para Roupas,3,Luz Solar,7,9.95,1.019,-0.281,0.0,0.873,0.699,0,"liquido homogeneo, sem alteracao",0,conforme padrao,True,caracteristico,,False
DLR-2409-144,Detergente Liquido para Roupas,3,Luz Solar,15,9.91,1.019,-0.565,0.0,1.719,1.379,0,"liquido homogeneo, sem alteracao",1,"levemente diferente do padrao, conforme",True,caracteristico do produto,,False
DLR-2409-144,Detergente Liquido para Roupas,3,Luz Solar,30,9.89,1.019,-1.012,0.0,2.961,2.377,0,"liquido homogeneo, sem alteracao",2,perceptivelmente mais escura que o padrao,True,caracteristico do produto,,False
DLR-2409-144,Detergente Liquido para Roupas,3,Luz Solar,60,9.8,1.021,-1.654,0.0,4.546,3.653,0,"liquido homogeneo, sem alteracao",3,amarelada em relacao ao padrao,True,caracteristico,,False
DLR-2409-144,Detergente Liquido para Roupas,3,Luz Solar,90,9.77,1.021,-2.082,0.0,5.457,4.391,0,"liquido homogeneo, levemente opalescente",3,amarelada em relacao ao padrao,True,caracteristico,,False
DES-2409-145,Desinfetante Quaternario Concentrado,3,Ambiente Escuro 25C,7,6.77,1.004,-0.015,0.0,0.031,0.017,2,"cremeacao visivel na superficie, reversivel a agitacao",0,conforme padrao,True,caracteristico,,False
DES-2409-145,Desinfetante Quaternario Concentrado,3,Ambiente Escuro 25C,15,6.78,1.003,-0.033,0.0,0.066,0.037,2,"leve cremeacao na superficie, porem conforme",0,conforme padrao,True,caracteristico,,False
DES-2409-145,Desinfetante Quaternario Concentrado,3,Ambiente Escuro 25C,30,6.81,1.004,-0.066,0.0,0.132,0.075,1,"homogeneo, leve turvacao em relacao ao padrao",0,conforme padrao,True,caracteristico do produto,,False
DES-2409-145,Desinfetante Quaternario Concentrado,3,Ambiente Escuro 25C,60,6.75,1.003,-0.132,0.0,0.264,0.149,1,"homogeneo, leve turvacao em relacao ao padrao",0,conforme padrao,True,caracteristico,,False
DES-2409-145,Desinfetante Quaternario Concentrado,3,Ambiente Escuro 25C,90,6.69,1.005,-0.198,0.0,0.396,0.224,1,liquido homogeneo com leve pelicula na superficie,0,conforme padrao,True,caracteristico,,False
DES-2409-145,Desinfetante Quaternario Concentrado,3,Estufa 40C,7,6.76,1.005,-0.072,0.0,0.145,0.082,1,"homogeneo, leve turvacao em relacao ao padrao",0,conforme padrao,True,caracteristico,,False
DES-2409-145,Desinfetante Quaternario Concentrado,3,Estufa 40C,15,6.73,1.005,-0.155,0.0,0.31,0.175,1,"homogeneo, leve turvacao em relacao ao padrao",0,conforme padrao,True,caracteristico,,False
DES-2409-145,Desinfetante Quaternario Concentrado,3,Estufa 40C,30,6.62,1.008,-0.31,0.0,0.619,0.351,1,liquido homogeneo com leve pelicula na superficie,0,conforme padrao,True,caracteristico,,False
DES-2409-145,Desinfetante Quaternario Concentrado,3,Estufa 40C,60,6.6,1.005,-0.619,0.0,1.239,0.707,2,"leve cremeacao na superficie, porem conforme",0,conforme padrao,True,caracteristico do produto,,False
DES-2409-145,Desinfetante Quaternario Concentrado,3,Estufa 40C,90,6.45,1.01,-0.929,0.0,1.858,1.067,2,"leve cremeacao na superficie, porem conforme",1,"levemente diferente do padrao, conforme",True,caracteristico,,False
DES-2409-145,Desinfetante Quaternario Concentrado,3,Geladeira 5C,7,6.82,1.005,-0.002,0.0,0.003,0.002,2,"leve cremeacao na superficie, porem conforme",0,conforme padrao,True,caracteristico,,False
DES-2409-145,Desinfetante Quaternario Concentrado,3,Geladeira 5C,15,6.71,1.006,-0.003,0.0,0.006,0.004,1,"homogeneo, leve turvacao em relacao ao padrao",0,conforme padrao,True,caracteristico,,False
DES-2409-145,Desinfetante Quaternario Concentrado,3,Geladeira 5C,30,6.82,1.005,-0.006,0.0,0.013,0.007,2,"cremeacao visivel na superficie, reversivel a agitacao",0,conforme padrao,True,caracteristico,,False
DES-2409-145,Desinfetante Quaternario Concentrado,3,Geladeira 5C,60,6.82,1.005,-0.013,0.0,0.026,0.015,1,"homogeneo, leve turvacao em relacao ao padrao",0,conforme padrao,True,caracteristico do produto,,False
DES-2409-145,Desinfetante Quaternario Concentrado,3,Geladeira 5C,90,6.77,1.001,-0.019,0.0,0.039,0.022,1,liquido homogeneo com leve pelicula na superficie,0,conforme padrao,True,caracteristico,,False
DES-2409-145,Desinfetante Quaternario Concentrado,3,Luz Solar,7,6.78,1.005,-0.344,0.0,1.084,0.511,1,"homogeneo, leve turvacao em relacao ao padrao",0,conforme padrao,True,caracteristico,,False
DES-2409-145,Desinfetante Quaternario Concentrado,3,Luz Solar,15,6.76,1.003,-0.691,0.0,2.131,1.025,1,liquido homogeneo com leve pelicula na superficie,1,"levemente diferente do padrao, conforme",True,caracteristico,,False
DES-2409-145,Desinfetante Quaternario Concentrado,3,Luz Solar,30,6.73,1.005,-1.231,0.0,3.655,1.815,1,"homogeneo, leve turvacao em relacao ao padrao",2,perceptivelmente mais escura que o padrao,True,caracteristico,,False
DES-2409-145,Desinfetante Quaternario Concentrado,3,Luz Solar,60,6.65,1.004,-1.991,0.0,5.559,2.889,2,"cremeacao visivel na superficie, reversivel a agitacao",2,perceptivelmente mais escura que o padrao,True,caracteristico do produto,,False
DES-2409-145,Desinfetante Quaternario Concentrado,3,Luz Solar,90,6.72,1.006,-2.479,0.0,6.606,3.538,2,"leve cremeacao na superficie, porem conforme",3,amarelada em relacao ao padrao,True,caracteristico do produto,,False
ALV-2409-148,Alvejante Liquido sem Cloro,3,Ambiente Escuro 25C,7,4.28,1.049,-0.014,0.0,0.028,0.024,0,"liquido homogeneo, levemente opalescente",0,conforme padrao,True,caracteristico,,False
ALV-2409-148,Alvejante Liquido sem Cloro,3,Ambiente Escuro 25C,15,4.27,1.052,-0.03,0.0,0.06,0.052,0,"liquido homogeneo, levemente opalescente",0,conforme padrao,True,caracteristico,,False
ALV-2409-148,Alvejante Liquido sem Cloro,3,Ambiente Escuro 25C,30,4.33,1.051,-0.06,0.0,0.12,0.104,0,"liquido homogeneo, limpido",0,conforme padrao,True,caracteristico do produto,,False
ALV-2409-148,Alvejante Liquido sem Cloro,3,Ambiente Escuro 25C,60,4.25,1.051,-0.12,0.0,0.24,0.208,0,"liquido homogeneo, sem alteracao",0,conforme padrao,True,caracteristico,,False
ALV-2409-148,Alvejante Liquido sem Cloro,3,Ambiente Escuro 25C,90,4.21,1.051,-0.18,0.0,0.36,0.312,0,"liquido homogeneo, levemente opalescente",0,conforme padrao,True,caracteristico,,False
ALV-2409-148,Alvejante Liquido sem Cloro,3,Estufa 40C,7,4.2,1.053,-0.066,0.0,0.131,0.114,1,liquido homogeneo com leve pelicula na superficie,0,conforme padrao,True,caracteristico,,False
ALV-2409-148,Alvejante Liquido sem Cloro,3,Estufa 40C,15,4.27,1.053,-0.141,0.0,0.282,0.244,0,"liquido homogeneo, levemente opalescente",0,conforme padrao,True,caracteristico,,False
ALV-2409-148,Alvejante Liquido sem Cloro,3,Estufa 40C,30,4.16,1.055,-0.282,0.0,0.563,0.486,0,"liquido homogeneo, sem alteracao",0,conforme padrao,True,caracteristico,,False
ALV-2409-148,Alvejante Liquido sem Cloro,3,Estufa 40C,60,3.95,1.057,-0.563,0.0,1.126,0.964,0,"liquido homogeneo, levemente opalescente",1,"levemente diferente do padrao, conforme",True,caracteristico,,False
ALV-2409-148,Alvejante Liquido sem Cloro,3,Estufa 40C,90,3.76,1.058,-0.845,0.0,1.689,1.434,0,"liquido homogeneo, limpido",1,"levemente diferente do padrao, conforme",True,caracteristico do produto,,False
ALV-2409-148,Alvejante Liquido sem Cloro,3,Geladeira 5C,7,4.32,1.05,-0.001,0.0,0.003,0.002,0,"liquido homogeneo, sem alteracao",0,conforme padrao,True,caracteristico,,False
ALV-2409-148,Alvejante Liquido sem Cloro,3,Geladeira 5C,15,4.32,1.05,-0.003,0.0,0.006,0.005,0,"liquido homogeneo, levemente opalescente",0,conforme padrao,True,caracteristico,,False
ALV-2409-148,Alvejante Liquido sem Cloro,3,Geladeira 5C,30,4.29,1.05,-0.006,0.0,0.012,0.01,0,"liquido homogeneo, limpido",0,conforme padrao,True,caracteristico do produto,,False
ALV-2409-148,Alvejante Liquido sem Cloro,3,Geladeira 5C,60,4.31,1.052,-0.012,0.0,0.024,0.021,0,"liquido homogeneo, limpido",0,conforme padrao,True,caracteristico do produto,,False
ALV-2409-148,Alvejante Liquido sem Cloro,3,Geladeira 5C,90,4.28,1.052,-0.018,0.0,0.035,0.031,1,liquido homogeneo com leve pelicula na superficie,0,conforme padrao,True,caracteristico,,False
ALV-2409-148,Alvejante Liquido sem Cloro,3,Luz Solar,7,4.28,1.049,-0.376,0.0,1.19,0.979,0,"liquido homogeneo, limpido",1,"levemente diferente do padrao, conforme",True,caracteristico,,False
ALV-2409-148,Alvejante Liquido sem Cloro,3,Luz Solar,15,4.24,1.049,-0.754,0.0,2.337,1.889,0,"liquido homogeneo, limpido",2,perceptivelmente mais escura que o padrao,True,caracteristico do produto,,False
ALV-2409-148,Alvejante Liquido sem Cloro,3,Luz Solar,30,4.21,1.054,-1.34,0.0,4.002,3.156,0,"liquido homogeneo, limpido",3,amarelada em relacao ao padrao,True,caracteristico do produto,,False
ALV-2409-148,Alvejante Liquido sem Cloro,3,Luz Solar,60,4.22,1.052,-2.16,0.0,6.066,4.653,0,"liquido homogeneo, sem alteracao",3,amarelada em relacao ao padrao,True,caracteristico do produto,,False
ALV-2409-148,Alvejante Liquido sem Cloro,3,Luz Solar,90,4.08,1.049,-2.678,0.0,7.18,5.439,0,"liquido homogeneo, limpido",3,amarelada em relacao ao padrao,True,caracteristico do produto,,False
ALV-2409-149,Alvejante Liquido sem Cloro,3,Ambiente Escuro 25C,7,3.96,1.042,-0.014,0.0,0.028,0.025,2,"cremeacao visivel na superficie, reversivel a agitacao",0,conforme padrao,True,caracteristico do produto,,False
ALV-2409-149,Alvejante Liquido sem Cloro,3,Ambiente Escuro 25C,15,3.88,1.048,-0.03,0.0,0.06,0.053,1,"homogeneo, leve turvacao em relacao ao padrao",0,conforme padrao,True,caracteristico,,False
ALV-2409-149,Alvejante Liquido sem Cloro,3,Ambiente Escuro 25C,30,3.96,1.044,-0.06,0.0,0.12,0.107,1,"homogeneo, leve turvacao em relacao ao padrao",0,conforme padrao,True,caracteristico do produto,,False
ALV-2409-149,Alvejante Liquido sem Cloro,3,Ambiente Escuro 25C,60,3.9,1.045,-0.12,0.0,0.24,0.213,1,"homogeneo, leve turvacao em relacao ao padrao",0,conforme padrao,True,caracteristico do produto,,False
ALV-2409-149,Alvejante Liquido sem Cloro,3,Ambiente Escuro 25C,90,3.79,1.043,-0.18,0.0,0.36,0.319,1,liquido homogeneo com leve pelicula na superficie,0,conforme padrao,True,caracteristico,,False
ALV-2409-149,Alvejante Liquido sem Cloro,3,Estufa 40C,7,3.97,1.043,-0.066,0.0,0.131,0.117,1,"homogeneo, leve turvacao em relacao ao padrao",0,conforme padrao,True,caracteristico,,False
ALV-2409-149,Alvejante Liquido sem Cloro,3,Estufa 40C,15,3.87,1.045,-0.141,0.0,0.282,0.249,1,"homogeneo, leve turvacao em relacao ao padrao",0,conforme padrao,True,caracteristico,,False
ALV-2409-149,Alvejante Liquido sem Cloro,3,Estufa 40C,30,3.75,1.045,-0.282,0.0,0.563,0.497,1,"homogeneo, leve turvacao em relacao ao padrao",0,conforme padrao,True,caracteristico,,False
ALV-2409-149,Alvejante Liquido sem Cloro,3,Estufa 40C,60,3.56,1.047,-0.563,0.0,1.126,0.984,2,"leve cremeacao na superficie, porem conforme",1,"levemente diferente do padrao, conforme",True,caracteristico,,False
ALV-2409-149,Alvejante Liquido sem Cloro,3,Estufa 40C,90,3.33,1.05,-0.845,0.0,1.689,1.463,2,"cremeacao visivel na superficie, reversivel a agitacao",1,"levemente diferente do padrao, conforme",True,caracteristico,pH fora de faixa,True
ALV-2409-149,Alvejante Liquido sem Cloro,3,Geladeira 5C,7,3.98,1.043,-0.001,0.0,0.003,0.002,1,liquido homogeneo com leve pelicula na superficie,0,conforme padrao,True,caracteristico do produto,,False
ALV-2409-149,Alvejante Liquido sem Cloro,3,Geladeira 5C,15,3.97,1.042,-0.003,0.0,0.006,0.005,1,liquido homogeneo com leve pelicula na superficie,0,conforme padrao,True,caracteristico do produto,,False
ALV-2409-149,Alvejante Liquido sem Cloro,3,Geladeira 5C,30,3.95,1.045,-0.006,0.0,0.012,0.01,2,"leve cremeacao na superficie, porem conforme",0,conforme padrao,True,caracteristico,,False
ALV-2409-149,Alvejante Liquido sem Cloro,3,Geladeira 5C,60,3.95,1.041,-0.012,0.0,0.024,0.021,1,"homogeneo, leve turvacao em relacao ao padrao",0,conforme padrao,True,caracteristico,,False
ALV-2409-149,Alvejante Liquido sem Cloro,3,Geladeira 5C,90,3.97,1.044,-0.018,0.0,0.035,0.031,1,"homogeneo, leve turvacao em relacao ao padrao",0,conforme padrao,True,caracteristico do produto,,False
ALV-2409-149,Alvejante Liquido sem Cloro,3,Luz Solar,7,3.95,1.044,-0.376,0.0,1.19,1.001,1,liquido homogeneo com leve pelicula na superficie,1,"levemente diferente do padrao, conforme",True,caracteristico,,False
ALV-2409-149,Alvejante Liquido sem Cloro,3,Luz Solar,15,3.94,1.046,-0.754,0.0,2.337,1.929,1,"homogeneo, leve turvacao em relacao ao padrao",2,perceptivelmente mais escura que o padrao,True,caracteristico,,False
ALV-2409-149,Alvejante Liquido sem Cloro,3,Luz Solar,30,3.95,1.048,-1.34,0.0,4.002,3.222,1,"homogeneo, leve turvacao em relacao ao padrao",3,amarelada em relacao ao padrao,True,caracteristico,,False
ALV-2409-149,Alvejante Liquido sem Cloro,3,Luz Solar,60,3.87,1.045,-2.16,0.0,6.066,4.746,1,liquido homogeneo com leve pelicula na superficie,3,amarelada em relacao ao padrao,True,caracteristico do produto,,False
ALV-2409-149,Alvejante Liquido sem Cloro,3,Luz Solar,90,3.66,1.044,-2.678,0.0,7.18,5.545,1,liquido homogeneo com leve pelicula na superficie,3,amarelada em relacao ao padrao,True,caracteristico do produto,,False
AMA-2409-150,Amaciante de Roupas (esterquat),3,Ambiente Escuro 25C,7,3.03,0.994,-0.02,0.0,0.039,0.034,1,"homogeneo, leve turvacao em relacao ao padrao",0,conforme padrao,True,caracteristico,,False
AMA-2409-150,Amaciante de Roupas (esterquat),3,Ambiente Escuro 25C,15,3.02,0.995,-0.042,0.0,0.084,0.073,1,liquido homogeneo com leve pelicula na superficie,0,conforme padrao,True,caracteristico,,False
AMA-2409-150,Amaciante de Roupas (esterquat),3,Ambiente Escuro 25C,30,3.0,0.993,-0.084,0.0,0.168,0.146,1,liquido homogeneo com leve pelicula na superficie,0,conforme padrao,True,caracteristico do produto,,False
AMA-2409-150,Amaciante de Roupas (esterquat),3,Ambiente Escuro 25C,60,2.93,0.995,-0.168,0.0,0.336,0.293,1,"homogeneo, leve turvacao em relacao ao padrao",0,conforme padrao,True,caracteristico,,False
AMA-2409-150,Amaciante de Roupas (esterquat),3,Ambiente Escuro 25C,90,2.89,0.992,-0.252,0.0,0.504,0.441,1,liquido homogeneo com leve pelicula na superficie,0,conforme padrao,True,caracteristico,,False
AMA-2409-150,Amaciante de Roupas (esterquat),3,Estufa 40C,7,2.95,0.991,-0.092,0.0,0.184,0.16,1,liquido homogeneo com leve pelicula na superficie,0,conforme padrao,True,caracteristico do produto,,False
AMA-2409-150,Amaciante de Roupas (esterquat),3,Estufa 40C,15,2.96,0.993,-0.197,0.0,0.394,0.344,1,"homogeneo, leve turvacao em relacao ao padrao",0,conforme padrao,False,"caracteristico, porem alterado",odor alterado,True
AMA-2409-150,Amaciante de Roupas (esterquat),3,Estufa 40C,30,2.89,0.995,-0.394,0.0,0.788,0.692,1,liquido homogeneo com leve pelicula na superficie,0,conforme padrao,True,caracteristico do produto,,False
AMA-2409-150,Amaciante de Roupas (esterquat),3,Estufa 40C,60,2.66,1.0,-0.788,0.0,1.577,1.395,1,"homogeneo, leve turvacao em relacao ao padrao",1,"levemente diferente do padrao, conforme",True,caracteristico,,False
AMA-2409-150,Amaciante de Roupas (esterquat),3,Estufa 40C,90,2.48,1.003,-1.182,0.0,2.365,2.107,1,"homogeneo, leve turvacao em relacao ao padrao",2,perceptivelmente mais escura que o padrao,True,caracteristico,pH fora de faixa,True
AMA-2409-150,Amaciante de Roupas (esterquat),3,Geladeira 5C,7,3.05,0.993,-0.002,0.0,0.004,0.003,1,liquido homogeneo com leve pelicula na superficie,0,conforme padrao,True,caracteristico,,False
AMA-2409-150,Amaciante de Roupas (esterquat),3,Geladeira 5C,15,3.08,0.993,-0.004,0.0,0.008,0.007,1,"homogeneo, leve turvacao em relacao ao padrao",0,conforme padrao,True,caracteristico,,False
AMA-2409-150,Amaciante de Roupas (esterquat),3,Geladeira 5C,30,3.02,0.991,-0.008,0.0,0.017,0.014,1,liquido homogeneo com leve pelicula na superficie,0,conforme padrao,True,caracteristico do produto,,False
AMA-2409-150,Amaciante de Roupas (esterquat),3,Geladeira 5C,60,3.03,0.993,-0.017,0.0,0.033,0.029,1,"homogeneo, leve turvacao em relacao ao padrao",0,conforme padrao,True,caracteristico,,False
AMA-2409-150,Amaciante de Roupas (esterquat),3,Geladeira 5C,90,3.04,0.993,-0.025,0.0,0.05,0.043,1,"homogeneo, leve turvacao em relacao ao padrao",0,conforme padrao,True,caracteristico do produto,,False
AMA-2409-150,Amaciante de Roupas (esterquat),3,Luz Solar,7,3.03,0.996,-0.226,0.0,0.693,0.585,1,"homogeneo, leve turvacao em relacao ao padrao",0,conforme padrao,True,caracteristico,,False
AMA-2409-150,Amaciante de Roupas (esterquat),3,Luz Solar,15,3.03,0.993,-0.457,0.0,1.368,1.165,0,"liquido homogeneo, limpido",1,"levemente diferente do padrao, conforme",True,caracteristico,,False
AMA-2409-150,Amaciante de Roupas (esterquat),3,Luz Solar,30,3.03,0.993,-0.822,0.0,2.369,2.041,0,"liquido homogeneo, sem alteracao",2,perceptivelmente mais escura que o padrao,True,caracteristico do produto,,False
AMA-2409-150,Amaciante de Roupas (esterquat),3,Luz Solar,60,2.94,0.994,-1.359,0.0,3.674,3.212,0,"liquido homogeneo, levemente opalescente",3,amarelada em relacao ao padrao,True,caracteristico do produto,,False
AMA-2409-150,Amaciante de Roupas (esterquat),3,Luz Solar,90,2.83,0.994,-1.73,0.0,4.46,3.93,1,liquido homogeneo com leve pelicula na superficie,3,amarelada em relacao ao padrao,True,caracteristico do produto,,False
ALV-2409-151,Alvejante Liquido sem Cloro,3,Ambiente Escuro 25C,7,4.07,1.052,-0.014,0.0,0.028,0.026,2,"leve cremeacao na superficie, porem conforme",0,conforme padrao,True,caracteristico,,False
ALV-2409-151,Alvejante Liquido sem Cloro,3,Ambiente Escuro 25C,15,4.09,1.052,-0.03,0.0,0.06,0.055,2,"leve cremeacao na superficie, porem conforme",0,conforme padrao,True,caracteristico,,False
ALV-2409-151,Alvejante Liquido sem Cloro,3,Ambiente Escuro 25C,30,4.11,1.053,-0.06,0.0,0.12,0.11,2,"cremeacao visivel na superficie, reversivel a agitacao",0,conforme padrao,True,caracteristico,,False
ALV-2409-151,Alvejante Liquido sem Cloro,3,Ambiente Escuro 25C,60,4.01,1.051,-0.12,0.0,0.24,0.22,2,"cremeacao visivel na superficie, reversivel a agitacao",0,conforme padrao,True,caracteristico,,False
ALV-2409-151,Alvejante Liquido sem Cloro,3,Ambiente Escuro 25C,90,3.95,1.052,-0.18,0.0,0.36,0.329,2,"leve cremeacao na superficie, porem conforme",0,conforme padrao,True,caracteristico do produto,,False
ALV-2409-151,Alvejante Liquido sem Cloro,3,Estufa 40C,7,4.08,1.052,-0.066,0.0,0.131,0.121,2,"cremeacao visivel na superficie, reversivel a agitacao",0,conforme padrao,True,caracteristico do produto,,False
ALV-2409-151,Alvejante Liquido sem Cloro,3,Estufa 40C,15,4.01,1.054,-0.141,0.0,0.282,0.258,2,"cremeacao visivel na superficie, reversivel a agitacao",0,conforme padrao,True,caracteristico,,False
ALV-2409-151,Alvejante Liquido sem Cloro,3,Estufa 40C,30,3.84,1.054,-0.282,0.0,0.563,0.513,2,"cremeacao visivel na superficie, reversivel a agitacao",0,conforme padrao,True,caracteristico do produto,,False
ALV-2409-151,Alvejante Liquido sem Cloro,3,Estufa 40C,60,3.65,1.059,-0.563,0.0,1.126,1.016,3,"separacao parcial de fase, camada superior definida",1,"levemente diferente do padrao, conforme",True,caracteristico do produto,aspecto nao conforme,True
ALV-2409-151,Alvejante Liquido sem Cloro,3,Estufa 40C,90,3.34,1.059,-0.845,0.0,1.689,1.51,4,separacao franca de fases; coalescencia evidente,1,"levemente diferente do padrao, conforme",True,caracteristico do produto,pH fora de faixa; aspecto nao conforme,True
ALV-2409-151,Alvejante Liquido sem Cloro,3,Geladeira 5C,7,4.11,1.053,-0.001,0.0,0.003,0.003,2,"leve cremeacao na superficie, porem conforme",0,conforme padrao,True,caracteristico do produto,,False
ALV-2409-151,Alvejante Liquido sem Cloro,3,Geladeira 5C,15,4.15,1.051,-0.003,0.0,0.006,0.005,3,"separacao parcial de fase, camada superior definida",0,conforme padrao,False,"alterado, notas rancosas",aspecto nao conforme; odor alterado,True
ALV-2409-151,Alvejante Liquido sem Cloro,3,Geladeira 5C,30,4.11,1.054,-0.006,0.0,0.012,0.011,2,"cremeacao visivel na superficie, reversivel a agitacao",0,conforme padrao,True,caracteristico do produto,,False
ALV-2409-151,Alvejante Liquido sem Cloro,3,Geladeira 5C,60,4.08,1.055,-0.012,0.0,0.024,0.022,2,"leve cremeacao na superficie, porem conforme",0,conforme padrao,True,caracteristico,,False
ALV-2409-151,Alvejante Liquido sem Cloro,3,Geladeira 5C,90,4.13,1.053,-0.018,0.0,0.035,0.032,1,liquido homogeneo com leve pelicula na superficie,0,conforme padrao,True,caracteristico,,False
ALV-2409-151,Alvejante Liquido sem Cloro,3,Luz Solar,7,4.17,1.054,-0.376,0.0,1.19,1.034,2,"cremeacao visivel na superficie, reversivel a agitacao",1,"levemente diferente do padrao, conforme",True,caracteristico,,False
ALV-2409-151,Alvejante Liquido sem Cloro,3,Luz Solar,15,4.05,1.052,-0.754,0.0,2.337,1.993,2,"cremeacao visivel na superficie, reversivel a agitacao",2,perceptivelmente mais escura que o padrao,True,caracteristico do produto,,False
ALV-2409-151,Alvejante Liquido sem Cloro,3,Luz Solar,30,3.99,1.055,-1.34,0.0,4.002,3.323,2,"leve cremeacao na superficie, porem conforme",3,amarelada em relacao ao padrao,True,caracteristico do produto,,False
ALV-2409-151,Alvejante Liquido sem Cloro,3,Luz Solar,60,3.98,1.055,-2.16,0.0,6.066,4.89,3,sedimento no fundo nao reincorporavel,3,amarelada em relacao ao padrao,True,caracteristico do produto,aspecto nao conforme,True
ALV-2409-151,Alvejante Liquido sem Cloro,3,Luz Solar,90,3.88,1.058,-2.678,0.0,7.18,5.708,3,sedimento no fundo nao reincorporavel,3,amarelada em relacao ao padrao,True,caracteristico do produto,aspecto nao conforme,True
AMA-2410-152,Amaciante de Roupas (esterquat),3,Ambiente Escuro 25C,7,3.22,0.996,-0.02,0.0,0.039,0.035,1,liquido homogeneo com leve pelicula na superficie,0,conforme padrao,False,"caracteristico, porem alterado",odor alterado,True
AMA-2410-152,Amaciante de Roupas (esterquat),3,Ambiente Escuro 25C,15,3.17,0.998,-0.042,0.0,0.084,0.074,1,liquido homogeneo com leve pelicula na superficie,0,conforme padrao,True,caracteristico,,False
AMA-2410-152,Amaciante de Roupas (esterquat),3,Ambiente Escuro 25C,30,3.19,0.997,-0.084,0.0,0.168,0.149,1,liquido homogeneo com leve pelicula na superficie,0,conforme padrao,True,caracteristico do produto,,False
AMA-2410-152,Amaciante de Roupas (esterquat),3,Ambiente Escuro 25C,60,3.14,0.994,-0.168,0.0,0.336,0.299,1,"homogeneo, leve turvacao em relacao ao padrao",0,conforme padrao,True,caracteristico,,False
AMA-2410-152,Amaciante de Roupas (esterquat),3,Ambiente Escuro 25C,90,3.13,0.999,-0.252,0.0,0.504,0.449,0,"liquido homogeneo, levemente opalescente",0,conforme padrao,True,caracteristico do produto,,False
AMA-2410-152,Amaciante de Roupas (esterquat),3,Estufa 40C,7,3.17,0.994,-0.092,0.0,0.184,0.163,1,"homogeneo, leve turvacao em relacao ao padrao",0,conforme padrao,True,caracteristico,,False
AMA-2410-152,Amaciante de Roupas (esterquat),3,Estufa 40C,15,3.14,0.997,-0.197,0.0,0.394,0.35,1,"homogeneo, leve turvacao em relacao ao padrao",0,conforme padrao,True,caracteristico do produto,,False
AMA-2410-152,Amaciante de Roupas (esterquat),3,Estufa 40C,30,3.05,0.996,-0.394,0.0,0.788,0.705,1,liquido homogeneo com leve pelicula na superficie,0,conforme padrao,True,caracteristico,,False
AMA-2410-152,Amaciante de Roupas (esterquat),3,Estufa 40C,60,2.84,0.999,-0.788,0.0,1.577,1.423,0,"liquido homogeneo, sem alteracao",1,"levemente diferente do padrao, conforme",True,caracteristico,,False
AMA-2410-152,Amaciante de Roupas (esterquat),3,Estufa 40C,90,2.76,1.004,-1.182,0.0,2.365,2.154,1,"homogeneo, leve turvacao em relacao ao padrao",2,perceptivelmente mais escura que o padrao,True,caracteristico do produto,,False
AMA-2410-152,Amaciante de Roupas (esterquat),3,Geladeira 5C,7,3.25,0.996,-0.002,0.0,0.004,0.003,1,liquido homogeneo com leve pelicula na superficie,0,conforme padrao,True,caracteristico,,False
AMA-2410-152,Amaciante de Roupas (esterquat),3,Geladeira 5C,15,3.21,0.994,-0.004,0.0,0.008,0.007,0,"liquido homogeneo, sem alteracao",0,conforme padrao,True,caracteristico,,False
AMA-2410-152,Amaciante de Roupas (esterquat),3,Geladeira 5C,30,3.16,0.996,-0.008,0.0,0.017,0.015,1,liquido homogeneo com leve pelicula na superficie,0,conforme padrao,True,caracteristico do produto,,False
AMA-2410-152,Amaciante de Roupas (esterquat),3,Geladeira 5C,60,3.19,0.995,-0.017,0.0,0.033,0.029,1,liquido homogeneo com leve pelicula na superficie,0,conforme padrao,True,caracteristico,,False
AMA-2410-152,Amaciante de Roupas (esterquat),3,Geladeira 5C,90,3.24,0.998,-0.025,0.0,0.05,0.044,1,"homogeneo, leve turvacao em relacao ao padrao",0,conforme padrao,True,caracteristico do produto,,False
AMA-2410-152,Amaciante de Roupas (esterquat),3,Luz Solar,7,3.16,0.997,-0.226,0.0,0.693,0.596,1,"homogeneo, leve turvacao em relacao ao padrao",0,conforme padrao,True,caracteristico,,False
AMA-2410-152,Amaciante de Roupas (esterquat),3,Luz Solar,15,3.2,0.997,-0.457,0.0,1.368,1.189,1,liquido homogeneo com leve pelicula na superficie,1,"levemente diferente do padrao, conforme",True,caracteristico,,False
AMA-2410-152,Amaciante de Roupas (esterquat),3,Luz Solar,30,3.09,0.997,-0.822,0.0,2.369,2.087,0,"liquido homogeneo, limpido",2,perceptivelmente mais escura que o padrao,True,caracteristico,,False
AMA-2410-152,Amaciante de Roupas (esterquat),3,Luz Solar,60,3.1,0.997,-1.359,0.0,3.674,3.292,1,"homogeneo, leve turvacao em relacao ao padrao",3,amarelada em relacao ao padrao,True,caracteristico do produto,,False
AMA-2410-152,Amaciante de Roupas (esterquat),3,Luz Solar,90,3.02,1.0,-1.73,0.0,4.46,4.03,1,liquido homogeneo com leve pelicula na superficie,3,amarelada em relacao ao padrao,True,caracteristico,,False
DES-2410-154,Desinfetante Quaternario Concentrado,3,Ambiente Escuro 25C,7,7.24,1.012,-0.015,0.0,0.031,0.017,2,"leve cremeacao na superficie, porem conforme",0,conforme padrao,True,caracteristico,,False
DES-2410-154,Desinfetante Quaternario Concentrado,3,Ambiente Escuro 25C,15,7.18,1.012,-0.033,0.0,0.066,0.036,1,liquido homogeneo com leve pelicula na superficie,0,conforme padrao,True,caracteristico,,False
DES-2410-154,Desinfetante Quaternario Concentrado,3,Ambiente Escuro 25C,30,7.19,1.01,-0.066,0.0,0.132,0.073,1,liquido homogeneo com leve pelicula na superficie,0,conforme padrao,True,caracteristico do produto,,False
DES-2410-154,Desinfetante Quaternario Concentrado,3,Ambiente Escuro 25C,60,7.19,1.012,-0.132,0.0,0.264,0.146,1,"homogeneo, leve turvacao em relacao ao padrao",0,conforme padrao,True,caracteristico,,False
DES-2410-154,Desinfetante Quaternario Concentrado,3,Ambiente Escuro 25C,90,7.14,1.014,-0.198,0.0,0.396,0.219,2,"cremeacao visivel na superficie, reversivel a agitacao",0,conforme padrao,True,caracteristico do produto,,False
DES-2410-154,Desinfetante Quaternario Concentrado,3,Estufa 40C,7,7.24,1.013,-0.072,0.0,0.145,0.08,1,"homogeneo, leve turvacao em relacao ao padrao",0,conforme padrao,True,caracteristico do produto,,False
DES-2410-154,Desinfetante Quaternario Concentrado,3,Estufa 40C,15,7.23,1.01,-0.155,0.0,0.31,0.171,1,liquido homogeneo com leve pelicula na superficie,0,conforme padrao,False,"caracteristico, porem alterado",odor alterado,True
DES-2410-154,Desinfetante Quaternario Concentrado,3,Estufa 40C,30,7.12,1.014,-0.31,0.0,0.619,0.343,1,"homogeneo, leve turvacao em relacao ao padrao",0,conforme padrao,True,caracteristico do produto,,False
DES-2410-154,Desinfetante Quaternario Concentrado,3,Estufa 40C,60,7.03,1.011,-0.619,0.0,1.239,0.691,1,"homogeneo, leve turvacao em relacao ao padrao",0,conforme padrao,True,caracteristico do produto,,False
DES-2410-154,Desinfetante Quaternario Concentrado,3,Estufa 40C,90,6.92,1.015,-0.929,0.0,1.858,1.042,1,liquido homogeneo com leve pelicula na superficie,1,"levemente diferente do padrao, conforme",True,caracteristico do produto,,False
DES-2410-154,Desinfetante Quaternario Concentrado,3,Geladeira 5C,7,7.28,1.012,-0.002,0.0,0.003,0.002,1,liquido homogeneo com leve pelicula na superficie,0,conforme padrao,True,caracteristico do produto,,False
DES-2410-154,Desinfetante Quaternario Concentrado,3,Geladeira 5C,15,7.29,1.009,-0.003,0.0,0.006,0.004,1,liquido homogeneo com leve pelicula na superficie,0,conforme padrao,True,caracteristico,,False
DES-2410-154,Desinfetante Quaternario Concentrado,3,Geladeira 5C,30,7.21,1.01,-0.006,0.0,0.013,0.007,1,"homogeneo, leve turvacao em relacao ao padrao",0,conforme padrao,True,caracteristico do produto,,False
DES-2410-154,Desinfetante Quaternario Concentrado,3,Geladeira 5C,60,7.24,1.01,-0.013,0.0,0.026,0.014,1,"homogeneo, leve turvacao em relacao ao padrao",0,conforme padrao,True,caracteristico,,False
DES-2410-154,Desinfetante Quaternario Concentrado,3,Geladeira 5C,90,7.19,1.012,-0.019,0.0,0.039,0.021,1,liquido homogeneo com leve pelicula na superficie,0,conforme padrao,True,caracteristico,,False
DES-2410-154,Desinfetante Quaternario Concentrado,3,Luz Solar,7,7.22,1.011,-0.344,0.0,1.084,0.5,1,"homogeneo, leve turvacao em relacao ao padrao",0,conforme padrao,True,caracteristico,,False
DES-2410-154,Desinfetante Quaternario Concentrado,3,Luz Solar,15,7.24,1.012,-0.691,0.0,2.131,1.002,1,liquido homogeneo com leve pelicula na superficie,1,"levemente diferente do padrao, conforme",True,caracteristico,,False
DES-2410-154,Desinfetante Quaternario Concentrado,3,Luz Solar,30,7.17,1.012,-1.231,0.0,3.655,1.773,2,"leve cremeacao na superficie, porem conforme",2,perceptivelmente mais escura que o padrao,True,caracteristico do produto,,False
DES-2410-154,Desinfetante Quaternario Concentrado,3,Luz Solar,60,7.16,1.009,-1.991,0.0,5.559,2.82,1,"homogeneo, leve turvacao em relacao ao padrao",2,perceptivelmente mais escura que o padrao,True,caracteristico,,False
DES-2410-154,Desinfetante Quaternario Concentrado,3,Luz Solar,90,7.07,1.013,-2.479,0.0,6.606,3.453,1,"homogeneo, leve turvacao em relacao ao padrao",3,amarelada em relacao ao padrao,True,caracteristico do produto,,False
DLR-2410-155,Detergente Liquido para Roupas,3,Ambiente Escuro 25C,7,9.48,1.023,-0.018,0.0,0.036,0.03,0,"liquido homogeneo, sem alteracao",0,conforme padrao,True,caracteristico,,False
DLR-2410-155,Detergente Liquido para Roupas,3,Ambiente Escuro 25C,15,9.45,1.021,-0.039,0.0,0.078,0.065,0,"liquido homogeneo, sem alteracao",0,conforme padrao,True,caracteristico,,False
DLR-2410-155,Detergente Liquido para Roupas,3,Ambiente Escuro 25C,30,9.45,1.022,-0.078,0.0,0.156,0.13,0,"liquido homogeneo, sem alteracao",0,conforme padrao,True,caracteristico do produto,,False
DLR-2410-155,Detergente Liquido para Roupas,3,Ambiente Escuro 25C,60,9.47,1.023,-0.156,0.0,0.312,0.26,0,"liquido homogeneo, sem alteracao",0,conforme padrao,True,caracteristico,,False
DLR-2410-155,Detergente Liquido para Roupas,3,Ambiente Escuro 25C,90,9.37,1.023,-0.234,0.0,0.468,0.391,0,"liquido homogeneo, sem alteracao",0,conforme padrao,True,caracteristico,,False
DLR-2410-155,Detergente Liquido para Roupas,3,Estufa 40C,7,9.47,1.026,-0.085,0.0,0.171,0.143,0,"liquido homogeneo, levemente opalescente",0,conforme padrao,True,caracteristico,,False
DLR-2410-155,Detergente Liquido para Roupas,3,Estufa 40C,15,9.44,1.023,-0.183,0.0,0.366,0.305,0,"liquido homogeneo, levemente opalescente",0,conforme padrao,True,caracteristico,,False
DLR-2410-155,Detergente Liquido para Roupas,3,Estufa 40C,30,9.38,1.025,-0.366,0.0,0.732,0.611,0,"liquido homogeneo, levemente opalescente",0,conforme padrao,True,caracteristico,,False
DLR-2410-155,Detergente Liquido para Roupas,3,Estufa 40C,60,9.32,1.029,-0.732,0.0,1.464,1.221,0,"liquido homogeneo, sem alteracao",1,"levemente diferente do padrao, conforme",True,caracteristico,,False
DLR-2410-155,Detergente Liquido para Roupas,3,Estufa 40C,90,9.23,1.026,-1.098,0.0,2.196,1.831,0,"liquido homogeneo, levemente opalescente",2,perceptivelmente mais escura que o padrao,True,caracteristico,,False
DLR-2410-155,Detergente Liquido para Roupas,3,Geladeira 5C,7,9.43,1.021,-0.002,0.0,0.004,0.003,0,"liquido homogeneo, sem alteracao",0,conforme padrao,True,caracteristico,,False
DLR-2410-155,Detergente Liquido para Roupas,3,Geladeira 5C,15,9.43,1.023,-0.004,0.0,0.008,0.006,0,"liquido homogeneo, limpido",0,conforme padrao,True,caracteristico,,False
DLR-2410-155,Detergente Liquido para Roupas,3,Geladeira 5C,30,9.47,1.022,-0.008,0.0,0.015,0.013,0,"liquido homogeneo, limpido",0,conforme padrao,True,caracteristico do produto,,False
DLR-2410-155,Detergente Liquido para Roupas,3,Geladeira 5C,60,9.48,1.022,-0.015,0.0,0.031,0.026,0,"liquido homogeneo, levemente opalescente",0,conforme padrao,True,caracteristico do produto,,False
DLR-2410-155,Detergente Liquido para Roupas,3,Geladeira 5C,90,9.42,1.023,-0.023,0.0,0.046,0.038,0,"liquido homogeneo, sem alteracao",0,conforme padrao,True,caracteristico,,False
DLR-2410-155,Detergente Liquido para Roupas,3,Luz Solar,7,9.49,1.026,-0.281,0.0,0.873,0.692,0,"liquido homogeneo, limpido",0,conforme padrao,True,caracteristico,,False
DLR-2410-155,Detergente Liquido para Roupas,3,Luz Solar,15,9.48,1.022,-0.565,0.0,1.719,1.364,0,"liquido homogeneo, sem alteracao",1,"levemente diferente do padrao, conforme",True,caracteristico,,False
DLR-2410-155,Detergente Liquido para Roupas,3,Luz Solar,30,9.44,1.026,-1.012,0.0,2.961,2.353,0,"liquido homogeneo, levemente opalescente",2,perceptivelmente mais escura que o padrao,True,caracteristico,,False
DLR-2410-155,Detergente Liquido para Roupas,3,Luz Solar,60,9.44,1.025,-1.654,0.0,4.546,3.619,0,"liquido homogeneo, levemente opalescente",3,amarelada em relacao ao padrao,True,caracteristico,,False
DLR-2410-155,Detergente Liquido para Roupas,3,Luz Solar,90,9.38,1.027,-2.082,0.0,5.457,4.354,0,"liquido homogeneo, limpido",3,amarelada em relacao ao padrao,True,caracteristico do produto,,False
LMU-2410-156,Limpador Multiuso Alcalino,3,Ambiente Escuro 25C,7,10.48,1.017,-0.021,0.0,0.042,0.03,1,"homogeneo, leve turvacao em relacao ao padrao",0,conforme padrao,True,caracteristico do produto,,False
LMU-2410-156,Limpador Multiuso Alcalino,3,Ambiente Escuro 25C,15,10.4,1.014,-0.045,0.0,0.09,0.064,1,"homogeneo, leve turvacao em relacao ao padrao",0,conforme padrao,True,caracteristico do produto,,False
LMU-2410-156,Limpador Multiuso Alcalino,3,Ambiente Escuro 25C,30,10.43,1.019,-0.09,0.0,0.18,0.128,1,"homogeneo, leve turvacao em relacao ao padrao",0,conforme padrao,True,caracteristico,,False
LMU-2410-156,Limpador Multiuso Alcalino,3,Ambiente Escuro 25C,60,10.36,1.018,-0.18,0.0,0.36,0.256,1,"homogeneo, leve turvacao em relacao ao padrao",0,conforme padrao,True,caracteristico,,False
LMU-2410-156,Limpador Multiuso Alcalino,3,Ambiente Escuro 25C,90,10.35,1.014,-0.27,0.0,0.54,0.383,1,"homogeneo, leve turvacao em relacao ao padrao",0,conforme padrao,False,"alterado, notas rancosas",odor alterado,True
LMU-2410-156,Limpador Multiuso Alcalino,3,Estufa 40C,7,10.37,1.017,-0.099,0.0,0.197,0.14,1,liquido homogeneo com leve pelicula na superficie,0,conforme padrao,True,caracteristico do produto,,False
LMU-2410-156,Limpador Multiuso Alcalino,3,Estufa 40C,15,10.41,1.018,-0.211,0.0,0.422,0.3,1,liquido homogeneo com leve pelicula na superficie,0,conforme padrao,True,caracteristico,,False
LMU-2410-156,Limpador Multiuso Alcalino,3,Estufa 40C,30,10.31,1.019,-0.422,0.0,0.845,0.599,1,"homogeneo, leve turvacao em relacao ao padrao",0,conforme padrao,True,caracteristico,,False
LMU-2410-156,Limpador Multiuso Alcalino,3,Estufa 40C,60,10.07,1.018,-0.845,0.0,1.689,1.193,1,"homogeneo, leve turvacao em relacao ao padrao",1,"levemente diferente do padrao, conforme",True,caracteristico do produto,,False
LMU-2410-156,Limpador Multiuso Alcalino,3,Estufa 40C,90,9.94,1.022,-1.267,0.0,2.534,1.782,1,liquido homogeneo com leve pelicula na superficie,2,perceptivelmente mais escura que o padrao,True,caracteristico do produto,,False
LMU-2410-156,Limpador Multiuso Alcalino,3,Geladeira 5C,7,10.43,1.015,-0.002,0.0,0.004,0.003,1,"homogeneo, leve turvacao em relacao ao padrao",0,conforme padrao,True,caracteristico do produto,,False
LMU-2410-156,Limpador Multiuso Alcalino,3,Geladeira 5C,15,10.46,1.017,-0.004,0.0,0.009,0.006,0,"liquido homogeneo, sem alteracao",0,conforme padrao,True,caracteristico,,False
LMU-2410-156,Limpador Multiuso Alcalino,3,Geladeira 5C,30,10.41,1.016,-0.009,0.0,0.018,0.013,1,"homogeneo, leve turvacao em relacao ao padrao",0,conforme padrao,True,caracteristico,,False
LMU-2410-156,Limpador Multiuso Alcalino,3,Geladeira 5C,60,10.5,1.016,-0.018,0.0,0.035,0.025,0,"liquido homogeneo, sem alteracao",0,conforme padrao,True,caracteristico,,False
LMU-2410-156,Limpador Multiuso Alcalino,3,Geladeira 5C,90,10.42,1.019,-0.027,0.0,0.053,0.038,2,"cremeacao visivel na superficie, reversivel a agitacao",0,conforme padrao,True,caracteristico do produto,,False
LMU-2410-156,Limpador Multiuso Alcalino,3,Luz Solar,7,10.43,1.016,-0.32,0.0,0.993,0.642,1,"homogeneo, leve turvacao em relacao ao padrao",0,conforme padrao,True,caracteristico,,False
LMU-2410-156,Limpador Multiuso Alcalino,3,Luz Solar,15,10.44,1.016,-0.644,0.0,1.955,1.26,1,liquido homogeneo com leve pelicula na superficie,1,"levemente diferente do padrao, conforme",True,caracteristico,,False
LMU-2410-156,Limpador Multiuso Alcalino,3,Luz Solar,30,10.37,1.016,-1.152,0.0,3.369,2.164,1,liquido homogeneo com leve pelicula na superficie,2,perceptivelmente mais escura que o padrao,True,caracteristico do produto,,False
LMU-2410-156,Limpador Multiuso Alcalino,3,Luz Solar,60,10.36,1.018,-1.884,0.0,5.175,3.324,1,liquido homogeneo com leve pelicula na superficie,3,amarelada em relacao ao padrao,True,caracteristico do produto,,False
LMU-2410-156,Limpador Multiuso Alcalino,3,Luz Solar,90,10.27,1.019,-2.372,0.0,6.216,4.005,1,"homogeneo, leve turvacao em relacao ao padrao",3,amarelada em relacao ao padrao,True,caracteristico do produto,,False
ALV-2410-158,Alvejante Liquido sem Cloro,3,Ambiente Escuro 25C,7,4.75,1.055,-0.014,0.0,0.028,0.025,1,"homogeneo, leve turvacao em relacao ao padrao",0,conforme padrao,True,caracteristico,,False
ALV-2410-158,Alvejante Liquido sem Cloro,3,Ambiente Escuro 25C,15,4.73,1.052,-0.03,0.0,0.06,0.054,1,"homogeneo, leve turvacao em relacao ao padrao",0,conforme padrao,True,caracteristico do produto,,False
ALV-2410-158,Alvejante Liquido sem Cloro,3,Ambiente Escuro 25C,30,4.75,1.055,-0.06,0.0,0.12,0.108,2,"cremeacao visivel na superficie, reversivel a agitacao",0,conforme padrao,True,caracteristico,,False
ALV-2410-158,Alvejante Liquido sem Cloro,3,Ambiente Escuro 25C,60,4.69,1.052,-0.12,0.0,0.24,0.215,2,"leve cremeacao na superficie, porem conforme",0,conforme padrao,True,caracteristico do produto,,False
ALV-2410-158,Alvejante Liquido sem Cloro,3,Ambiente Escuro 25C,90,4.61,1.054,-0.18,0.0,0.36,0.322,2,"leve cremeacao na superficie, porem conforme",0,conforme padrao,True,caracteristico do produto,,False
ALV-2410-158,Alvejante Liquido sem Cloro,3,Estufa 40C,7,4.74,1.052,-0.066,0.0,0.131,0.118,2,"cremeacao visivel na superficie, reversivel a agitacao",0,conforme padrao,True,caracteristico do produto,,False
ALV-2410-158,Alvejante Liquido sem Cloro,3,Estufa 40C,15,4.71,1.052,-0.141,0.0,0.282,0.252,1,liquido homogeneo com leve pelicula na superficie,0,conforme padrao,True,caracteristico,,False
ALV-2410-158,Alvejante Liquido sem Cloro,3,Estufa 40C,30,4.58,1.056,-0.282,0.0,0.563,0.501,1,liquido homogeneo com leve pelicula na superficie,0,conforme padrao,True,caracteristico do produto,,False
ALV-2410-158,Alvejante Liquido sem Cloro,3,Estufa 40C,60,4.34,1.059,-0.563,0.0,1.126,0.993,3,"separacao parcial de fase, camada superior definida",1,"levemente diferente do padrao, conforme",True,caracteristico,aspecto nao conforme,True
ALV-2410-158,Alvejante Liquido sem Cloro,3,Estufa 40C,90,4.05,1.063,-0.845,0.0,1.689,1.476,3,sedimento no fundo nao reincorporavel,1,"levemente diferente do padrao, conforme",True,caracteristico do produto,densidade fora de faixa; aspecto nao conforme,True
ALV-2410-158,Alvejante Liquido sem Cloro,3,Geladeira 5C,7,4.75,1.054,-0.001,0.0,0.003,0.002,2,"cremeacao visivel na superficie, reversivel a agitacao",0,conforme padrao,True,caracteristico,,False
ALV-2410-158,Alvejante Liquido sem Cloro,3,Geladeira 5C,15,4.77,1.053,-0.003,0.0,0.006,0.005,2,"leve cremeacao na superficie, porem conforme",0,conforme padrao,True,caracteristico,,False
ALV-2410-158,Alvejante Liquido sem Cloro,3,Geladeira 5C,30,4.77,1.052,-0.006,0.0,0.012,0.011,2,"cremeacao visivel na superficie, reversivel a agitacao",0,conforme padrao,True,caracteristico do produto,,False
ALV-2410-158,Alvejante Liquido sem Cloro,3,Geladeira 5C,60,4.71,1.05,-0.012,0.0,0.024,0.021,2,"leve cremeacao na superficie, porem conforme",0,conforme padrao,True,caracteristico do produto,,False
ALV-2410-158,Alvejante Liquido sem Cloro,3,Geladeira 5C,90,4.78,1.053,-0.018,0.0,0.035,0.032,2,"leve cremeacao na superficie, porem conforme",0,conforme padrao,True,caracteristico do produto,,False
ALV-2410-158,Alvejante Liquido sem Cloro,3,Luz Solar,7,4.79,1.051,-0.376,0.0,1.19,1.011,2,"leve cremeacao na superficie, porem conforme",1,"levemente diferente do padrao, conforme",True,caracteristico,,False
ALV-2410-158,Alvejante Liquido sem Cloro,3,Luz Solar,15,4.69,1.053,-0.754,0.0,2.337,1.948,2,"leve cremeacao na superficie, porem conforme",2,perceptivelmente mais escura que o padrao,True,caracteristico,,False
ALV-2410-158,Alvejante Liquido sem Cloro,3,Luz Solar,30,4.72,1.054,-1.34,0.0,4.002,3.251,2,"cremeacao visivel na superficie, reversivel a agitacao",3,amarelada em relacao ao padrao,True,caracteristico do produto,,False
ALV-2410-158,Alvejante Liquido sem Cloro,3,Luz Solar,60,4.63,1.055,-2.16,0.0,6.066,4.787,2,"cremeacao visivel na superficie, reversivel a agitacao",3,amarelada em relacao ao padrao,True,caracteristico,,False
ALV-2410-158,Alvejante Liquido sem Cloro,3,Luz Solar,90,4.56,1.059,-2.678,0.0,7.18,5.591,2,"cremeacao visivel na superficie, reversivel a agitacao",3,amarelada em relacao ao padrao,True,caracteristico,,False
DES-2410-161,Desinfetante Quaternario Concentrado,3,Ambiente Escuro 25C,7,6.58,1.012,-0.015,0.0,0.031,0.017,1,liquido homogeneo com leve pelicula na superficie,0,conforme padrao,True,caracteristico,,False
DES-2410-161,Desinfetante Quaternario Concentrado,3,Ambiente Escuro 25C,15,6.61,1.012,-0.033,0.0,0.066,0.037,1,liquido homogeneo com leve pelicula na superficie,0,conforme padrao,True,caracteristico do produto,,False
DES-2410-161,Desinfetante Quaternario Concentrado,3,Ambiente Escuro 25C,30,6.57,1.012,-0.066,0.0,0.132,0.074,1,liquido homogeneo com leve pelicula na superficie,0,conforme padrao,True,caracteristico do produto,,False
DES-2410-161,Desinfetante Quaternario Concentrado,3,Ambiente Escuro 25C,60,6.54,1.01,-0.132,0.0,0.264,0.148,2,"cremeacao visivel na superficie, reversivel a agitacao",0,conforme padrao,True,caracteristico do produto,,False
DES-2410-161,Desinfetante Quaternario Concentrado,3,Ambiente Escuro 25C,90,6.54,1.011,-0.198,0.0,0.396,0.222,2,"cremeacao visivel na superficie, reversivel a agitacao",0,conforme padrao,True,caracteristico do produto,,False
DES-2410-161,Desinfetante Quaternario Concentrado,3,Estufa 40C,7,6.59,1.011,-0.072,0.0,0.145,0.081,1,liquido homogeneo com leve pelicula na superficie,0,conforme padrao,True,caracteristico do produto,,False
DES-2410-161,Desinfetante Quaternario Concentrado,3,Estufa 40C,15,6.52,1.013,-0.155,0.0,0.31,0.174,2,"leve cremeacao na superficie, porem conforme",0,conforme padrao,True,caracteristico,,False
DES-2410-161,Desinfetante Quaternario Concentrado,3,Estufa 40C,30,6.44,1.014,-0.31,0.0,0.619,0.348,2,"cremeacao visivel na superficie, reversivel a agitacao",0,conforme padrao,True,caracteristico do produto,,False
DES-2410-161,Desinfetante Quaternario Concentrado,3,Estufa 40C,60,6.39,1.015,-0.619,0.0,1.239,0.7,2,"cremeacao visivel na superficie, reversivel a agitacao",0,conforme padrao,True,caracteristico,,False
DES-2410-161,Desinfetante Quaternario Concentrado,3,Estufa 40C,90,6.2,1.018,-0.929,0.0,1.858,1.056,3,"separacao parcial de fase, camada superior definida",1,"levemente diferente do padrao, conforme",True,caracteristico,aspecto nao conforme,True
DES-2410-161,Desinfetante Quaternario Concentrado,3,Geladeira 5C,7,6.58,1.009,-0.002,0.0,0.003,0.002,2,"cremeacao visivel na superficie, reversivel a agitacao",0,conforme padrao,True,caracteristico,,False
DES-2410-161,Desinfetante Quaternario Concentrado,3,Geladeira 5C,15,6.56,1.008,-0.003,0.0,0.006,0.004,1,liquido homogeneo com leve pelicula na superficie,0,conforme padrao,True,caracteristico,,False
DES-2410-161,Desinfetante Quaternario Concentrado,3,Geladeira 5C,30,6.54,1.012,-0.006,0.0,0.013,0.007,2,"leve cremeacao na superficie, porem conforme",0,conforme padrao,True,caracteristico,,False
DES-2410-161,Desinfetante Quaternario Concentrado,3,Geladeira 5C,60,6.56,1.011,-0.013,0.0,0.026,0.015,2,"cremeacao visivel na superficie, reversivel a agitacao",0,conforme padrao,True,caracteristico,,False
DES-2410-161,Desinfetante Quaternario Concentrado,3,Geladeira 5C,90,6.59,1.01,-0.019,0.0,0.039,0.022,1,"homogeneo, leve turvacao em relacao ao padrao",0,conforme padrao,True,caracteristico do produto,,False
DES-2410-161,Desinfetante Quaternario Concentrado,3,Luz Solar,7,6.55,1.011,-0.344,0.0,1.084,0.501,1,liquido homogeneo com leve pelicula na superficie,0,conforme padrao,True,caracteristico do produto,,False
DES-2410-161,Desinfetante Quaternario Concentrado,3,Luz Solar,15,6.5,1.012,-0.691,0.0,2.131,1.005,1,liquido homogeneo com leve pelicula na superficie,1,"levemente diferente do padrao, conforme",False,"caracteristico, porem alterado",odor alterado,True
DES-2410-161,Desinfetante Quaternario Concentrado,3,Luz Solar,30,6.52,1.01,-1.231,0.0,3.655,1.778,2,"leve cremeacao na superficie, porem conforme",2,perceptivelmente mais escura que o padrao,True,caracteristico,,False
DES-2410-161,Desinfetante Quaternario Concentrado,3,Luz Solar,60,6.45,1.011,-1.991,0.0,5.559,2.829,2,"leve cremeacao na superficie, porem conforme",2,perceptivelmente mais escura que o padrao,True,caracteristico do produto,,False
DES-2410-161,Desinfetante Quaternario Concentrado,3,Luz Solar,90,6.4,1.013,-2.479,0.0,6.606,3.466,1,liquido homogeneo com leve pelicula na superficie,3,amarelada em relacao ao padrao,True,caracteristico do produto,,False
DES-2410-162,Desinfetante Quaternario Concentrado,3,Ambiente Escuro 25C,7,6.81,1.004,-0.015,0.0,0.031,0.017,1,"homogeneo, leve turvacao em relacao ao padrao",0,conforme padrao,True,caracteristico do produto,,False
DES-2410-162,Desinfetante Quaternario Concentrado,3,Ambiente Escuro 25C,15,6.85,1.004,-0.033,0.0,0.066,0.037,1,liquido homogeneo com leve pelicula na superficie,0,conforme padrao,True,caracteristico do produto,,False
DES-2410-162,Desinfetante Quaternario Concentrado,3,Ambiente Escuro 25C,30,6.81,1.003,-0.066,0.0,0.132,0.074,1,liquido homogeneo com leve pelicula na superficie,0,conforme padrao,True,caracteristico,,False
DES-2410-162,Desinfetante Quaternario Concentrado,3,Ambiente Escuro 25C,60,6.77,1.002,-0.132,0.0,0.264,0.149,1,"homogeneo, leve turvacao em relacao ao padrao",0,conforme padrao,True,caracteristico do produto,,False
DES-2410-162,Desinfetante Quaternario Concentrado,3,Ambiente Escuro 25C,90,6.81,1.002,-0.198,0.0,0.396,0.223,1,liquido homogeneo com leve pelicula na superficie,0,conforme padrao,True,caracteristico do produto,,False
DES-2410-162,Desinfetante Quaternario Concentrado,3,Estufa 40C,7,6.8,1.003,-0.072,0.0,0.145,0.081,1,"homogeneo, leve turvacao em relacao ao padrao",0,conforme padrao,True,caracteristico,,False
DES-2410-162,Desinfetante Quaternario Concentrado,3,Estufa 40C,15,6.76,1.005,-0.155,0.0,0.31,0.174,1,liquido homogeneo com leve pelicula na superficie,0,conforme padrao,True,caracteristico do produto,,False
DES-2410-162,Desinfetante Quaternario Concentrado,3,Estufa 40C,30,6.74,1.004,-0.31,0.0,0.619,0.35,1,liquido homogeneo com leve pelicula na superficie,0,conforme padrao,True,caracteristico do produto,,False
DES-2410-162,Desinfetante Quaternario Concentrado,3,Estufa 40C,60,6.62,1.005,-0.619,0.0,1.239,0.703,1,"homogeneo, leve turvacao em relacao ao padrao",0,conforme padrao,True,caracteristico do produto,,False
DES-2410-162,Desinfetante Quaternario Concentrado,3,Estufa 40C,90,6.53,1.007,-0.929,0.0,1.858,1.061,2,"leve cremeacao na superficie, porem conforme",1,"levemente diferente do padrao, conforme",True,caracteristico do produto,,False
DES-2410-162,Desinfetante Quaternario Concentrado,3,Geladeira 5C,7,6.8,1.003,-0.002,0.0,0.003,0.002,1,liquido homogeneo com leve pelicula na superficie,0,conforme padrao,True,caracteristico,,False
DES-2410-162,Desinfetante Quaternario Concentrado,3,Geladeira 5C,15,6.83,1.001,-0.003,0.0,0.006,0.004,1,"homogeneo, leve turvacao em relacao ao padrao",0,conforme padrao,True,caracteristico,,False
DES-2410-162,Desinfetante Quaternario Concentrado,3,Geladeira 5C,30,6.83,1.0,-0.006,0.0,0.013,0.007,1,"homogeneo, leve turvacao em relacao ao padrao",0,conforme padrao,True,caracteristico,,False
DES-2410-162,Desinfetante Quaternario Concentrado,3,Geladeira 5C,60,6.85,1.004,-0.013,0.0,0.026,0.015,1,liquido homogeneo com leve pelicula na superficie,0,conforme padrao,True,caracteristico,,False
DES-2410-162,Desinfetante Quaternario Concentrado,3,Geladeira 5C,90,6.86,1.003,-0.019,0.0,0.039,0.022,1,"homogeneo, leve turvacao em relacao ao padrao",0,conforme padrao,True,caracteristico do produto,,False
DES-2410-162,Desinfetante Quaternario Concentrado,3,Luz Solar,7,6.83,1.002,-0.344,0.0,1.084,0.504,2,"leve cremeacao na superficie, porem conforme",0,conforme padrao,True,caracteristico do produto,,False
DES-2410-162,Desinfetante Quaternario Concentrado,3,Luz Solar,15,6.84,1.005,-0.691,0.0,2.131,1.011,1,liquido homogeneo com leve pelicula na superficie,1,"levemente diferente do padrao, conforme",True,caracteristico,,False
DES-2410-162,Desinfetante Quaternario Concentrado,3,Luz Solar,30,6.82,1.002,-1.231,0.0,3.655,1.789,1,liquido homogeneo com leve pelicula na superficie,2,perceptivelmente mais escura que o padrao,True,caracteristico,,False
DES-2410-162,Desinfetante Quaternario Concentrado,3,Luz Solar,60,6.72,1.004,-1.991,0.0,5.559,2.848,1,liquido homogeneo com leve pelicula na superficie,2,perceptivelmente mais escura que o padrao,True,caracteristico,,False
DES-2410-162,Desinfetante Quaternario Concentrado,3,Luz Solar,90,6.7,1.004,-2.479,0.0,6.606,3.489,1,liquido homogeneo com leve pelicula na superficie,3,amarelada em relacao ao padrao,True,caracteristico,,False
ALV-2410-164,Alvejante Liquido sem Cloro,3,Ambiente Escuro 25C,7,4.19,1.052,-0.014,0.0,0.028,0.026,0,"liquido homogeneo, levemente opalescente",0,conforme padrao,True,caracteristico,,False
ALV-2410-164,Alvejante Liquido sem Cloro,3,Ambiente Escuro 25C,15,4.14,1.051,-0.03,0.0,0.06,0.055,0,"liquido homogeneo, limpido",0,conforme padrao,True,caracteristico,,False
ALV-2410-164,Alvejante Liquido sem Cloro,3,Ambiente Escuro 25C,30,4.1,1.05,-0.06,0.0,0.12,0.11,0,"liquido homogeneo, limpido",0,conforme padrao,True,caracteristico do produto,,False
ALV-2410-164,Alvejante Liquido sem Cloro,3,Ambiente Escuro 25C,60,4.06,1.053,-0.12,0.0,0.24,0.219,0,"liquido homogeneo, limpido",0,conforme padrao,True,caracteristico,,False
ALV-2410-164,Alvejante Liquido sem Cloro,3,Ambiente Escuro 25C,90,4.03,1.053,-0.18,0.0,0.36,0.328,0,"liquido homogeneo, levemente opalescente",0,conforme padrao,True,caracteristico,,False
ALV-2410-164,Alvejante Liquido sem Cloro,3,Estufa 40C,7,4.16,1.052,-0.066,0.0,0.131,0.12,0,"liquido homogeneo, levemente opalescente",0,conforme padrao,True,caracteristico,,False
ALV-2410-164,Alvejante Liquido sem Cloro,3,Estufa 40C,15,4.16,1.052,-0.141,0.0,0.282,0.257,0,"liquido homogeneo, sem alteracao",0,conforme padrao,True,caracteristico,,False
ALV-2410-164,Alvejante Liquido sem Cloro,3,Estufa 40C,30,4.01,1.054,-0.282,0.0,0.563,0.512,0,"liquido homogeneo, sem alteracao",0,conforme padrao,True,caracteristico,,False
ALV-2410-164,Alvejante Liquido sem Cloro,3,Estufa 40C,60,3.91,1.054,-0.563,0.0,1.126,1.014,0,"liquido homogeneo, levemente opalescente",1,"levemente diferente do padrao, conforme",True,caracteristico do produto,,False
ALV-2410-164,Alvejante Liquido sem Cloro,3,Estufa 40C,90,3.71,1.06,-0.845,0.0,1.689,1.507,0,"liquido homogeneo, levemente opalescente",1,"levemente diferente do padrao, conforme",True,caracteristico do produto,,False
ALV-2410-164,Alvejante Liquido sem Cloro,3,Geladeira 5C,7,4.2,1.055,-0.001,0.0,0.003,0.003,0,"liquido homogeneo, levemente opalescente",0,conforme padrao,True,caracteristico do produto,,False
ALV-2410-164,Alvejante Liquido sem Cloro,3,Geladeira 5C,15,4.17,1.049,-0.003,0.0,0.006,0.005,0,"liquido homogeneo, sem alteracao",0,conforme padrao,True,caracteristico,,False
ALV-2410-164,Alvejante Liquido sem Cloro,3,Geladeira 5C,30,4.12,1.054,-0.006,0.0,0.012,0.011,0,"liquido homogeneo, levemente opalescente",0,conforme padrao,True,caracteristico,,False
ALV-2410-164,Alvejante Liquido sem Cloro,3,Geladeira 5C,60,4.17,1.053,-0.012,0.0,0.024,0.022,0,"liquido homogeneo, sem alteracao",0,conforme padrao,True,caracteristico do produto,,False
ALV-2410-164,Alvejante Liquido sem Cloro,3,Geladeira 5C,90,4.14,1.052,-0.018,0.0,0.035,0.032,0,"liquido homogeneo, sem alteracao",0,conforme padrao,True,caracteristico do produto,,False
ALV-2410-164,Alvejante Liquido sem Cloro,3,Luz Solar,7,4.17,1.051,-0.376,0.0,1.19,1.033,0,"liquido homogeneo, sem alteracao",1,"levemente diferente do padrao, conforme",True,caracteristico do produto,,False
ALV-2410-164,Alvejante Liquido sem Cloro,3,Luz Solar,15,4.12,1.053,-0.754,0.0,2.337,1.989,0,"liquido homogeneo, levemente opalescente",2,perceptivelmente mais escura que o padrao,True,caracteristico do produto,,False
ALV-2410-164,Alvejante Liquido sem Cloro,3,Luz Solar,30,4.18,1.054,-1.34,0.0,4.002,3.319,0,"liquido homogeneo, sem alteracao",3,amarelada em relacao ao padrao,True,caracteristico do produto,,False
ALV-2410-164,Alvejante Liquido sem Cloro,3,Luz Solar,60,4.05,1.054,-2.16,0.0,6.066,4.883,0,"liquido homogeneo, levemente opalescente",3,amarelada em relacao ao padrao,True,caracteristico do produto,,False
ALV-2410-164,Alvejante Liquido sem Cloro,3,Luz Solar,90,3.98,1.052,-2.678,0.0,7.18,5.702,0,"liquido homogeneo, limpido",3,amarelada em relacao ao padrao,True,caracteristico,,False
DES-2410-165,Desinfetante Quaternario Concentrado,3,Ambiente Escuro 25C,7,7.05,1.015,-0.015,0.0,0.031,0.017,0,"liquido homogeneo, sem alteracao",0,conforme padrao,True,caracteristico,,False
DES-2410-165,Desinfetante Quaternario Concentrado,3,Ambiente Escuro 25C,15,7.03,1.015,-0.033,0.0,0.066,0.037,0,"liquido homogeneo, levemente opalescente",0,conforme padrao,True,caracteristico do produto,,False
DES-2410-165,Desinfetante Quaternario Concentrado,3,Ambiente Escuro 25C,30,7.09,1.014,-0.066,0.0,0.132,0.074,0,"liquido homogeneo, sem alteracao",0,conforme padrao,True,caracteristico,,False
DES-2410-165,Desinfetante Quaternario Concentrado,3,Ambiente Escuro 25C,60,7.05,1.012,-0.132,0.0,0.264,0.149,0,"liquido homogeneo, levemente opalescente",0,conforme padrao,True,caracteristico do produto,,False
DES-2410-165,Desinfetante Quaternario Concentrado,3,Ambiente Escuro 25C,90,7.04,1.018,-0.198,0.0,0.396,0.224,0,"liquido homogeneo, limpido",0,conforme padrao,True,caracteristico,,False
DES-2410-165,Desinfetante Quaternario Concentrado,3,Estufa 40C,7,7.05,1.014,-0.072,0.0,0.145,0.082,0,"liquido homogeneo, limpido",0,conforme padrao,True,caracteristico,,False
DES-2410-165,Desinfetante Quaternario Concentrado,3,Estufa 40C,15,7.03,1.015,-0.155,0.0,0.31,0.175,0,"liquido homogeneo, levemente opalescente",0,conforme padrao,True,caracteristico,,False
DES-2410-165,Desinfetante Quaternario Concentrado,3,Estufa 40C,30,6.94,1.016,-0.31,0.0,0.619,0.351,0,"liquido homogeneo, limpido",0,conforme padrao,True,caracteristico,,False
DES-2410-165,Desinfetante Quaternario Concentrado,3,Estufa 40C,60,6.96,1.017,-0.619,0.0,1.239,0.706,0,"liquido homogeneo, sem alteracao",0,conforme padrao,True,caracteristico do produto,,False
DES-2410-165,Desinfetante Quaternario Concentrado,3,Estufa 40C,90,6.76,1.019,-0.929,0.0,1.858,1.066,0,"liquido homogeneo, limpido",1,"levemente diferente do padrao, conforme",True,caracteristico do produto,,False
DES-2410-165,Desinfetante Quaternario Concentrado,3,Geladeira 5C,7,7.08,1.014,-0.002,0.0,0.003,0.002,0,"liquido homogeneo, levemente opalescente",0,conforme padrao,True,caracteristico,,False
DES-2410-165,Desinfetante Quaternario Concentrado,3,Geladeira 5C,15,7.1,1.015,-0.003,0.0,0.006,0.004,0,"liquido homogeneo, sem alteracao",0,conforme padrao,True,caracteristico do produto,,False
DES-2410-165,Desinfetante Quaternario Concentrado,3,Geladeira 5C,30,7.06,1.013,-0.006,0.0,0.013,0.007,0,"liquido homogeneo, sem alteracao",0,conforme padrao,True,caracteristico do produto,,False
DES-2410-165,Desinfetante Quaternario Concentrado,3,Geladeira 5C,60,7.03,1.016,-0.013,0.0,0.026,0.015,0,"liquido homogeneo, levemente opalescente",0,conforme padrao,True,caracteristico,,False
DES-2410-165,Desinfetante Quaternario Concentrado,3,Geladeira 5C,90,7.03,1.011,-0.019,0.0,0.039,0.022,0,"liquido homogeneo, limpido",0,conforme padrao,True,caracteristico do produto,,False
DES-2410-165,Desinfetante Quaternario Concentrado,3,Luz Solar,7,7.01,1.016,-0.344,0.0,1.084,0.51,0,"liquido homogeneo, sem alteracao",0,conforme padrao,True,caracteristico,,False
DES-2410-165,Desinfetante Quaternario Concentrado,3,Luz Solar,15,7.01,1.015,-0.691,0.0,2.131,1.022,0,"liquido homogeneo, sem alteracao",1,"levemente diferente do padrao, conforme",True,caracteristico,,False
DES-2410-165,Desinfetante Quaternario Concentrado,3,Luz Solar,30,7.05,1.012,-1.231,0.0,3.655,1.81,0,"liquido homogeneo, limpido",2,perceptivelmente mais escura que o padrao,True,caracteristico do produto,,False
DES-2410-165,Desinfetante Quaternario Concentrado,3,Luz Solar,60,7.04,1.014,-1.991,0.0,5.559,2.881,0,"liquido homogeneo, sem alteracao",2,perceptivelmente mais escura que o padrao,True,caracteristico do produto,,False
DES-2410-165,Desinfetante Quaternario Concentrado,3,Luz Solar,90,6.92,1.012,-2.479,0.0,6.606,3.529,0,"liquido homogeneo, limpido",3,amarelada em relacao ao padrao,True,caracteristico,,False
DES-2410-166,Desinfetante Quaternario Concentrado,3,Ambiente Escuro 25C,7,6.79,1.0,-0.015,0.0,0.031,0.017,0,"liquido homogeneo, levemente opalescente",0,conforme padrao,True,caracteristico do produto,,False
DES-2410-166,Desinfetante Quaternario Concentrado,3,Ambiente Escuro 25C,15,6.74,1.0,-0.033,0.0,0.066,0.037,0,"liquido homogeneo, limpido",0,conforme padrao,True,caracteristico do produto,,False
DES-2410-166,Desinfetante Quaternario Concentrado,3,Ambiente Escuro 25C,30,6.76,0.999,-0.066,0.0,0.132,0.074,0,"liquido homogeneo, sem alteracao",0,conforme padrao,True,caracteristico,,False
DES-2410-166,Desinfetante Quaternario Concentrado,3,Ambiente Escuro 25C,60,6.72,0.999,-0.132,0.0,0.264,0.148,0,"liquido homogeneo, levemente opalescente",0,conforme padrao,True,caracteristico do produto,,False
DES-2410-166,Desinfetante Quaternario Concentrado,3,Ambiente Escuro 25C,90,6.71,0.999,-0.198,0.0,0.396,0.222,0,"liquido homogeneo, levemente opalescente",0,conforme padrao,True,caracteristico,,False
DES-2410-166,Desinfetante Quaternario Concentrado,3,Estufa 40C,7,6.76,0.999,-0.072,0.0,0.145,0.081,0,"liquido homogeneo, sem alteracao",0,conforme padrao,True,caracteristico do produto,,False
DES-2410-166,Desinfetante Quaternario Concentrado,3,Estufa 40C,15,6.73,1.001,-0.155,0.0,0.31,0.173,0,"liquido homogeneo, limpido",0,conforme padrao,True,caracteristico,,False
DES-2410-166,Desinfetante Quaternario Concentrado,3,Estufa 40C,30,6.7,0.999,-0.31,0.0,0.619,0.348,0,"liquido homogeneo, sem alteracao",0,conforme padrao,True,caracteristico,,False
DES-2410-166,Desinfetante Quaternario Concentrado,3,Estufa 40C,60,6.59,1.0,-0.619,0.0,1.239,0.7,0,"liquido homogeneo, limpido",0,conforme padrao,True,caracteristico,,False
DES-2410-166,Desinfetante Quaternario Concentrado,3,Estufa 40C,90,6.58,1.001,-0.929,0.0,1.858,1.055,0,"liquido homogeneo, sem alteracao",1,"levemente diferente do padrao, conforme",True,caracteristico do produto,,False
DES-2410-166,Desinfetante Quaternario Concentrado,3,Geladeira 5C,7,6.79,0.995,-0.002,0.0,0.003,0.002,0,"liquido homogeneo, sem alteracao",0,conforme padrao,True,caracteristico do produto,,False
DES-2410-166,Desinfetante Quaternario Concentrado,3,Geladeira 5C,15,6.82,0.996,-0.003,0.0,0.006,0.004,0,"liquido homogeneo, limpido",0,conforme padrao,True,caracteristico do produto,,False
DES-2410-166,Desinfetante Quaternario Concentrado,3,Geladeira 5C,30,6.73,1.0,-0.006,0.0,0.013,0.007,0,"liquido homogeneo, sem alteracao",0,conforme padrao,True,caracteristico,,False
DES-2410-166,Desinfetante Quaternario Concentrado,3,Geladeira 5C,60,6.77,0.996,-0.013,0.0,0.026,0.014,0,"liquido homogeneo, levemente opalescente",0,conforme padrao,True,caracteristico,,False
DES-2410-166,Desinfetante Quaternario Concentrado,3,Geladeira 5C,90,6.79,1.001,-0.019,0.0,0.039,0.022,0,"liquido homogeneo, levemente opalescente",0,conforme padrao,True,caracteristico do produto,,False
DES-2410-166,Desinfetante Quaternario Concentrado,3,Luz Solar,7,6.84,0.999,-0.344,0.0,1.084,0.499,0,"liquido homogeneo, limpido",0,conforme padrao,True,caracteristico,,False
DES-2410-166,Desinfetante Quaternario Concentrado,3,Luz Solar,15,6.73,0.997,-0.691,0.0,2.131,1.001,0,"liquido homogeneo, levemente opalescente",1,"levemente diferente do padrao, conforme",True,caracteristico do produto,,False
DES-2410-166,Desinfetante Quaternario Concentrado,3,Luz Solar,30,6.77,0.996,-1.231,0.0,3.655,1.77,0,"liquido homogeneo, limpido",2,perceptivelmente mais escura que o padrao,True,caracteristico,,False
DES-2410-166,Desinfetante Quaternario Concentrado,3,Luz Solar,60,6.72,0.998,-1.991,0.0,5.559,2.817,0,"liquido homogeneo, levemente opalescente",2,perceptivelmente mais escura que o padrao,True,caracteristico do produto,,False
DES-2410-166,Desinfetante Quaternario Concentrado,3,Luz Solar,90,6.7,1.001,-2.479,0.0,6.606,3.452,0,"liquido homogeneo, levemente opalescente",3,amarelada em relacao ao padrao,True,caracteristico do produto,,False
ALV-2411-168,Alvejante Liquido sem Cloro,3,Ambiente Escuro 25C,7,4.43,1.041,-0.014,0.0,0.028,0.025,1,liquido homogeneo com leve pelicula na superficie,0,conforme padrao,True,caracteristico,,False
ALV-2411-168,Alvejante Liquido sem Cloro,3,Ambiente Escuro 25C,15,4.41,1.044,-0.03,0.0,0.06,0.053,0,"liquido homogeneo, limpido",0,conforme padrao,True,caracteristico,,False
ALV-2411-168,Alvejante Liquido sem Cloro,3,Ambiente Escuro 25C,30,4.41,1.045,-0.06,0.0,0.12,0.107,0,"liquido homogeneo, limpido",0,conforme padrao,True,caracteristico do produto,,False
ALV-2411-168,Alvejante Liquido sem Cloro,3,Ambiente Escuro 25C,60,4.41,1.046,-0.12,0.0,0.24,0.213,1,"homogeneo, leve turvacao em relacao ao padrao",0,conforme padrao,True,caracteristico,,False
ALV-2411-168,Alvejante Liquido sem Cloro,3,Ambiente Escuro 25C,90,4.36,1.047,-0.18,0.0,0.36,0.319,0,"liquido homogeneo, sem alteracao",0,conforme padrao,True,caracteristico do produto,,False
ALV-2411-168,Alvejante Liquido sem Cloro,3,Estufa 40C,7,4.43,1.044,-0.066,0.0,0.131,0.117,1,"homogeneo, leve turvacao em relacao ao padrao",0,conforme padrao,True,caracteristico do produto,,False
ALV-2411-168,Alvejante Liquido sem Cloro,3,Estufa 40C,15,4.34,1.043,-0.141,0.0,0.282,0.25,1,"homogeneo, leve turvacao em relacao ao padrao",0,conforme padrao,True,caracteristico do produto,,False
ALV-2411-168,Alvejante Liquido sem Cloro,3,Estufa 40C,30,4.29,1.047,-0.282,0.0,0.563,0.497,1,"homogeneo, leve turvacao em relacao ao padrao",0,conforme padrao,False,"alterado, notas rancosas",odor alterado,True
ALV-2411-168,Alvejante Liquido sem Cloro,3,Estufa 40C,60,4.04,1.049,-0.563,0.0,1.126,0.985,1,liquido homogeneo com leve pelicula na superficie,1,"levemente diferente do padrao, conforme",True,caracteristico,,False
ALV-2411-168,Alvejante Liquido sem Cloro,3,Estufa 40C,90,3.84,1.051,-0.845,0.0,1.689,1.464,1,liquido homogeneo com leve pelicula na superficie,1,"levemente diferente do padrao, conforme",True,caracteristico,,False
ALV-2411-168,Alvejante Liquido sem Cloro,3,Geladeira 5C,7,4.48,1.042,-0.001,0.0,0.003,0.002,1,liquido homogeneo com leve pelicula na superficie,0,conforme padrao,True,caracteristico do produto,,False
ALV-2411-168,Alvejante Liquido sem Cloro,3,Geladeira 5C,15,4.49,1.04,-0.003,0.0,0.006,0.005,1,"homogeneo, leve turvacao em relacao ao padrao",0,conforme padrao,True,caracteristico,,False
ALV-2411-168,Alvejante Liquido sem Cloro,3,Geladeira 5C,30,4.42,1.04,-0.006,0.0,0.012,0.01,1,liquido homogeneo com leve pelicula na superficie,0,conforme padrao,True,caracteristico do produto,,False
ALV-2411-168,Alvejante Liquido sem Cloro,3,Geladeira 5C,60,4.42,1.044,-0.012,0.0,0.024,0.021,0,"liquido homogeneo, levemente opalescente",0,conforme padrao,True,caracteristico do produto,,False
ALV-2411-168,Alvejante Liquido sem Cloro,3,Geladeira 5C,90,4.5,1.043,-0.018,0.0,0.035,0.031,1,"homogeneo, leve turvacao em relacao ao padrao",0,conforme padrao,True,caracteristico,,False
ALV-2411-168,Alvejante Liquido sem Cloro,3,Luz Solar,7,4.41,1.043,-0.376,0.0,1.19,1.001,0,"liquido homogeneo, limpido",1,"levemente diferente do padrao, conforme",True,caracteristico do produto,,False
ALV-2411-168,Alvejante Liquido sem Cloro,3,Luz Solar,15,4.44,1.045,-0.754,0.0,2.337,1.929,0,"liquido homogeneo, levemente opalescente",2,perceptivelmente mais escura que o padrao,True,caracteristico,,False
ALV-2411-168,Alvejante Liquido sem Cloro,3,Luz Solar,30,4.39,1.044,-1.34,0.0,4.002,3.222,1,"homogeneo, leve turvacao em relacao ao padrao",3,amarelada em relacao ao padrao,True,caracteristico,,False
ALV-2411-168,Alvejante Liquido sem Cloro,3,Luz Solar,60,4.29,1.047,-2.16,0.0,6.066,4.747,1,liquido homogeneo com leve pelicula na superficie,3,amarelada em relacao ao padrao,True,caracteristico do produto,,False
ALV-2411-168,Alvejante Liquido sem Cloro,3,Luz Solar,90,4.31,1.048,-2.678,0.0,7.18,5.546,1,"homogeneo, leve turvacao em relacao ao padrao",3,amarelada em relacao ao padrao,True,caracteristico,,False
DES-2411-169,Desinfetante Quaternario Concentrado,3,Ambiente Escuro 25C,7,6.62,1.0,-0.015,0.0,0.031,0.017,1,liquido homogeneo com leve pelicula na superficie,0,conforme padrao,True,caracteristico do produto,,False
DES-2411-169,Desinfetante Quaternario Concentrado,3,Ambiente Escuro 25C,15,6.62,0.999,-0.033,0.0,0.066,0.037,1,"homogeneo, leve turvacao em relacao ao padrao",0,conforme padrao,True,caracteristico,,False
DES-2411-169,Desinfetante Quaternario Concentrado,3,Ambiente Escuro 25C,30,6.62,1.0,-0.066,0.0,0.132,0.074,1,"homogeneo, leve turvacao em relacao ao padrao",0,conforme padrao,True,caracteristico do produto,,False
DES-2411-169,Desinfetante Quaternario Concentrado,3,Ambiente Escuro 25C,60,6.59,1.0,-0.132,0.0,0.264,0.147,1,"homogeneo, leve turvacao em relacao ao padrao",0,conforme padrao,True,caracteristico,,False
DES-2411-169,Desinfetante Quaternario Concentrado,3,Ambiente Escuro 25C,90,6.57,1.002,-0.198,0.0,0.396,0.221,1,"homogeneo, leve turvacao em relacao ao padrao",0,conforme padrao,True,caracteristico,,False
DES-2411-169,Desinfetante Quaternario Concentrado,3,Estufa 40C,7,6.6,0.999,-0.072,0.0,0.145,0.08,1,liquido homogeneo com leve pelicula na superficie,0,conforme padrao,True,caracteristico do produto,,False
DES-2411-169,Desinfetante Quaternario Concentrado,3,Estufa 40C,15,6.57,1.001,-0.155,0.0,0.31,0.173,1,"homogeneo, leve turvacao em relacao ao padrao",0,conforme padrao,True,caracteristico,,False
DES-2411-169,Desinfetante Quaternario Concentrado,3,Estufa 40C,30,6.55,1.002,-0.31,0.0,0.619,0.346,1,"homogeneo, leve turvacao em relacao ao padrao",0,conforme padrao,True,caracteristico do produto,,False
DES-2411-169,Desinfetante Quaternario Concentrado,3,Estufa 40C,60,6.44,1.004,-0.619,0.0,1.239,0.697,1,liquido homogeneo com leve pelicula na superficie,0,conforme padrao,True,caracteristico,,False
DES-2411-169,Desinfetante Quaternario Concentrado,3,Estufa 40C,90,6.33,1.004,-0.929,0.0,1.858,1.052,1,"homogeneo, leve turvacao em relacao ao padrao",1,"levemente diferente do padrao, conforme",True,caracteristico do produto,,False
DES-2411-169,Desinfetante Quaternario Concentrado,3,Geladeira 5C,7,6.59,1.0,-0.002,0.0,0.003,0.002,1,liquido homogeneo com leve pelicula na superficie,0,conforme padrao,True,caracteristico do produto,,False
DES-2411-169,Desinfetante Quaternario Concentrado,3,Geladeira 5C,15,6.61,1.002,-0.003,0.0,0.006,0.004,1,liquido homogeneo com leve pelicula na superficie,0,conforme padrao,True,caracteristico do produto,,False
DES-2411-169,Desinfetante Quaternario Concentrado,3,Geladeira 5C,30,6.62,1.001,-0.006,0.0,0.013,0.007,2,"cremeacao visivel na superficie, reversivel a agitacao",0,conforme padrao,True,caracteristico do produto,,False
DES-2411-169,Desinfetante Quaternario Concentrado,3,Geladeira 5C,60,6.6,1.001,-0.013,0.0,0.026,0.014,1,"homogeneo, leve turvacao em relacao ao padrao",0,conforme padrao,True,caracteristico,,False
DES-2411-169,Desinfetante Quaternario Concentrado,3,Geladeira 5C,90,6.56,1.003,-0.019,0.0,0.039,0.022,2,"cremeacao visivel na superficie, reversivel a agitacao",0,conforme padrao,True,caracteristico,,False
DES-2411-169,Desinfetante Quaternario Concentrado,3,Luz Solar,7,6.61,1.001,-0.344,0.0,1.084,0.504,1,"homogeneo, leve turvacao em relacao ao padrao",0,conforme padrao,True,caracteristico do produto,,False
DES-2411-169,Desinfetante Quaternario Concentrado,3,Luz Solar,15,6.61,1.002,-0.691,0.0,2.131,1.01,1,liquido homogeneo com leve pelicula na superficie,1,"levemente diferente do padrao, conforme",True,caracteristico do produto,,False
DES-2411-169,Desinfetante Quaternario Concentrado,3,Luz Solar,30,6.55,0.998,-1.231,0.0,3.655,1.787,1,"homogeneo, leve turvacao em relacao ao padrao",2,perceptivelmente mais escura que o padrao,True,caracteristico do produto,,False
DES-2411-169,Desinfetante Quaternario Concentrado,3,Luz Solar,60,6.53,1.0,-1.991,0.0,5.559,2.843,1,"homogeneo, leve turvacao em relacao ao padrao",2,perceptivelmente mais escura que o padrao,True,caracteristico do produto,,False
DES-2411-169,Desinfetante Quaternario Concentrado,3,Luz Solar,90,6.47,1.0,-2.479,0.0,6.606,3.482,1,"homogeneo, leve turvacao em relacao ao padrao",3,amarelada em relacao ao padrao,True,caracteristico,,False
DES-2411-170,Desinfetante Quaternario Concentrado,3,Ambiente Escuro 25C,7,6.83,1.011,-0.015,0.0,0.031,0.017,2,"leve cremeacao na superficie, porem conforme",0,conforme padrao,True,caracteristico do produto,,False
DES-2411-170,Desinfetante Quaternario Concentrado,3,Ambiente Escuro 25C,15,6.86,1.011,-0.033,0.0,0.066,0.037,1,"homogeneo, leve turvacao em relacao ao padrao",0,conforme padrao,True,caracteristico do produto,,False
DES-2411-170,Desinfetante Quaternario Concentrado,3,Ambiente Escuro 25C,30,6.85,1.014,-0.066,0.0,0.132,0.074,1,"homogeneo, leve turvacao em relacao ao padrao",0,conforme padrao,True,caracteristico,,False
DES-2411-170,Desinfetante Quaternario Concentrado,3,Ambiente Escuro 25C,60,6.8,1.012,-0.132,0.0,0.264,0.148,1,"homogeneo, leve turvacao em relacao ao padrao",0,conforme padrao,False,"caracteristico, porem alterado",odor alterado,True
DES-2411-170,Desinfetante Quaternario Concentrado,3,Ambiente Escuro 25C,90,6.78,1.013,-0.198,0.0,0.396,0.222,1,"homogeneo, leve turvacao em relacao ao padrao",0,conforme padrao,True,caracteristico,,False
DES-2411-170,Desinfetante Quaternario Concentrado,3,Estufa 40C,7,6.83,1.013,-0.072,0.0,0.145,0.081,1,liquido homogeneo com leve pelicula na superficie,0,conforme padrao,True,caracteristico do produto,,False
DES-2411-170,Desinfetante Quaternario Concentrado,3,Estufa 40C,15,6.78,1.016,-0.155,0.0,0.31,0.173,1,"homogeneo, leve turvacao em relacao ao padrao",0,conforme padrao,True,caracteristico,,False
DES-2411-170,Desinfetante Quaternario Concentrado,3,Estufa 40C,30,6.77,1.013,-0.31,0.0,0.619,0.347,1,liquido homogeneo com leve pelicula na superficie,0,conforme padrao,False,"caracteristico, porem alterado",odor alterado,True
DES-2411-170,Desinfetante Quaternario Concentrado,3,Estufa 40C,60,6.72,1.015,-0.619,0.0,1.239,0.699,1,liquido homogeneo com leve pelicula na superficie,0,conforme padrao,True,caracteristico,,False
DES-2411-170,Desinfetante Quaternario Concentrado,3,Estufa 40C,90,6.54,1.019,-0.929,0.0,1.858,1.055,1,"homogeneo, leve turvacao em relacao ao padrao",1,"levemente diferente do padrao, conforme",True,caracteristico,,False
DES-2411-170,Desinfetante Quaternario Concentrado,3,Geladeira 5C,7,6.94,1.009,-0.002,0.0,0.003,0.002,1,liquido homogeneo com leve pelicula na superficie,0,conforme padrao,True,caracteristico,,False
DES-2411-170,Desinfetante Quaternario Concentrado,3,Geladeira 5C,15,6.87,1.012,-0.003,0.0,0.006,0.004,1,liquido homogeneo com leve pelicula na superficie,0,conforme padrao,True,caracteristico,,False
DES-2411-170,Desinfetante Quaternario Concentrado,3,Geladeira 5C,30,6.88,1.013,-0.006,0.0,0.013,0.007,1,"homogeneo, leve turvacao em relacao ao padrao",0,conforme padrao,True,caracteristico do produto,,False
DES-2411-170,Desinfetante Quaternario Concentrado,3,Geladeira 5C,60,6.89,1.013,-0.013,0.0,0.026,0.014,2,"cremeacao visivel na superficie, reversivel a agitacao",0,conforme padrao,True,caracteristico do produto,,False
DES-2411-170,Desinfetante Quaternario Concentrado,3,Geladeira 5C,90,6.89,1.011,-0.019,0.0,0.039,0.022,1,"homogeneo, leve turvacao em relacao ao padrao",0,conforme padrao,True,caracteristico do produto,,False
DES-2411-170,Desinfetante Quaternario Concentrado,3,Luz Solar,7,6.86,1.011,-0.344,0.0,1.084,0.504,1,"homogeneo, leve turvacao em relacao ao padrao",0,conforme padrao,True,caracteristico do produto,,False
DES-2411-170,Desinfetante Quaternario Concentrado,3,Luz Solar,15,6.81,1.011,-0.691,0.0,2.131,1.01,1,liquido homogeneo com leve pelicula na superficie,1,"levemente diferente do padrao, conforme",True,caracteristico,,False
DES-2411-170,Desinfetante Quaternario Concentrado,3,Luz Solar,30,6.85,1.012,-1.231,0.0,3.655,1.787,1,liquido homogeneo com leve pelicula na superficie,2,perceptivelmente mais escura que o padrao,False,"alterado, notas rancosas",odor alterado,True
DES-2411-170,Desinfetante Quaternario Concentrado,3,Luz Solar,60,6.81,1.012,-1.991,0.0,5.559,2.844,2,"cremeacao visivel na superficie, reversivel a agitacao",2,perceptivelmente mais escura que o padrao,True,caracteristico,,False
DES-2411-170,Desinfetante Quaternario Concentrado,3,Luz Solar,90,6.77,1.013,-2.479,0.0,6.606,3.484,1,liquido homogeneo com leve pelicula na superficie,3,amarelada em relacao ao padrao,True,caracteristico do produto,,False
AMA-2411-171,Amaciante de Roupas (esterquat),3,Ambiente Escuro 25C,7,3.15,1.005,-0.02,0.0,0.039,0.034,2,"cremeacao visivel na superficie, reversivel a agitacao",0,conforme padrao,True,caracteristico do produto,,False
AMA-2411-171,Amaciante de Roupas (esterquat),3,Ambiente Escuro 25C,15,3.15,1.008,-0.042,0.0,0.084,0.074,1,"homogeneo, leve turvacao em relacao ao padrao",0,conforme padrao,True,caracteristico do produto,,False
AMA-2411-171,Amaciante de Roupas (esterquat),3,Ambiente Escuro 25C,30,3.12,1.008,-0.084,0.0,0.168,0.147,1,"homogeneo, leve turvacao em relacao ao padrao",0,conforme padrao,True,caracteristico,,False
AMA-2411-171,Amaciante de Roupas (esterquat),3,Ambiente Escuro 25C,60,3.04,1.007,-0.168,0.0,0.336,0.295,0,"liquido homogeneo, sem alteracao",0,conforme padrao,True,caracteristico do produto,,False
AMA-2411-171,Amaciante de Roupas (esterquat),3,Ambiente Escuro 25C,90,3.07,1.01,-0.252,0.0,0.504,0.443,1,"homogeneo, leve turvacao em relacao ao padrao",0,conforme padrao,True,caracteristico,,False
AMA-2411-171,Amaciante de Roupas (esterquat),3,Estufa 40C,7,3.14,1.007,-0.092,0.0,0.184,0.161,1,"homogeneo, leve turvacao em relacao ao padrao",0,conforme padrao,True,caracteristico do produto,,False
AMA-2411-171,Amaciante de Roupas (esterquat),3,Estufa 40C,15,3.03,1.007,-0.197,0.0,0.394,0.346,1,liquido homogeneo com leve pelicula na superficie,0,conforme padrao,True,caracteristico do produto,,False
AMA-2411-171,Amaciante de Roupas (esterquat),3,Estufa 40C,30,2.95,1.009,-0.394,0.0,0.788,0.696,1,"homogeneo, leve turvacao em relacao ao padrao",0,conforme padrao,True,caracteristico do produto,,False
AMA-2411-171,Amaciante de Roupas (esterquat),3,Estufa 40C,60,2.81,1.011,-0.788,0.0,1.577,1.406,1,"homogeneo, leve turvacao em relacao ao padrao",1,"levemente diferente do padrao, conforme",True,caracteristico do produto,densidade fora de faixa,True
AMA-2411-171,Amaciante de Roupas (esterquat),3,Estufa 40C,90,2.58,1.014,-1.182,0.0,2.365,2.127,1,"homogeneo, leve turvacao em relacao ao padrao",2,perceptivelmente mais escura que o padrao,True,caracteristico,densidade fora de faixa,True
AMA-2411-171,Amaciante de Roupas (esterquat),3,Geladeira 5C,7,3.15,1.003,-0.002,0.0,0.004,0.003,1,liquido homogeneo com leve pelicula na superficie,0,conforme padrao,True,caracteristico,,False
AMA-2411-171,Amaciante de Roupas (esterquat),3,Geladeira 5C,15,3.16,1.007,-0.004,0.0,0.008,0.007,1,liquido homogeneo com leve pelicula na superficie,0,conforme padrao,True,caracteristico do produto,,False
AMA-2411-171,Amaciante de Roupas (esterquat),3,Geladeira 5C,30,3.17,1.006,-0.008,0.0,0.017,0.014,1,"homogeneo, leve turvacao em relacao ao padrao",0,conforme padrao,True,caracteristico do produto,,False
AMA-2411-171,Amaciante de Roupas (esterquat),3,Geladeira 5C,60,3.09,1.007,-0.017,0.0,0.033,0.029,1,liquido homogeneo com leve pelicula na superficie,0,conforme padrao,True,caracteristico do produto,,False
AMA-2411-171,Amaciante de Roupas (esterquat),3,Geladeira 5C,90,3.14,1.006,-0.025,0.0,0.05,0.043,1,"homogeneo, leve turvacao em relacao ao padrao",0,conforme padrao,True,caracteristico do produto,,False
AMA-2411-171,Amaciante de Roupas (esterquat),3,Luz Solar,7,3.08,1.005,-0.226,0.0,0.693,0.589,1,liquido homogeneo com leve pelicula na superficie,0,conforme padrao,True,caracteristico do produto,,False
AMA-2411-171,Amaciante de Roupas (esterquat),3,Luz Solar,15,3.13,1.009,-0.457,0.0,1.368,1.174,1,liquido homogeneo com leve pelicula na superficie,1,"levemente diferente do padrao, conforme",True,caracteristico,,False
AMA-2411-171,Amaciante de Roupas (esterquat),3,Luz Solar,30,3.08,1.009,-0.822,0.0,2.369,2.063,1,liquido homogeneo com leve pelicula na superficie,2,perceptivelmente mais escura que o padrao,True,caracteristico,,False
AMA-2411-171,Amaciante de Roupas (esterquat),3,Luz Solar,60,3.02,1.008,-1.359,0.0,3.674,3.254,1,liquido homogeneo com leve pelicula na superficie,3,amarelada em relacao ao padrao,True,caracteristico do produto,,False
AMA-2411-171,Amaciante de Roupas (esterquat),3,Luz Solar,90,2.99,1.007,-1.73,0.0,4.46,3.985,1,"homogeneo, leve turvacao em relacao ao padrao",3,amarelada em relacao ao padrao,True,caracteristico,,False
DES-2411-172,Desinfetante Quaternario Concentrado,3,Ambiente Escuro 25C,7,6.77,1.0,-0.015,0.0,0.031,0.017,1,liquido homogeneo com leve pelicula na superficie,0,conforme padrao,True,caracteristico do produto,,False
DES-2411-172,Desinfetante Quaternario Concentrado,3,Ambiente Escuro 25C,15,6.79,0.998,-0.033,0.0,0.066,0.037,2,"cremeacao visivel na superficie, reversivel a agitacao",0,conforme padrao,True,caracteristico do produto,,False
DES-2411-172,Desinfetante Quaternario Concentrado,3,Ambiente Escuro 25C,30,6.72,0.999,-0.066,0.0,0.132,0.074,2,"cremeacao visivel na superficie, reversivel a agitacao",0,conforme padrao,True,caracteristico do produto,,False
DES-2411-172,Desinfetante Quaternario Concentrado,3,Ambiente Escuro 25C,60,6.69,1.002,-0.132,0.0,0.264,0.148,2,"cremeacao visivel na superficie, reversivel a agitacao",0,conforme padrao,True,caracteristico,,False
DES-2411-172,Desinfetante Quaternario Concentrado,3,Ambiente Escuro 25C,90,6.72,1.003,-0.198,0.0,0.396,0.222,1,"homogeneo, leve turvacao em relacao ao padrao",0,conforme padrao,True,caracteristico do produto,,False
DES-2411-172,Desinfetante Quaternario Concentrado,3,Estufa 40C,7,6.72,1.003,-0.072,0.0,0.145,0.081,2,"cremeacao visivel na superficie, reversivel a agitacao",0,conforme padrao,True,caracteristico,,False
DES-2411-172,Desinfetante Quaternario Concentrado,3,Estufa 40C,15,6.74,1.002,-0.155,0.0,0.31,0.174,2,"cremeacao visivel na superficie, reversivel a agitacao",0,conforme padrao,True,caracteristico do produto,,False
DES-2411-172,Desinfetante Quaternario Concentrado,3,Estufa 40C,30,6.74,1.003,-0.31,0.0,0.619,0.349,3,sedimento no fundo nao reincorporavel,0,conforme padrao,True,caracteristico do produto,aspecto nao conforme,True
DES-2411-172,Desinfetante Quaternario Concentrado,3,Estufa 40C,60,6.49,1.001,-0.619,0.0,1.239,0.701,2,"leve cremeacao na superficie, porem conforme",0,conforme padrao,True,caracteristico do produto,,False
DES-2411-172,Desinfetante Quaternario Concentrado,3,Estufa 40C,90,6.41,1.004,-0.929,0.0,1.858,1.058,3,sedimento no fundo nao reincorporavel,1,"levemente diferente do padrao, conforme",True,caracteristico,aspecto nao conforme,True
DES-2411-172,Desinfetante Quaternario Concentrado,3,Geladeira 5C,7,6.78,0.999,-0.002,0.0,0.003,0.002,1,"homogeneo, leve turvacao em relacao ao padrao",0,conforme padrao,True,caracteristico,,False
DES-2411-172,Desinfetante Quaternario Concentrado,3,Geladeira 5C,15,6.79,1.0,-0.003,0.0,0.006,0.004,1,"homogeneo, leve turvacao em relacao ao padrao",0,conforme padrao,True,caracteristico do produto,,False
DES-2411-172,Desinfetante Quaternario Concentrado,3,Geladeira 5C,30,6.83,0.998,-0.006,0.0,0.013,0.007,1,liquido homogeneo com leve pelicula na superficie,0,conforme padrao,True,caracteristico do produto,,False
DES-2411-172,Desinfetante Quaternario Concentrado,3,Geladeira 5C,60,6.8,1.0,-0.013,0.0,0.026,0.015,1,liquido homogeneo com leve pelicula na superficie,0,conforme padrao,True,caracteristico,,False
DES-2411-172,Desinfetante Quaternario Concentrado,3,Geladeira 5C,90,6.72,0.998,-0.019,0.0,0.039,0.022,1,"homogeneo, leve turvacao em relacao ao padrao",0,conforme padrao,True,caracteristico,,False
DES-2411-172,Desinfetante Quaternario Concentrado,3,Luz Solar,7,6.75,1.001,-0.344,0.0,1.084,0.507,2,"leve cremeacao na superficie, porem conforme",0,conforme padrao,True,caracteristico,,False
DES-2411-172,Desinfetante Quaternario Concentrado,3,Luz Solar,15,6.77,1.002,-0.691,0.0,2.131,1.017,2,"cremeacao visivel na superficie, reversivel a agitacao",1,"levemente diferente do padrao, conforme",True,caracteristico do produto,,False
DES-2411-172,Desinfetante Quaternario Concentrado,3,Luz Solar,30,6.67,1.0,-1.231,0.0,3.655,1.8,1,liquido homogeneo com leve pelicula na superficie,2,perceptivelmente mais escura que o padrao,True,caracteristico,,False
DES-2411-172,Desinfetante Quaternario Concentrado,3,Luz Solar,60,6.73,1.002,-1.991,0.0,5.559,2.865,1,"homogeneo, leve turvacao em relacao ao padrao",2,perceptivelmente mais escura que o padrao,True,caracteristico do produto,,False
DES-2411-172,Desinfetante Quaternario Concentrado,3,Luz Solar,90,6.62,1.0,-2.479,0.0,6.606,3.509,2,"leve cremeacao na superficie, porem conforme",3,amarelada em relacao ao padrao,True,caracteristico,,False
LMU-2411-174,Limpador Multiuso Alcalino,3,Ambiente Escuro 25C,7,10.72,1.011,-0.021,0.0,0.042,0.03,0,"liquido homogeneo, sem alteracao",0,conforme padrao,True,caracteristico do produto,,False
LMU-2411-174,Limpador Multiuso Alcalino,3,Ambiente Escuro 25C,15,10.7,1.012,-0.045,0.0,0.09,0.065,0,"liquido homogeneo, sem alteracao",0,conforme padrao,True,caracteristico do produto,,False
LMU-2411-174,Limpador Multiuso Alcalino,3,Ambiente Escuro 25C,30,10.76,1.012,-0.09,0.0,0.18,0.129,0,"liquido homogeneo, levemente opalescente",0,conforme padrao,True,caracteristico,,False
LMU-2411-174,Limpador Multiuso Alcalino,3,Ambiente Escuro 25C,60,10.68,1.011,-0.18,0.0,0.36,0.259,0,"liquido homogeneo, limpido",0,conforme padrao,True,caracteristico,,False
LMU-2411-174,Limpador Multiuso Alcalino,3,Ambiente Escuro 25C,90,10.63,1.008,-0.27,0.0,0.54,0.388,0,"liquido homogeneo, limpido",0,conforme padrao,False,"caracteristico, porem alterado",odor alterado,True
LMU-2411-174,Limpador Multiuso Alcalino,3,Estufa 40C,7,10.78,1.01,-0.099,0.0,0.197,0.142,0,"liquido homogeneo, sem alteracao",0,conforme padrao,True,caracteristico do produto,,False
LMU-2411-174,Limpador Multiuso Alcalino,3,Estufa 40C,15,10.61,1.012,-0.211,0.0,0.422,0.303,0,"liquido homogeneo, levemente opalescente",0,conforme padrao,True,caracteristico do produto,,False
LMU-2411-174,Limpador Multiuso Alcalino,3,Estufa 40C,30,10.6,1.011,-0.422,0.0,0.845,0.605,0,"liquido homogeneo, sem alteracao",0,conforme padrao,True,caracteristico,,False
LMU-2411-174,Limpador Multiuso Alcalino,3,Estufa 40C,60,10.47,1.014,-0.845,0.0,1.689,1.206,0,"liquido homogeneo, limpido",1,"levemente diferente do padrao, conforme",True,caracteristico,,False
LMU-2411-174,Limpador Multiuso Alcalino,3,Estufa 40C,90,10.39,1.018,-1.267,0.0,2.534,1.802,0,"liquido homogeneo, sem alteracao",2,perceptivelmente mais escura que o padrao,True,caracteristico,,False
LMU-2411-174,Limpador Multiuso Alcalino,3,Geladeira 5C,7,10.7,1.012,-0.002,0.0,0.004,0.003,0,"liquido homogeneo, levemente opalescente",0,conforme padrao,True,caracteristico,,False
LMU-2411-174,Limpador Multiuso Alcalino,3,Geladeira 5C,15,10.74,1.008,-0.004,0.0,0.009,0.006,0,"liquido homogeneo, levemente opalescente",0,conforme padrao,True,caracteristico do produto,,False
LMU-2411-174,Limpador Multiuso Alcalino,3,Geladeira 5C,30,10.71,1.012,-0.009,0.0,0.018,0.013,0,"liquido homogeneo, levemente opalescente",0,conforme padrao,True,caracteristico do produto,,False
LMU-2411-174,Limpador Multiuso Alcalino,3,Geladeira 5C,60,10.76,1.009,-0.018,0.0,0.035,0.025,0,"liquido homogeneo, limpido",0,conforme padrao,True,caracteristico,,False
LMU-2411-174,Limpador Multiuso Alcalino,3,Geladeira 5C,90,10.75,1.01,-0.027,0.0,0.053,0.038,0,"liquido homogeneo, limpido",0,conforme padrao,True,caracteristico,,False
LMU-2411-174,Limpador Multiuso Alcalino,3,Luz Solar,7,10.74,1.007,-0.32,0.0,0.993,0.649,0,"liquido homogeneo, levemente opalescente",0,conforme padrao,True,caracteristico do produto,,False
LMU-2411-174,Limpador Multiuso Alcalino,3,Luz Solar,15,10.73,1.008,-0.644,0.0,1.955,1.274,0,"liquido homogeneo, levemente opalescente",1,"levemente diferente do padrao, conforme",False,"caracteristico, porem alterado",odor alterado,True
LMU-2411-174,Limpador Multiuso Alcalino,3,Luz Solar,30,10.73,1.014,-1.152,0.0,3.369,2.189,0,"liquido homogeneo, limpido",2,perceptivelmente mais escura que o padrao,True,caracteristico,,False
LMU-2411-174,Limpador Multiuso Alcalino,3,Luz Solar,60,10.68,1.013,-1.884,0.0,5.175,3.362,0,"liquido homogeneo, limpido",3,amarelada em relacao ao padrao,True,caracteristico do produto,,False
LMU-2411-174,Limpador Multiuso Alcalino,3,Luz Solar,90,10.62,1.01,-2.372,0.0,6.216,4.051,0,"liquido homogeneo, limpido",3,amarelada em relacao ao padrao,True,caracteristico,,False
DLR-2411-176,Detergente Liquido para Roupas,3,Ambiente Escuro 25C,7,9.53,1.019,-0.018,0.0,0.036,0.031,0,"liquido homogeneo, levemente opalescente",0,conforme padrao,True,caracteristico,,False
DLR-2411-176,Detergente Liquido para Roupas,3,Ambiente Escuro 25C,15,9.56,1.018,-0.039,0.0,0.078,0.066,0,"liquido homogeneo, sem alteracao",0,conforme padrao,False,"caracteristico, porem alterado",odor alterado,True
DLR-2411-176,Detergente Liquido para Roupas,3,Ambiente Escuro 25C,30,9.51,1.019,-0.078,0.0,0.156,0.132,0,"liquido homogeneo, limpido",0,conforme padrao,True,caracteristico,,False
DLR-2411-176,Detergente Liquido para Roupas,3,Ambiente Escuro 25C,60,9.53,1.023,-0.156,0.0,0.312,0.263,0,"liquido homogeneo, sem alteracao",0,conforme padrao,True,caracteristico,,False
DLR-2411-176,Detergente Liquido para Roupas,3,Ambiente Escuro 25C,90,9.54,1.019,-0.234,0.0,0.468,0.395,0,"liquido homogeneo, sem alteracao",0,conforme padrao,True,caracteristico do produto,,False
DLR-2411-176,Detergente Liquido para Roupas,3,Estufa 40C,7,9.5,1.02,-0.085,0.0,0.171,0.144,0,"liquido homogeneo, sem alteracao",0,conforme padrao,True,caracteristico,,False
DLR-2411-176,Detergente Liquido para Roupas,3,Estufa 40C,15,9.56,1.022,-0.183,0.0,0.366,0.309,0,"liquido homogeneo, limpido",0,conforme padrao,True,caracteristico do produto,,False
DLR-2411-176,Detergente Liquido para Roupas,3,Estufa 40C,30,9.49,1.019,-0.366,0.0,0.732,0.618,0,"liquido homogeneo, limpido",0,conforme padrao,True,caracteristico,,False
DLR-2411-176,Detergente Liquido para Roupas,3,Estufa 40C,60,9.45,1.021,-0.732,0.0,1.464,1.234,0,"liquido homogeneo, sem alteracao",1,"levemente diferente do padrao, conforme",True,caracteristico,,False
DLR-2411-176,Detergente Liquido para Roupas,3,Estufa 40C,90,9.33,1.026,-1.098,0.0,2.196,1.849,0,"liquido homogeneo, limpido",2,perceptivelmente mais escura que o padrao,True,caracteristico do produto,,False
DLR-2411-176,Detergente Liquido para Roupas,3,Geladeira 5C,7,9.53,1.019,-0.002,0.0,0.004,0.003,0,"liquido homogeneo, levemente opalescente",0,conforme padrao,True,caracteristico,,False
DLR-2411-176,Detergente Liquido para Roupas,3,Geladeira 5C,15,9.51,1.019,-0.004,0.0,0.008,0.006,0,"liquido homogeneo, levemente opalescente",0,conforme padrao,True,caracteristico,,False
DLR-2411-176,Detergente Liquido para Roupas,3,Geladeira 5C,30,9.58,1.02,-0.008,0.0,0.015,0.013,0,"liquido homogeneo, sem alteracao",0,conforme padrao,True,caracteristico,,False
DLR-2411-176,Detergente Liquido para Roupas,3,Geladeira 5C,60,9.55,1.016,-0.015,0.0,0.031,0.026,0,"liquido homogeneo, limpido",0,conforme padrao,True,caracteristico,,False
DLR-2411-176,Detergente Liquido para Roupas,3,Geladeira 5C,90,9.51,1.02,-0.023,0.0,0.046,0.039,0,"liquido homogeneo, limpido",0,conforme padrao,True,caracteristico do produto,,False
DLR-2411-176,Detergente Liquido para Roupas,3,Luz Solar,7,9.54,1.018,-0.281,0.0,0.873,0.699,0,"liquido homogeneo, levemente opalescente",0,conforme padrao,True,caracteristico,,False
DLR-2411-176,Detergente Liquido para Roupas,3,Luz Solar,15,9.55,1.021,-0.565,0.0,1.719,1.377,0,"liquido homogeneo, sem alteracao",1,"levemente diferente do padrao, conforme",True,caracteristico,,False
DLR-2411-176,Detergente Liquido para Roupas,3,Luz Solar,30,9.5,1.02,-1.012,0.0,2.961,2.372,0,"liquido homogeneo, levemente opalescente",2,perceptivelmente mais escura que o padrao,True,caracteristico do produto,,False
DLR-2411-176,Detergente Liquido para Roupas,3,Luz Solar,60,9.5,1.019,-1.654,0.0,4.546,3.641,0,"liquido homogeneo, sem alteracao",3,amarelada em relacao ao padrao,True,caracteristico,,False
DLR-2411-176,Detergente Liquido para Roupas,3,Luz Solar,90,9.46,1.024,-2.082,0.0,5.457,4.375,0,"liquido homogeneo, sem alteracao",3,amarelada em relacao ao padrao,True,caracteristico,,False
LMU-2411-178,Limpador Multiuso Alcalino,3,Ambiente Escuro 25C,7,9.81,1.007,-0.021,0.0,0.042,0.03,0,"liquido homogeneo, limpido",0,conforme padrao,True,caracteristico,,False
LMU-2411-178,Limpador Multiuso Alcalino,3,Ambiente Escuro 25C,15,9.82,1.008,-0.045,0.0,0.09,0.065,0,"liquido homogeneo, limpido",0,conforme padrao,True,caracteristico do produto,,False
LMU-2411-178,Limpador Multiuso Alcalino,3,Ambiente Escuro 25C,30,9.72,1.005,-0.09,0.0,0.18,0.13,0,"liquido homogeneo, limpido",0,conforme padrao,True,caracteristico do produto,,False
LMU-2411-178,Limpador Multiuso Alcalino,3,Ambiente Escuro 25C,60,9.79,1.007,-0.18,0.0,0.36,0.259,0,"liquido homogeneo, limpido",0,conforme padrao,True,caracteristico do produto,,False
LMU-2411-178,Limpador Multiuso Alcalino,3,Ambiente Escuro 25C,90,9.68,1.008,-0.27,0.0,0.54,0.389,0,"liquido homogeneo, levemente opalescente",0,conforme padrao,True,caracteristico do produto,,False
LMU-2411-178,Limpador Multiuso Alcalino,3,Estufa 40C,7,9.82,1.005,-0.099,0.0,0.197,0.142,0,"liquido homogeneo, limpido",0,conforme padrao,True,caracteristico do produto,,False
LMU-2411-178,Limpador Multiuso Alcalino,3,Estufa 40C,15,9.73,1.007,-0.211,0.0,0.422,0.304,0,"liquido homogeneo, levemente opalescente",0,conforme padrao,True,caracteristico,,False
LMU-2411-178,Limpador Multiuso Alcalino,3,Estufa 40C,30,9.68,1.008,-0.422,0.0,0.845,0.607,0,"liquido homogeneo, sem alteracao",0,conforme padrao,True,caracteristico,,False
LMU-2411-178,Limpador Multiuso Alcalino,3,Estufa 40C,60,9.61,1.009,-0.845,0.0,1.689,1.209,0,"liquido homogeneo, sem alteracao",1,"levemente diferente do padrao, conforme",True,caracteristico do produto,,False
LMU-2411-178,Limpador Multiuso Alcalino,3,Estufa 40C,90,9.51,1.011,-1.267,0.0,2.534,1.806,0,"liquido homogeneo, sem alteracao",2,perceptivelmente mais escura que o padrao,True,caracteristico,,False
LMU-2411-178,Limpador Multiuso Alcalino,3,Geladeira 5C,7,9.86,1.006,-0.002,0.0,0.004,0.003,0,"liquido homogeneo, levemente opalescente",0,conforme padrao,True,caracteristico do produto,,False
LMU-2411-178,Limpador Multiuso Alcalino,3,Geladeira 5C,15,9.76,1.007,-0.004,0.0,0.009,0.006,0,"liquido homogeneo, sem alteracao",0,conforme padrao,True,caracteristico do produto,,False
LMU-2411-178,Limpador Multiuso Alcalino,3,Geladeira 5C,30,9.81,1.006,-0.009,0.0,0.018,0.013,0,"liquido homogeneo, levemente opalescente",0,conforme padrao,True,caracteristico,,False
LMU-2411-178,Limpador Multiuso Alcalino,3,Geladeira 5C,60,9.9,1.005,-0.018,0.0,0.035,0.026,0,"liquido homogeneo, sem alteracao",0,conforme padrao,True,caracteristico,,False
LMU-2411-178,Limpador Multiuso Alcalino,3,Geladeira 5C,90,9.8,1.005,-0.027,0.0,0.053,0.038,0,"liquido homogeneo, levemente opalescente",0,conforme padrao,True,caracteristico do produto,,False
LMU-2411-178,Limpador Multiuso Alcalino,3,Luz Solar,7,9.79,1.006,-0.32,0.0,0.993,0.653,0,"liquido homogeneo, levemente opalescente",0,conforme padrao,True,caracteristico do produto,,False
LMU-2411-178,Limpador Multiuso Alcalino,3,Luz Solar,15,9.85,1.007,-0.644,0.0,1.955,1.283,0,"liquido homogeneo, limpido",1,"levemente diferente do padrao, conforme",True,caracteristico,,False
LMU-2411-178,Limpador Multiuso Alcalino,3,Luz Solar,30,9.82,1.006,-1.152,0.0,3.369,2.202,0,"liquido homogeneo, sem alteracao",2,perceptivelmente mais escura que o padrao,True,caracteristico,,False
LMU-2411-178,Limpador Multiuso Alcalino,3,Luz Solar,60,9.76,1.008,-1.884,0.0,5.175,3.379,0,"liquido homogeneo, levemente opalescente",3,amarelada em relacao ao padrao,True,caracteristico do produto,,False
LMU-2411-178,Limpador Multiuso Alcalino,3,Luz Solar,90,9.68,1.005,-2.372,0.0,6.216,4.07,0,"liquido homogeneo, limpido",3,amarelada em relacao ao padrao,True,caracteristico do produto,,False
ALV-2411-179,Alvejante Liquido sem Cloro,3,Ambiente Escuro 25C,7,4.35,1.056,-0.014,0.0,0.028,0.025,1,liquido homogeneo com leve pelicula na superficie,0,conforme padrao,True,caracteristico do produto,,False
ALV-2411-179,Alvejante Liquido sem Cloro,3,Ambiente Escuro 25C,15,4.39,1.056,-0.03,0.0,0.06,0.053,1,"homogeneo, leve turvacao em relacao ao padrao",0,conforme padrao,True,caracteristico do produto,,False
ALV-2411-179,Alvejante Liquido sem Cloro,3,Ambiente Escuro 25C,30,4.34,1.057,-0.06,0.0,0.12,0.107,2,"leve cremeacao na superficie, porem conforme",0,conforme padrao,True,caracteristico do produto,,False
ALV-2411-179,Alvejante Liquido sem Cloro,3,Ambiente Escuro 25C,60,4.25,1.057,-0.12,0.0,0.24,0.213,1,"homogeneo, leve turvacao em relacao ao padrao",0,conforme padrao,True,caracteristico do produto,,False
ALV-2411-179,Alvejante Liquido sem Cloro,3,Ambiente Escuro 25C,90,4.14,1.056,-0.18,0.0,0.36,0.318,2,"cremeacao visivel na superficie, reversivel a agitacao",0,conforme padrao,True,caracteristico do produto,,False
ALV-2411-179,Alvejante Liquido sem Cloro,3,Estufa 40C,7,4.25,1.056,-0.066,0.0,0.131,0.117,2,"cremeacao visivel na superficie, reversivel a agitacao",0,conforme padrao,True,caracteristico,,False
ALV-2411-179,Alvejante Liquido sem Cloro,3,Estufa 40C,15,4.23,1.058,-0.141,0.0,0.282,0.249,1,liquido homogeneo com leve pelicula na superficie,0,conforme padrao,True,caracteristico,,False
ALV-2411-179,Alvejante Liquido sem Cloro,3,Estufa 40C,30,4.11,1.059,-0.282,0.0,0.563,0.496,2,"cremeacao visivel na superficie, reversivel a agitacao",0,conforme padrao,True,caracteristico,,False
ALV-2411-179,Alvejante Liquido sem Cloro,3,Estufa 40C,60,3.93,1.062,-0.563,0.0,1.126,0.984,2,"leve cremeacao na superficie, porem conforme",1,"levemente diferente do padrao, conforme",True,caracteristico,densidade fora de faixa,True
ALV-2411-179,Alvejante Liquido sem Cloro,3,Estufa 40C,90,3.67,1.064,-0.845,0.0,1.689,1.463,2,"cremeacao visivel na superficie, reversivel a agitacao",1,"levemente diferente do padrao, conforme",True,caracteristico,densidade fora de faixa,True
ALV-2411-179,Alvejante Liquido sem Cloro,3,Geladeira 5C,7,4.37,1.057,-0.001,0.0,0.003,0.002,2,"leve cremeacao na superficie, porem conforme",0,conforme padrao,True,caracteristico,,False
ALV-2411-179,Alvejante Liquido sem Cloro,3,Geladeira 5C,15,4.34,1.054,-0.003,0.0,0.006,0.005,1,liquido homogeneo com leve pelicula na superficie,0,conforme padrao,True,caracteristico,,False
ALV-2411-179,Alvejante Liquido sem Cloro,3,Geladeira 5C,30,4.4,1.058,-0.006,0.0,0.012,0.01,1,"homogeneo, leve turvacao em relacao ao padrao",0,conforme padrao,True,caracteristico do produto,,False
ALV-2411-179,Alvejante Liquido sem Cloro,3,Geladeira 5C,60,4.31,1.052,-0.012,0.0,0.024,0.021,2,"cremeacao visivel na superficie, reversivel a agitacao",0,conforme padrao,True,caracteristico do produto,,False
ALV-2411-179,Alvejante Liquido sem Cloro,3,Geladeira 5C,90,4.33,1.055,-0.018,0.0,0.035,0.031,2,"leve cremeacao na superficie, porem conforme",0,conforme padrao,True,caracteristico,,False
ALV-2411-179,Alvejante Liquido sem Cloro,3,Luz Solar,7,4.29,1.058,-0.376,0.0,1.19,1.0,2,"cremeacao visivel na superficie, reversivel a agitacao",1,"levemente diferente do padrao, conforme",True,caracteristico do produto,,False
ALV-2411-179,Alvejante Liquido sem Cloro,3,Luz Solar,15,4.27,1.058,-0.754,0.0,2.337,1.928,1,"homogeneo, leve turvacao em relacao ao padrao",2,perceptivelmente mais escura que o padrao,True,caracteristico do produto,,False
ALV-2411-179,Alvejante Liquido sem Cloro,3,Luz Solar,30,4.26,1.058,-1.34,0.0,4.002,3.22,2,"cremeacao visivel na superficie, reversivel a agitacao",3,amarelada em relacao ao padrao,True,caracteristico,,False
ALV-2411-179,Alvejante Liquido sem Cloro,3,Luz Solar,60,4.16,1.059,-2.16,0.0,6.066,4.745,2,"cremeacao visivel na superficie, reversivel a agitacao",3,amarelada em relacao ao padrao,True,caracteristico,,False
ALV-2411-179,Alvejante Liquido sem Cloro,3,Luz Solar,90,4.08,1.06,-2.678,0.0,7.18,5.544,2,"leve cremeacao na superficie, porem conforme",3,amarelada em relacao ao padrao,True,caracteristico,,False
ALV-2411-180,Alvejante Liquido sem Cloro,3,Ambiente Escuro 25C,7,4.12,1.056,-0.014,0.0,0.028,0.025,1,liquido homogeneo com leve pelicula na superficie,0,conforme padrao,True,caracteristico,,False
ALV-2411-180,Alvejante Liquido sem Cloro,3,Ambiente Escuro 25C,15,4.16,1.057,-0.03,0.0,0.06,0.053,1,liquido homogeneo com leve pelicula na superficie,0,conforme padrao,True,caracteristico do produto,,False
ALV-2411-180,Alvejante Liquido sem Cloro,3,Ambiente Escuro 25C,30,4.09,1.056,-0.06,0.0,0.12,0.106,1,liquido homogeneo com leve pelicula na superficie,0,conforme padrao,True,caracteristico,,False
ALV-2411-180,Alvejante Liquido sem Cloro,3,Ambiente Escuro 25C,60,4.09,1.061,-0.12,0.0,0.24,0.211,2,"leve cremeacao na superficie, porem conforme",0,conforme padrao,True,caracteristico do produto,densidade fora de faixa,True
ALV-2411-180,Alvejante Liquido sem Cloro,3,Ambiente Escuro 25C,90,4.0,1.059,-0.18,0.0,0.36,0.316,2,"leve cremeacao na superficie, porem conforme",0,conforme padrao,True,caracteristico do produto,,False
ALV-2411-180,Alvejante Liquido sem Cloro,3,Estufa 40C,7,4.06,1.058,-0.066,0.0,0.131,0.116,1,liquido homogeneo com leve pelicula na superficie,0,conforme padrao,True,caracteristico do produto,,False
ALV-2411-180,Alvejante Liquido sem Cloro,3,Estufa 40C,15,4.02,1.057,-0.141,0.0,0.282,0.247,1,"homogeneo, leve turvacao em relacao ao padrao",0,conforme padrao,True,caracteristico do produto,,False
ALV-2411-180,Alvejante Liquido sem Cloro,3,Estufa 40C,30,3.94,1.058,-0.282,0.0,0.563,0.493,2,"leve cremeacao na superficie, porem conforme",0,conforme padrao,True,caracteristico do produto,,False
ALV-2411-180,Alvejante Liquido sem Cloro,3,Estufa 40C,60,3.72,1.062,-0.563,0.0,1.126,0.977,2,"cremeacao visivel na superficie, reversivel a agitacao",1,"levemente diferente do padrao, conforme",True,caracteristico do produto,densidade fora de faixa,True
ALV-2411-180,Alvejante Liquido sem Cloro,3,Estufa 40C,90,3.51,1.064,-0.845,0.0,1.689,1.453,2,"cremeacao visivel na superficie, reversivel a agitacao",1,"levemente diferente do padrao, conforme",True,caracteristico,densidade fora de faixa,True
ALV-2411-180,Alvejante Liquido sem Cloro,3,Geladeira 5C,7,4.15,1.055,-0.001,0.0,0.003,0.002,1,liquido homogeneo com leve pelicula na superficie,0,conforme padrao,True,caracteristico do produto,,False
ALV-2411-180,Alvejante Liquido sem Cloro,3,Geladeira 5C,15,4.15,1.054,-0.003,0.0,0.006,0.005,1,"homogeneo, leve turvacao em relacao ao padrao",0,conforme padrao,True,caracteristico do produto,,False
ALV-2411-180,Alvejante Liquido sem Cloro,3,Geladeira 5C,30,4.16,1.058,-0.006,0.0,0.012,0.01,1,liquido homogeneo com leve pelicula na superficie,0,conforme padrao,True,caracteristico,,False
ALV-2411-180,Alvejante Liquido sem Cloro,3,Geladeira 5C,60,4.19,1.057,-0.012,0.0,0.024,0.021,1,liquido homogeneo com leve pelicula na superficie,0,conforme padrao,True,caracteristico,,False
ALV-2411-180,Alvejante Liquido sem Cloro,3,Geladeira 5C,90,4.16,1.059,-0.018,0.0,0.035,0.031,0,"liquido homogeneo, limpido",0,conforme padrao,True,caracteristico do produto,,False
ALV-2411-180,Alvejante Liquido sem Cloro,3,Luz Solar,7,4.17,1.057,-0.376,0.0,1.19,0.992,1,liquido homogeneo com leve pelicula na superficie,1,"levemente diferente do padrao, conforme",True,caracteristico do produto,,False
ALV-2411-180,Alvejante Liquido sem Cloro,3,Luz Solar,15,4.11,1.056,-0.754,0.0,2.337,1.915,1,"homogeneo, leve turvacao em relacao ao padrao",2,perceptivelmente mais escura que o padrao,True,caracteristico,,False
ALV-2411-180,Alvejante Liquido sem Cloro,3,Luz Solar,30,4.08,1.058,-1.34,0.0,4.002,3.203,2,"leve cremeacao na superficie, porem conforme",3,amarelada em relacao ao padrao,True,caracteristico do produto,,False
ALV-2411-180,Alvejante Liquido sem Cloro,3,Luz Solar,60,3.97,1.058,-2.16,0.0,6.066,4.725,1,liquido homogeneo com leve pelicula na superficie,3,amarelada em relacao ao padrao,True,caracteristico,,False
ALV-2411-180,Alvejante Liquido sem Cloro,3,Luz Solar,90,3.89,1.062,-2.678,0.0,7.18,5.523,2,"leve cremeacao na superficie, porem conforme",3,amarelada em relacao ao padrao,True,caracteristico,densidade fora de faixa,True
AMA-2411-181,Amaciante de Roupas (esterquat),3,Ambiente Escuro 25C,7,3.09,0.992,-0.02,0.0,0.039,0.034,2,"leve cremeacao na superficie, porem conforme",0,conforme padrao,True,caracteristico do produto,,False
AMA-2411-181,Amaciante de Roupas (esterquat),3,Ambiente Escuro 25C,15,3.05,0.99,-0.042,0.0,0.084,0.074,1,liquido homogeneo com leve pelicula na superficie,0,conforme padrao,True,caracteristico do produto,,False
AMA-2411-181,Amaciante de Roupas (esterquat),3,Ambiente Escuro 25C,30,3.05,0.992,-0.084,0.0,0.168,0.148,2,"leve cremeacao na superficie, porem conforme",0,conforme padrao,True,caracteristico do produto,,False
AMA-2411-181,Amaciante de Roupas (esterquat),3,Ambiente Escuro 25C,60,3.0,0.991,-0.168,0.0,0.336,0.296,2,"leve cremeacao na superficie, porem conforme",0,conforme padrao,True,caracteristico,,False
AMA-2411-181,Amaciante de Roupas (esterquat),3,Ambiente Escuro 25C,90,2.96,0.994,-0.252,0.0,0.504,0.445,2,"leve cremeacao na superficie, porem conforme",0,conforme padrao,True,caracteristico,,False
AMA-2411-181,Amaciante de Roupas (esterquat),3,Estufa 40C,7,2.98,0.989,-0.092,0.0,0.184,0.162,1,"homogeneo, leve turvacao em relacao ao padrao",0,conforme padrao,True,caracteristico do produto,,False
AMA-2411-181,Amaciante de Roupas (esterquat),3,Estufa 40C,15,3.03,0.992,-0.197,0.0,0.394,0.348,2,"cremeacao visivel na superficie, reversivel a agitacao",0,conforme padrao,True,caracteristico do produto,,False
AMA-2411-181,Amaciante de Roupas (esterquat),3,Estufa 40C,30,2.89,0.994,-0.394,0.0,0.788,0.698,1,"homogeneo, leve turvacao em relacao ao padrao",0,conforme padrao,True,caracteristico,,False
AMA-2411-181,Amaciante de Roupas (esterquat),3,Estufa 40C,60,2.66,0.998,-0.788,0.0,1.577,1.41,2,"cremeacao visivel na superficie, reversivel a agitacao",1,"levemente diferente do padrao, conforme",True,caracteristico,,False
AMA-2411-181,Amaciante de Roupas (esterquat),3,Estufa 40C,90,2.46,0.996,-1.182,0.0,2.365,2.133,3,sedimento no fundo nao reincorporavel,2,perceptivelmente mais escura que o padrao,True,caracteristico,pH fora de faixa; aspecto nao conforme,True
AMA-2411-181,Amaciante de Roupas (esterquat),3,Geladeira 5C,7,3.13,0.992,-0.002,0.0,0.004,0.003,1,liquido homogeneo com leve pelicula na superficie,0,conforme padrao,True,caracteristico,,False
AMA-2411-181,Amaciante de Roupas (esterquat),3,Geladeira 5C,15,3.11,0.992,-0.004,0.0,0.008,0.007,2,"leve cremeacao na superficie, porem conforme",0,conforme padrao,True,caracteristico do produto,,False
AMA-2411-181,Amaciante de Roupas (esterquat),3,Geladeira 5C,30,3.08,0.989,-0.008,0.0,0.017,0.014,1,"homogeneo, leve turvacao em relacao ao padrao",0,conforme padrao,True,caracteristico,,False
AMA-2411-181,Amaciante de Roupas (esterquat),3,Geladeira 5C,60,3.08,0.995,-0.017,0.0,0.033,0.029,2,"leve cremeacao na superficie, porem conforme",0,conforme padrao,True,caracteristico,,False
AMA-2411-181,Amaciante de Roupas (esterquat),3,Geladeira 5C,90,3.11,0.992,-0.025,0.0,0.05,0.043,2,"cremeacao visivel na superficie, reversivel a agitacao",0,conforme padrao,True,caracteristico do produto,,False
AMA-2411-181,Amaciante de Roupas (esterquat),3,Luz Solar,7,3.11,0.99,-0.226,0.0,0.693,0.591,2,"cremeacao visivel na superficie, reversivel a agitacao",0,conforme padrao,True,caracteristico,,False
AMA-2411-181,Amaciante de Roupas (esterquat),3,Luz Solar,15,3.06,0.993,-0.457,0.0,1.368,1.178,1,liquido homogeneo com leve pelicula na superficie,1,"levemente diferente do padrao, conforme",True,caracteristico,,False
AMA-2411-181,Amaciante de Roupas (esterquat),3,Luz Solar,30,3.01,0.99,-0.822,0.0,2.369,2.067,1,"homogeneo, leve turvacao em relacao ao padrao",2,perceptivelmente mais escura que o padrao,True,caracteristico do produto,,False
AMA-2411-181,Amaciante de Roupas (esterquat),3,Luz Solar,60,2.93,0.993,-1.359,0.0,3.674,3.258,2,"cremeacao visivel na superficie, reversivel a agitacao",3,amarelada em relacao ao padrao,True,caracteristico do produto,,False
AMA-2411-181,Amaciante de Roupas (esterquat),3,Luz Solar,90,2.85,0.992,-1.73,0.0,4.46,3.989,2,"leve cremeacao na superficie, porem conforme",3,amarelada em relacao ao padrao,True,caracteristico,,False
LMU-2411-182,Limpador Multiuso Alcalino,3,Ambiente Escuro 25C,7,10.46,1.014,-0.021,0.0,0.042,0.03,1,"homogeneo, leve turvacao em relacao ao padrao",0,conforme padrao,True,caracteristico do produto,,False
LMU-2411-182,Limpador Multiuso Alcalino,3,Ambiente Escuro 25C,15,10.48,1.01,-0.045,0.0,0.09,0.064,1,liquido homogeneo com leve pelicula na superficie,0,conforme padrao,True,caracteristico,,False
LMU-2411-182,Limpador Multiuso Alcalino,3,Ambiente Escuro 25C,30,10.45,1.011,-0.09,0.0,0.18,0.129,1,liquido homogeneo com leve pelicula na superficie,0,conforme padrao,True,caracteristico do produto,,False
LMU-2411-182,Limpador Multiuso Alcalino,3,Ambiente Escuro 25C,60,10.41,1.012,-0.18,0.0,0.36,0.257,0,"liquido homogeneo, levemente opalescente",0,conforme padrao,True,caracteristico do produto,,False
LMU-2411-182,Limpador Multiuso Alcalino,3,Ambiente Escuro 25C,90,10.35,1.011,-0.27,0.0,0.54,0.385,0,"liquido homogeneo, limpido",0,conforme padrao,True,caracteristico,,False
LMU-2411-182,Limpador Multiuso Alcalino,3,Estufa 40C,7,10.46,1.009,-0.099,0.0,0.197,0.141,1,liquido homogeneo com leve pelicula na superficie,0,conforme padrao,True,caracteristico,,False
LMU-2411-182,Limpador Multiuso Alcalino,3,Estufa 40C,15,10.38,1.012,-0.211,0.0,0.422,0.302,1,liquido homogeneo com leve pelicula na superficie,0,conforme padrao,True,caracteristico do produto,,False
LMU-2411-182,Limpador Multiuso Alcalino,3,Estufa 40C,30,10.3,1.014,-0.422,0.0,0.845,0.602,0,"liquido homogeneo, limpido",0,conforme padrao,True,caracteristico,,False
LMU-2411-182,Limpador Multiuso Alcalino,3,Estufa 40C,60,10.1,1.014,-0.845,0.0,1.689,1.199,0,"liquido homogeneo, limpido",1,"levemente diferente do padrao, conforme",True,caracteristico do produto,,False
LMU-2411-182,Limpador Multiuso Alcalino,3,Estufa 40C,90,9.99,1.014,-1.267,0.0,2.534,1.791,0,"liquido homogeneo, levemente opalescente",2,perceptivelmente mais escura que o padrao,True,caracteristico,,False
LMU-2411-182,Limpador Multiuso Alcalino,3,Geladeira 5C,7,10.5,1.008,-0.002,0.0,0.004,0.003,0,"liquido homogeneo, sem alteracao",0,conforme padrao,True,caracteristico do produto,,False
LMU-2411-182,Limpador Multiuso Alcalino,3,Geladeira 5C,15,10.51,1.01,-0.004,0.0,0.009,0.006,1,"homogeneo, leve turvacao em relacao ao padrao",0,conforme padrao,True,caracteristico do produto,,False
LMU-2411-182,Limpador Multiuso Alcalino,3,Geladeira 5C,30,10.44,1.01,-0.009,0.0,0.018,0.013,1,liquido homogeneo com leve pelicula na superficie,0,conforme padrao,True,caracteristico,,False
LMU-2411-182,Limpador Multiuso Alcalino,3,Geladeira 5C,60,10.5,1.009,-0.018,0.0,0.035,0.025,0,"liquido homogeneo, levemente opalescente",0,conforme padrao,True,caracteristico,,False
LMU-2411-182,Limpador Multiuso Alcalino,3,Geladeira 5C,90,10.49,1.01,-0.027,0.0,0.053,0.038,0,"liquido homogeneo, sem alteracao",0,conforme padrao,True,caracteristico do produto,,False
LMU-2411-182,Limpador Multiuso Alcalino,3,Luz Solar,7,10.43,1.009,-0.32,0.0,0.993,0.644,0,"liquido homogeneo, sem alteracao",0,conforme padrao,True,caracteristico,,False
LMU-2411-182,Limpador Multiuso Alcalino,3,Luz Solar,15,10.46,1.008,-0.644,0.0,1.955,1.264,1,"homogeneo, leve turvacao em relacao ao padrao",1,"levemente diferente do padrao, conforme",True,caracteristico do produto,,False
LMU-2411-182,Limpador Multiuso Alcalino,3,Luz Solar,30,10.44,1.011,-1.152,0.0,3.369,2.172,1,"homogeneo, leve turvacao em relacao ao padrao",2,perceptivelmente mais escura que o padrao,True,caracteristico do produto,,False
LMU-2411-182,Limpador Multiuso Alcalino,3,Luz Solar,60,10.35,1.013,-1.884,0.0,5.175,3.337,0,"liquido homogeneo, sem alteracao",3,amarelada em relacao ao padrao,True,caracteristico,,False
LMU-2411-182,Limpador Multiuso Alcalino,3,Luz Solar,90,10.32,1.011,-2.372,0.0,6.216,4.023,0,"liquido homogeneo, sem alteracao",3,amarelada em relacao ao padrao,True,caracteristico,,False
DLR-2411-184,Detergente Liquido para Roupas,3,Ambiente Escuro 25C,7,9.52,1.023,-0.018,0.0,0.036,0.031,0,"liquido homogeneo, levemente opalescente",0,conforme padrao,True,caracteristico,,False
DLR-2411-184,Detergente Liquido para Roupas,3,Ambiente Escuro 25C,15,9.56,1.024,-0.039,0.0,0.078,0.067,0,"liquido homogeneo, limpido",0,conforme padrao,True,caracteristico do produto,,False
DLR-2411-184,Detergente Liquido para Roupas,3,Ambiente Escuro 25C,30,9.51,1.024,-0.078,0.0,0.156,0.133,0,"liquido homogeneo, limpido",0,conforme padrao,True,caracteristico do produto,,False
DLR-2411-184,Detergente Liquido para Roupas,3,Ambiente Escuro 25C,60,9.44,1.025,-0.156,0.0,0.312,0.267,0,"liquido homogeneo, levemente opalescente",0,conforme padrao,True,caracteristico do produto,,False
DLR-2411-184,Detergente Liquido para Roupas,3,Ambiente Escuro 25C,90,9.42,1.023,-0.234,0.0,0.468,0.4,0,"liquido homogeneo, limpido",0,conforme padrao,False,"alterado, notas rancosas",odor alterado,True
DLR-2411-184,Detergente Liquido para Roupas,3,Estufa 40C,7,9.47,1.022,-0.085,0.0,0.171,0.146,0,"liquido homogeneo, limpido",0,conforme padrao,True,caracteristico,,False
DLR-2411-184,Detergente Liquido para Roupas,3,Estufa 40C,15,9.48,1.024,-0.183,0.0,0.366,0.313,0,"liquido homogeneo, sem alteracao",0,conforme padrao,True,caracteristico,,False
DLR-2411-184,Detergente Liquido para Roupas,3,Estufa 40C,30,9.43,1.026,-0.366,0.0,0.732,0.625,0,"liquido homogeneo, levemente opalescente",0,conforme padrao,True,caracteristico do produto,,False
DLR-2411-184,Detergente Liquido para Roupas,3,Estufa 40C,60,9.29,1.028,-0.732,0.0,1.464,1.248,0,"liquido homogeneo, limpido",1,"levemente diferente do padrao, conforme",True,caracteristico,,False
DLR-2411-184,Detergente Liquido para Roupas,3,Estufa 40C,90,9.21,1.03,-1.098,0.0,2.196,1.868,0,"liquido homogeneo, levemente opalescente",2,perceptivelmente mais escura que o padrao,True,caracteristico,,False
DLR-2411-184,Detergente Liquido para Roupas,3,Geladeira 5C,7,9.52,1.024,-0.002,0.0,0.004,0.003,0,"liquido homogeneo, sem alteracao",0,conforme padrao,True,caracteristico,,False
DLR-2411-184,Detergente Liquido para Roupas,3,Geladeira 5C,15,9.5,1.023,-0.004,0.0,0.008,0.007,0,"liquido homogeneo, levemente opalescente",0,conforme padrao,True,caracteristico,,False
DLR-2411-184,Detergente Liquido para Roupas,3,Geladeira 5C,30,9.53,1.023,-0.008,0.0,0.015,0.013,0,"liquido homogeneo, levemente opalescente",0,conforme padrao,True,caracteristico do produto,,False
DLR-2411-184,Detergente Liquido para Roupas,3,Geladeira 5C,60,9.5,1.021,-0.015,0.0,0.031,0.026,0,"liquido homogeneo, levemente opalescente",0,conforme padrao,True,caracteristico do produto,,False
DLR-2411-184,Detergente Liquido para Roupas,3,Geladeira 5C,90,9.5,1.021,-0.023,0.0,0.046,0.039,0,"liquido homogeneo, levemente opalescente",0,conforme padrao,True,caracteristico do produto,,False
DLR-2411-184,Detergente Liquido para Roupas,3,Luz Solar,7,9.49,1.021,-0.281,0.0,0.873,0.709,0,"liquido homogeneo, levemente opalescente",0,conforme padrao,True,caracteristico,,False
DLR-2411-184,Detergente Liquido para Roupas,3,Luz Solar,15,9.49,1.023,-0.565,0.0,1.719,1.396,0,"liquido homogeneo, sem alteracao",1,"levemente diferente do padrao, conforme",True,caracteristico,,False
DLR-2411-184,Detergente Liquido para Roupas,3,Luz Solar,30,9.47,1.022,-1.012,0.0,2.961,2.401,0,"liquido homogeneo, sem alteracao",2,perceptivelmente mais escura que o padrao,True,caracteristico do produto,,False
DLR-2411-184,Detergente Liquido para Roupas,3,Luz Solar,60,9.45,1.027,-1.654,0.0,4.546,3.681,0,"liquido homogeneo, limpido",3,amarelada em relacao ao padrao,True,caracteristico do produto,,False
DLR-2411-184,Detergente Liquido para Roupas,3,Luz Solar,90,9.47,1.028,-2.082,0.0,5.457,4.419,0,"liquido homogeneo, limpido",3,amarelada em relacao ao padrao,True,caracteristico,,False
DES-2411-185,Desinfetante Quaternario Concentrado,3,Ambiente Escuro 25C,7,7.15,1.004,-0.015,0.0,0.031,0.017,1,"homogeneo, leve turvacao em relacao ao padrao",0,conforme padrao,True,caracteristico do produto,,False
DES-2411-185,Desinfetante Quaternario Concentrado,3,Ambiente Escuro 25C,15,7.17,1.005,-0.033,0.0,0.066,0.036,1,"homogeneo, leve turvacao em relacao ao padrao",0,conforme padrao,True,caracteristico do produto,,False
DES-2411-185,Desinfetante Quaternario Concentrado,3,Ambiente Escuro 25C,30,7.11,1.002,-0.066,0.0,0.132,0.072,1,liquido homogeneo com leve pelicula na superficie,0,conforme padrao,True,caracteristico,,False
DES-2411-185,Desinfetante Quaternario Concentrado,3,Ambiente Escuro 25C,60,7.15,1.004,-0.132,0.0,0.264,0.145,1,liquido homogeneo com leve pelicula na superficie,0,conforme padrao,True,caracteristico,,False
DES-2411-185,Desinfetante Quaternario Concentrado,3,Ambiente Escuro 25C,90,7.12,1.004,-0.198,0.0,0.396,0.218,1,liquido homogeneo com leve pelicula na superficie,0,conforme padrao,True,caracteristico do produto,,False
DES-2411-185,Desinfetante Quaternario Concentrado,3,Estufa 40C,7,7.19,1.005,-0.072,0.0,0.145,0.079,0,"liquido homogeneo, sem alteracao",0,conforme padrao,True,caracteristico,,False
DES-2411-185,Desinfetante Quaternario Concentrado,3,Estufa 40C,15,7.09,1.005,-0.155,0.0,0.31,0.17,1,"homogeneo, leve turvacao em relacao ao padrao",0,conforme padrao,True,caracteristico,,False
DES-2411-185,Desinfetante Quaternario Concentrado,3,Estufa 40C,30,7.06,1.005,-0.31,0.0,0.619,0.342,1,liquido homogeneo com leve pelicula na superficie,0,conforme padrao,True,caracteristico,,False
DES-2411-185,Desinfetante Quaternario Concentrado,3,Estufa 40C,60,7.0,1.007,-0.619,0.0,1.239,0.687,1,"homogeneo, leve turvacao em relacao ao padrao",0,conforme padrao,True,caracteristico,,False
DES-2411-185,Desinfetante Quaternario Concentrado,3,Estufa 40C,90,6.86,1.007,-0.929,0.0,1.858,1.035,1,liquido homogeneo com leve pelicula na superficie,1,"levemente diferente do padrao, conforme",True,caracteristico,,False
DES-2411-185,Desinfetante Quaternario Concentrado,3,Geladeira 5C,7,7.14,1.005,-0.002,0.0,0.003,0.002,1,"homogeneo, leve turvacao em relacao ao padrao",0,conforme padrao,True,caracteristico do produto,,False
DES-2411-185,Desinfetante Quaternario Concentrado,3,Geladeira 5C,15,7.22,1.002,-0.003,0.0,0.006,0.004,1,liquido homogeneo com leve pelicula na superficie,0,conforme padrao,True,caracteristico do produto,,False
DES-2411-185,Desinfetante Quaternario Concentrado,3,Geladeira 5C,30,7.19,1.004,-0.006,0.0,0.013,0.007,1,liquido homogeneo com leve pelicula na superficie,0,conforme padrao,True,caracteristico do produto,,False
DES-2411-185,Desinfetante Quaternario Concentrado,3,Geladeira 5C,60,7.16,1.005,-0.013,0.0,0.026,0.014,1,"homogeneo, leve turvacao em relacao ao padrao",0,conforme padrao,True,caracteristico do produto,,False
DES-2411-185,Desinfetante Quaternario Concentrado,3,Geladeira 5C,90,7.24,1.007,-0.019,0.0,0.039,0.021,1,"homogeneo, leve turvacao em relacao ao padrao",0,conforme padrao,True,caracteristico,,False
DES-2411-185,Desinfetante Quaternario Concentrado,3,Luz Solar,7,7.16,1.003,-0.344,0.0,1.084,0.491,1,"homogeneo, leve turvacao em relacao ao padrao",0,conforme padrao,True,caracteristico,,False
DES-2411-185,Desinfetante Quaternario Concentrado,3,Luz Solar,15,7.16,1.003,-0.691,0.0,2.131,0.982,1,liquido homogeneo com leve pelicula na superficie,1,"levemente diferente do padrao, conforme",True,caracteristico,,False
DES-2411-185,Desinfetante Quaternario Concentrado,3,Luz Solar,30,7.16,1.004,-1.231,0.0,3.655,1.736,1,"homogeneo, leve turvacao em relacao ao padrao",2,perceptivelmente mais escura que o padrao,True,caracteristico,,False
DES-2411-185,Desinfetante Quaternario Concentrado,3,Luz Solar,60,7.12,1.001,-1.991,0.0,5.559,2.761,1,liquido homogeneo com leve pelicula na superficie,2,perceptivelmente mais escura que o padrao,True,caracteristico,,False
DES-2411-185,Desinfetante Quaternario Concentrado,3,Luz Solar,90,7.04,1.003,-2.479,0.0,6.606,3.381,1,liquido homogeneo com leve pelicula na superficie,3,amarelada em relacao ao padrao,True,caracteristico,,False
DLR-2412-187,Detergente Liquido para Roupas,3,Ambiente Escuro 25C,7,9.84,1.027,-0.018,0.0,0.036,0.031,0,"liquido homogeneo, levemente opalescente",0,conforme padrao,True,caracteristico do produto,,False
DLR-2412-187,Detergente Liquido para Roupas,3,Ambiente Escuro 25C,15,9.79,1.028,-0.039,0.0,0.078,0.066,0,"liquido homogeneo, levemente opalescente",0,conforme padrao,True,caracteristico,,False
DLR-2412-187,Detergente Liquido para Roupas,3,Ambiente Escuro 25C,30,9.86,1.029,-0.078,0.0,0.156,0.131,0,"liquido homogeneo, sem alteracao",0,conforme padrao,True,caracteristico,,False
DLR-2412-187,Detergente Liquido para Roupas,3,Ambiente Escuro 25C,60,9.79,1.028,-0.156,0.0,0.312,0.262,1,"homogeneo, leve turvacao em relacao ao padrao",0,conforme padrao,True,caracteristico do produto,,False
DLR-2412-187,Detergente Liquido para Roupas,3,Ambiente Escuro 25C,90,9.79,1.03,-0.234,0.0,0.468,0.393,0,"liquido homogeneo, sem alteracao",0,conforme padrao,True,caracteristico,,False
DLR-2412-187,Detergente Liquido para Roupas,3,Estufa 40C,7,9.83,1.027,-0.085,0.0,0.171,0.143,0,"liquido homogeneo, levemente opalescente",0,conforme padrao,True,caracteristico do produto,,False
DLR-2412-187,Detergente Liquido para Roupas,3,Estufa 40C,15,9.81,1.03,-0.183,0.0,0.366,0.307,0,"liquido homogeneo, limpido",0,conforme padrao,True,caracteristico do produto,,False
DLR-2412-187,Detergente Liquido para Roupas,3,Estufa 40C,30,9.74,1.029,-0.366,0.0,0.732,0.614,0,"liquido homogeneo, sem alteracao",0,conforme padrao,True,caracteristico do produto,,False
DLR-2412-187,Detergente Liquido para Roupas,3,Estufa 40C,60,9.64,1.03,-0.732,0.0,1.464,1.228,0,"liquido homogeneo, limpido",1,"levemente diferente do padrao, conforme",True,caracteristico,,False
DLR-2412-187,Detergente Liquido para Roupas,3,Estufa 40C,90,9.54,1.037,-1.098,0.0,2.196,1.84,0,"liquido homogeneo, sem alteracao",2,perceptivelmente mais escura que o padrao,True,caracteristico,densidade fora de faixa,True
DLR-2412-187,Detergente Liquido para Roupas,3,Geladeira 5C,7,9.8,1.029,-0.002,0.0,0.004,0.003,0,"liquido homogeneo, sem alteracao",0,conforme padrao,True,caracteristico,,False
DLR-2412-187,Detergente Liquido para Roupas,3,Geladeira 5C,15,9.95,1.027,-0.004,0.0,0.008,0.006,0,"liquido homogeneo, limpido",0,conforme padrao,True,caracteristico,,False
DLR-2412-187,Detergente Liquido para Roupas,3,Geladeira 5C,30,9.85,1.027,-0.008,0.0,0.015,0.013,0,"liquido homogeneo, sem alteracao",0,conforme padrao,True,caracteristico,,False
DLR-2412-187,Detergente Liquido para Roupas,3,Geladeira 5C,60,9.8,1.028,-0.015,0.0,0.031,0.026,0,"liquido homogeneo, levemente opalescente",0,conforme padrao,True,caracteristico do produto,,False
DLR-2412-187,Detergente Liquido para Roupas,3,Geladeira 5C,90,9.87,1.026,-0.023,0.0,0.046,0.039,0,"liquido homogeneo, limpido",0,conforme padrao,True,caracteristico,,False
DLR-2412-187,Detergente Liquido para Roupas,3,Luz Solar,7,9.87,1.029,-0.281,0.0,0.873,0.696,0,"liquido homogeneo, levemente opalescente",0,conforme padrao,True,caracteristico do produto,,False
DLR-2412-187,Detergente Liquido para Roupas,3,Luz Solar,15,9.84,1.03,-0.565,0.0,1.719,1.371,0,"liquido homogeneo, limpido",1,"levemente diferente do padrao, conforme",True,caracteristico,,False
DLR-2412-187,Detergente Liquido para Roupas,3,Luz Solar,30,9.85,1.031,-1.012,0.0,2.961,2.362,0,"liquido homogeneo, levemente opalescente",2,perceptivelmente mais escura que o padrao,True,caracteristico do produto,,False
DLR-2412-187,Detergente Liquido para Roupas,3,Luz Solar,60,9.72,1.027,-1.654,0.0,4.546,3.627,0,"liquido homogeneo, limpido",3,amarelada em relacao ao padrao,True,caracteristico do produto,,False
DLR-2412-187,Detergente Liquido para Roupas,3,Luz Solar,90,9.74,1.03,-2.082,0.0,5.457,4.36,0,"liquido homogeneo, levemente opalescente",3,amarelada em relacao ao padrao,True,caracteristico,,False
AMA-2412-188,Amaciante de Roupas (esterquat),3,Ambiente Escuro 25C,7,3.25,0.99,-0.02,0.0,0.039,0.035,1,liquido homogeneo com leve pelicula na superficie,0,conforme padrao,True,caracteristico do produto,,False
AMA-2412-188,Amaciante de Roupas (esterquat),3,Ambiente Escuro 25C,15,3.17,0.992,-0.042,0.0,0.084,0.075,0,"liquido homogeneo, sem alteracao",0,conforme padrao,True,caracteristico do produto,,False
AMA-2412-188,Amaciante de Roupas (esterquat),3,Ambiente Escuro 25C,30,3.17,0.991,-0.084,0.0,0.168,0.15,0,"liquido homogeneo, sem alteracao",0,conforme padrao,True,caracteristico,,False
AMA-2412-188,Amaciante de Roupas (esterquat),3,Ambiente Escuro 25C,60,3.17,0.994,-0.168,0.0,0.336,0.3,0,"liquido homogeneo, sem alteracao",0,conforme padrao,True,caracteristico,,False
AMA-2412-188,Amaciante de Roupas (esterquat),3,Ambiente Escuro 25C,90,3.12,0.993,-0.252,0.0,0.504,0.451,0,"liquido homogeneo, sem alteracao",0,conforme padrao,True,caracteristico,,False
AMA-2412-188,Amaciante de Roupas (esterquat),3,Estufa 40C,7,3.22,0.992,-0.092,0.0,0.184,0.164,0,"liquido homogeneo, limpido",0,conforme padrao,True,caracteristico,,False
AMA-2412-188,Amaciante de Roupas (esterquat),3,Estufa 40C,15,3.12,0.994,-0.197,0.0,0.394,0.352,0,"liquido homogeneo, levemente opalescente",0,conforme padrao,True,caracteristico,,False
AMA-2412-188,Amaciante de Roupas (esterquat),3,Estufa 40C,30,3.08,0.993,-0.394,0.0,0.788,0.708,0,"liquido homogeneo, levemente opalescente",0,conforme padrao,True,caracteristico do produto,,False
AMA-2412-188,Amaciante de Roupas (esterquat),3,Estufa 40C,60,2.9,0.996,-0.788,0.0,1.577,1.43,1,liquido homogeneo com leve pelicula na superficie,1,"levemente diferente do padrao, conforme",True,caracteristico do produto,,False
AMA-2412-188,Amaciante de Roupas (esterquat),3,Estufa 40C,90,2.82,0.997,-1.182,0.0,2.365,2.163,0,"liquido homogeneo, sem alteracao",2,perceptivelmente mais escura que o padrao,True,caracteristico,,False
AMA-2412-188,Amaciante de Roupas (esterquat),3,Geladeira 5C,7,3.25,0.99,-0.002,0.0,0.004,0.003,0,"liquido homogeneo, levemente opalescente",0,conforme padrao,True,caracteristico do produto,,False
AMA-2412-188,Amaciante de Roupas (esterquat),3,Geladeira 5C,15,3.18,0.989,-0.004,0.0,0.008,0.007,0,"liquido homogeneo, levemente opalescente",0,conforme padrao,True,caracteristico,,False
AMA-2412-188,Amaciante de Roupas (esterquat),3,Geladeira 5C,30,3.28,0.994,-0.008,0.0,0.017,0.015,0,"liquido homogeneo, limpido",0,conforme padrao,True,caracteristico do produto,,False
AMA-2412-188,Amaciante de Roupas (esterquat),3,Geladeira 5C,60,3.23,0.993,-0.017,0.0,0.033,0.029,0,"liquido homogeneo, sem alteracao",0,conforme padrao,True,caracteristico,,False
AMA-2412-188,Amaciante de Roupas (esterquat),3,Geladeira 5C,90,3.24,0.994,-0.025,0.0,0.05,0.044,0,"liquido homogeneo, sem alteracao",0,conforme padrao,True,caracteristico do produto,,False
AMA-2412-188,Amaciante de Roupas (esterquat),3,Luz Solar,7,3.2,0.991,-0.226,0.0,0.693,0.599,0,"liquido homogeneo, limpido",0,conforme padrao,True,caracteristico,,False
AMA-2412-188,Amaciante de Roupas (esterquat),3,Luz Solar,15,3.17,0.99,-0.457,0.0,1.368,1.194,0,"liquido homogeneo, limpido",1,"levemente diferente do padrao, conforme",True,caracteristico do produto,,False
AMA-2412-188,Amaciante de Roupas (esterquat),3,Luz Solar,30,3.11,0.995,-0.822,0.0,2.369,2.097,0,"liquido homogeneo, levemente opalescente",2,perceptivelmente mais escura que o padrao,True,caracteristico do produto,,False
AMA-2412-188,Amaciante de Roupas (esterquat),3,Luz Solar,60,3.14,0.989,-1.359,0.0,3.674,3.306,0,"liquido homogeneo, levemente opalescente",3,amarelada em relacao ao padrao,True,caracteristico do produto,,False
AMA-2412-188,Amaciante de Roupas (esterquat),3,Luz Solar,90,3.13,0.994,-1.73,0.0,4.46,4.045,0,"liquido homogeneo, levemente opalescente",3,amarelada em relacao ao padrao,True,caracteristico,,False
AMA-2412-189,Amaciante de Roupas (esterquat),3,Ambiente Escuro 25C,7,3.07,0.995,-0.02,0.0,0.039,0.034,1,liquido homogeneo com leve pelicula na superficie,0,conforme padrao,True,caracteristico,,False
AMA-2412-189,Amaciante de Roupas (esterquat),3,Ambiente Escuro 25C,15,3.12,1.001,-0.042,0.0,0.084,0.073,1,"homogeneo, leve turvacao em relacao ao padrao",0,conforme padrao,True,caracteristico do produto,,False
AMA-2412-189,Amaciante de Roupas (esterquat),3,Ambiente Escuro 25C,30,3.1,0.997,-0.084,0.0,0.168,0.147,1,"homogeneo, leve turvacao em relacao ao padrao",0,conforme padrao,True,caracteristico do produto,,False
AMA-2412-189,Amaciante de Roupas (esterquat),3,Ambiente Escuro 25C,60,3.01,0.998,-0.168,0.0,0.336,0.294,1,"homogeneo, leve turvacao em relacao ao padrao",0,conforme padrao,True,caracteristico do produto,,False
AMA-2412-189,Amaciante de Roupas (esterquat),3,Ambiente Escuro 25C,90,2.94,0.998,-0.252,0.0,0.504,0.442,1,"homogeneo, leve turvacao em relacao ao padrao",0,conforme padrao,True,caracteristico,,False
AMA-2412-189,Amaciante de Roupas (esterquat),3,Estufa 40C,7,3.07,0.996,-0.092,0.0,0.184,0.161,1,"homogeneo, leve turvacao em relacao ao padrao",0,conforme padrao,True,caracteristico do produto,,False
AMA-2412-189,Amaciante de Roupas (esterquat),3,Estufa 40C,15,3.02,1.0,-0.197,0.0,0.394,0.346,1,liquido homogeneo com leve pelicula na superficie,0,conforme padrao,True,caracteristico do produto,,False
AMA-2412-189,Amaciante de Roupas (esterquat),3,Estufa 40C,30,2.9,1.001,-0.394,0.0,0.788,0.694,1,"homogeneo, leve turvacao em relacao ao padrao",0,conforme padrao,True,caracteristico do produto,,False
AMA-2412-189,Amaciante de Roupas (esterquat),3,Estufa 40C,60,2.71,0.998,-0.788,0.0,1.577,1.401,1,"homogeneo, leve turvacao em relacao ao padrao",1,"levemente diferente do padrao, conforme",True,caracteristico do produto,,False
AMA-2412-189,Amaciante de Roupas (esterquat),3,Estufa 40C,90,2.48,1.003,-1.182,0.0,2.365,2.118,1,liquido homogeneo com leve pelicula na superficie,2,perceptivelmente mais escura que o padrao,True,caracteristico do produto,pH fora de faixa,True
AMA-2412-189,Amaciante de Roupas (esterquat),3,Geladeira 5C,7,3.07,0.998,-0.002,0.0,0.004,0.003,1,"homogeneo, leve turvacao em relacao ao padrao",0,conforme padrao,True,caracteristico do produto,,False
AMA-2412-189,Amaciante de Roupas (esterquat),3,Geladeira 5C,15,3.1,1.001,-0.004,0.0,0.008,0.007,1,liquido homogeneo com leve pelicula na superficie,0,conforme padrao,True,caracteristico,,False
AMA-2412-189,Amaciante de Roupas (esterquat),3,Geladeira 5C,30,3.07,0.998,-0.008,0.0,0.017,0.014,1,liquido homogeneo com leve pelicula na superficie,0,conforme padrao,True,caracteristico do produto,,False
AMA-2412-189,Amaciante de Roupas (esterquat),3,Geladeira 5C,60,3.05,0.999,-0.017,0.0,0.033,0.029,1,liquido homogeneo com leve pelicula na superficie,0,conforme padrao,True,caracteristico,,False
AMA-2412-189,Amaciante de Roupas (esterquat),3,Geladeira 5C,90,3.14,0.996,-0.025,0.0,0.05,0.043,1,"homogeneo, leve turvacao em relacao ao padrao",0,conforme padrao,True,caracteristico,,False
AMA-2412-189,Amaciante de Roupas (esterquat),3,Luz Solar,7,3.12,0.997,-0.226,0.0,0.693,0.588,1,liquido homogeneo com leve pelicula na superficie,0,conforme padrao,True,caracteristico,,False
AMA-2412-189,Amaciante de Roupas (esterquat),3,Luz Solar,15,3.08,0.998,-0.457,0.0,1.368,1.171,1,"homogeneo, leve turvacao em relacao ao padrao",1,"levemente diferente do padrao, conforme",True,caracteristico,,False
AMA-2412-189,Amaciante de Roupas (esterquat),3,Luz Solar,30,3.03,0.998,-0.822,0.0,2.369,2.055,1,"homogeneo, leve turvacao em relacao ao padrao",2,perceptivelmente mais escura que o padrao,True,caracteristico do produto,,False
AMA-2412-189,Amaciante de Roupas (esterquat),3,Luz Solar,60,3.02,1.0,-1.359,0.0,3.674,3.236,1,liquido homogeneo com leve pelicula na superficie,3,amarelada em relacao ao padrao,True,caracteristico,,False
AMA-2412-189,Amaciante de Roupas (esterquat),3,Luz Solar,90,2.84,1.0,-1.73,0.0,4.46,3.96,1,"homogeneo, leve turvacao em relacao ao padrao",3,amarelada em relacao ao padrao,True,caracteristico,,False
DLL-2412-190,Detergente Liquido Lava-Loucas,3,Ambiente Escuro 25C,7,7.44,1.033,-0.017,0.0,0.034,0.019,1,liquido homogeneo com leve pelicula na superficie,0,conforme padrao,True,caracteristico do produto,,False
DLL-2412-190,Detergente Liquido Lava-Loucas,3,Ambiente Escuro 25C,15,7.51,1.031,-0.036,0.0,0.072,0.04,1,liquido homogeneo com leve pelicula na superficie,0,conforme padrao,True,caracteristico,,False
DLL-2412-190,Detergente Liquido Lava-Loucas,3,Ambiente Escuro 25C,30,7.42,1.031,-0.072,0.0,0.144,0.079,1,liquido homogeneo com leve pelicula na superficie,0,conforme padrao,True,caracteristico do produto,,False
DLL-2412-190,Detergente Liquido Lava-Loucas,3,Ambiente Escuro 25C,60,7.38,1.032,-0.144,0.0,0.288,0.159,0,"liquido homogeneo, limpido",0,conforme padrao,True,caracteristico do produto,,False
DLL-2412-190,Detergente Liquido Lava-Loucas,3,Ambiente Escuro 25C,90,7.36,1.029,-0.216,0.0,0.432,0.238,1,liquido homogeneo com leve pelicula na superficie,0,conforme padrao,True,caracteristico do produto,,False
DLL-2412-190,Detergente Liquido Lava-Loucas,3,Estufa 40C,7,7.38,1.03,-0.079,0.0,0.158,0.087,1,liquido homogeneo com leve pelicula na superficie,0,conforme padrao,True,caracteristico do produto,,False
DLL-2412-190,Detergente Liquido Lava-Loucas,3,Estufa 40C,15,7.4,1.03,-0.169,0.0,0.338,0.186,1,liquido homogeneo com leve pelicula na superficie,0,conforme padrao,True,caracteristico,,False
DLL-2412-190,Detergente Liquido Lava-Loucas,3,Estufa 40C,30,7.35,1.032,-0.338,0.0,0.676,0.372,0,"liquido homogeneo, limpido",0,conforme padrao,True,caracteristico,,False
DLL-2412-190,Detergente Liquido Lava-Loucas,3,Estufa 40C,60,7.21,1.036,-0.676,0.0,1.351,0.74,0,"liquido homogeneo, sem alteracao",0,conforme padrao,True,caracteristico do produto,,False
DLL-2412-190,Detergente Liquido Lava-Loucas,3,Estufa 40C,90,7.15,1.034,-1.014,0.0,2.027,1.106,1,liquido homogeneo com leve pelicula na superficie,1,"levemente diferente do padrao, conforme",True,caracteristico do produto,,False
DLL-2412-190,Detergente Liquido Lava-Loucas,3,Geladeira 5C,7,7.45,1.028,-0.002,0.0,0.003,0.002,1,"homogeneo, leve turvacao em relacao ao padrao",0,conforme padrao,True,caracteristico do produto,,False
DLL-2412-190,Detergente Liquido Lava-Loucas,3,Geladeira 5C,15,7.49,1.03,-0.004,0.0,0.007,0.004,0,"liquido homogeneo, levemente opalescente",0,conforme padrao,True,caracteristico do produto,,False
DLL-2412-190,Detergente Liquido Lava-Loucas,3,Geladeira 5C,30,7.44,1.032,-0.007,0.0,0.014,0.008,0,"liquido homogeneo, sem alteracao",0,conforme padrao,True,caracteristico,,False
DLL-2412-190,Detergente Liquido Lava-Loucas,3,Geladeira 5C,60,7.52,1.031,-0.014,0.0,0.028,0.016,1,liquido homogeneo com leve pelicula na superficie,0,conforme padrao,True,caracteristico,,False
DLL-2412-190,Detergente Liquido Lava-Loucas,3,Geladeira 5C,90,7.49,1.029,-0.021,0.0,0.042,0.023,1,"homogeneo, leve turvacao em relacao ao padrao",0,conforme padrao,True,caracteristico do produto,,False
DLL-2412-190,Detergente Liquido Lava-Loucas,3,Luz Solar,7,7.45,1.028,-0.256,0.0,0.794,0.391,1,liquido homogeneo com leve pelicula na superficie,0,conforme padrao,True,caracteristico,,False
DLL-2412-190,Detergente Liquido Lava-Loucas,3,Luz Solar,15,7.43,1.03,-0.515,0.0,1.564,0.768,1,liquido homogeneo com leve pelicula na superficie,0,conforme padrao,True,caracteristico do produto,,False
DLL-2412-190,Detergente Liquido Lava-Loucas,3,Luz Solar,30,7.44,1.03,-0.921,0.0,2.695,1.321,1,liquido homogeneo com leve pelicula na superficie,1,"levemente diferente do padrao, conforme",True,caracteristico,,False
DLL-2412-190,Detergente Liquido Lava-Loucas,3,Luz Solar,60,7.38,1.03,-1.507,0.0,4.14,2.035,1,liquido homogeneo com leve pelicula na superficie,2,perceptivelmente mais escura que o padrao,True,caracteristico do produto,,False
DLL-2412-190,Detergente Liquido Lava-Loucas,3,Luz Solar,90,7.35,1.03,-1.898,0.0,4.972,2.457,1,"homogeneo, leve turvacao em relacao ao padrao",2,perceptivelmente mais escura que o padrao,True,caracteristico,,False
DES-2412-191,Desinfetante Quaternario Concentrado,3,Ambiente Escuro 25C,7,7.1,1.009,-0.015,0.0,0.031,0.017,1,"homogeneo, leve turvacao em relacao ao padrao",0,conforme padrao,True,caracteristico,,False
DES-2412-191,Desinfetante Quaternario Concentrado,3,Ambiente Escuro 25C,15,7.1,1.005,-0.033,0.0,0.066,0.037,1,liquido homogeneo com leve pelicula na superficie,0,conforme padrao,True,caracteristico,,False
DES-2412-191,Desinfetante Quaternario Concentrado,3,Ambiente Escuro 25C,30,7.07,1.008,-0.066,0.0,0.132,0.074,1,"homogeneo, leve turvacao em relacao ao padrao",0,conforme padrao,True,caracteristico do produto,,False
DES-2412-191,Desinfetante Quaternario Concentrado,3,Ambiente Escuro 25C,60,7.12,1.007,-0.132,0.0,0.264,0.149,1,"homogeneo, leve turvacao em relacao ao padrao",0,conforme padrao,True,caracteristico,,False
DES-2412-191,Desinfetante Quaternario Concentrado,3,Ambiente Escuro 25C,90,7.14,1.006,-0.198,0.0,0.396,0.224,1,"homogeneo, leve turvacao em relacao ao padrao",0,conforme padrao,True,caracteristico,,False
DES-2412-191,Desinfetante Quaternario Concentrado,3,Estufa 40C,7,7.17,1.008,-0.072,0.0,0.145,0.082,1,"homogeneo, leve turvacao em relacao ao padrao",0,conforme padrao,True,caracteristico do produto,,False
DES-2412-191,Desinfetante Quaternario Concentrado,3,Estufa 40C,15,7.11,1.006,-0.155,0.0,0.31,0.175,2,"leve cremeacao na superficie, porem conforme",0,conforme padrao,True,caracteristico do produto,,False
DES-2412-191,Desinfetante Quaternario Concentrado,3,Estufa 40C,30,7.03,1.011,-0.31,0.0,0.619,0.351,1,"homogeneo, leve turvacao em relacao ao padrao",0,conforme padrao,True,caracteristico do produto,,False
DES-2412-191,Desinfetante Quaternario Concentrado,3,Estufa 40C,60,6.9,1.008,-0.619,0.0,1.239,0.706,2,"leve cremeacao na superficie, porem conforme",0,conforme padrao,True,caracteristico,,False
DES-2412-191,Desinfetante Quaternario Concentrado,3,Estufa 40C,90,6.8,1.008,-0.929,0.0,1.858,1.066,2,"leve cremeacao na superficie, porem conforme",1,"levemente diferente do padrao, conforme",False,"caracteristico, porem alterado",odor alterado,True
DES-2412-191,Desinfetante Quaternario Concentrado,3,Geladeira 5C,7,7.11,1.007,-0.002,0.0,0.003,0.002,1,"homogeneo, leve turvacao em relacao ao padrao",0,conforme padrao,True,caracteristico,,False
DES-2412-191,Desinfetante Quaternario Concentrado,3,Geladeira 5C,15,7.14,1.009,-0.003,0.0,0.006,0.004,1,"homogeneo, leve turvacao em relacao ao padrao",0,conforme padrao,True,caracteristico,,False
DES-2412-191,Desinfetante Quaternario Concentrado,3,Geladeira 5C,30,7.11,1.006,-0.006,0.0,0.013,0.007,1,"homogeneo, leve turvacao em relacao ao padrao",0,conforme padrao,True,caracteristico,,False
DES-2412-191,Desinfetante Quaternario Concentrado,3,Geladeira 5C,60,7.14,1.008,-0.013,0.0,0.026,0.015,1,"homogeneo, leve turvacao em relacao ao padrao",0,conforme padrao,True,caracteristico do produto,,False
DES-2412-191,Desinfetante Quaternario Concentrado,3,Geladeira 5C,90,7.12,1.011,-0.019,0.0,0.039,0.022,1,"homogeneo, leve turvacao em relacao ao padrao",0,conforme padrao,True,caracteristico do produto,,False
DES-2412-191,Desinfetante Quaternario Concentrado,3,Luz Solar,7,7.17,1.005,-0.344,0.0,1.084,0.509,1,"homogeneo, leve turvacao em relacao ao padrao",0,conforme padrao,True,caracteristico do produto,,False
DES-2412-191,Desinfetante Quaternario Concentrado,3,Luz Solar,15,7.11,1.007,-0.691,0.0,2.131,1.021,1,liquido homogeneo com leve pelicula na superficie,1,"levemente diferente do padrao, conforme",True,caracteristico,,False
DES-2412-191,Desinfetante Quaternario Concentrado,3,Luz Solar,30,7.09,1.005,-1.231,0.0,3.655,1.807,1,liquido homogeneo com leve pelicula na superficie,2,perceptivelmente mais escura que o padrao,True,caracteristico,,False
DES-2412-191,Desinfetante Quaternario Concentrado,3,Luz Solar,60,7.05,1.01,-1.991,0.0,5.559,2.877,1,liquido homogeneo com leve pelicula na superficie,2,perceptivelmente mais escura que o padrao,True,caracteristico,,False
DES-2412-191,Desinfetante Quaternario Concentrado,3,Luz Solar,90,7.01,1.009,-2.479,0.0,6.606,3.524,1,"homogeneo, leve turvacao em relacao ao padrao",3,amarelada em relacao ao padrao,True,caracteristico,,False
DLL-2412-192,Detergente Liquido Lava-Loucas,3,Ambiente Escuro 25C,7,7.41,1.031,-0.017,0.0,0.034,0.019,2,"leve cremeacao na superficie, porem conforme",0,conforme padrao,True,caracteristico,,False
DLL-2412-192,Detergente Liquido Lava-Loucas,3,Ambiente Escuro 25C,15,7.43,1.034,-0.036,0.0,0.072,0.04,1,"homogeneo, leve turvacao em relacao ao padrao",0,conforme padrao,True,caracteristico,,False
DLL-2412-192,Detergente Liquido Lava-Loucas,3,Ambiente Escuro 25C,30,7.38,1.036,-0.072,0.0,0.144,0.079,2,"cremeacao visivel na superficie, reversivel a agitacao",0,conforme padrao,True,caracteristico,,False
DLL-2412-192,Detergente Liquido Lava-Loucas,3,Ambiente Escuro 25C,60,7.36,1.03,-0.144,0.0,0.288,0.159,1,liquido homogeneo com leve pelicula na superficie,0,conforme padrao,True,caracteristico do produto,,False
DLL-2412-192,Detergente Liquido Lava-Loucas,3,Ambiente Escuro 25C,90,7.42,1.035,-0.216,0.0,0.432,0.238,2,"cremeacao visivel na superficie, reversivel a agitacao",0,conforme padrao,True,caracteristico do produto,,False
DLL-2412-192,Detergente Liquido Lava-Loucas,3,Estufa 40C,7,7.42,1.032,-0.079,0.0,0.158,0.087,2,"cremeacao visivel na superficie, reversivel a agitacao",0,conforme padrao,True,caracteristico do produto,,False
DLL-2412-192,Detergente Liquido Lava-Loucas,3,Estufa 40C,15,7.41,1.033,-0.169,0.0,0.338,0.186,1,"homogeneo, leve turvacao em relacao ao padrao",0,conforme padrao,True,caracteristico do produto,,False
DLL-2412-192,Detergente Liquido Lava-Loucas,3,Estufa 40C,30,7.37,1.033,-0.338,0.0,0.676,0.371,1,liquido homogeneo com leve pelicula na superficie,0,conforme padrao,True,caracteristico do produto,,False
DLL-2412-192,Detergente Liquido Lava-Loucas,3,Estufa 40C,60,7.21,1.037,-0.676,0.0,1.351,0.739,2,"cremeacao visivel na superficie, reversivel a agitacao",0,conforme padrao,True,caracteristico do produto,,False
DLL-2412-192,Detergente Liquido Lava-Loucas,3,Estufa 40C,90,7.05,1.036,-1.014,0.0,2.027,1.105,2,"leve cremeacao na superficie, porem conforme",1,"levemente diferente do padrao, conforme",True,caracteristico,,False
DLL-2412-192,Detergente Liquido Lava-Loucas,3,Geladeira 5C,7,7.41,1.028,-0.002,0.0,0.003,0.002,1,"homogeneo, leve turvacao em relacao ao padrao",0,conforme padrao,True,caracteristico,,False
DLL-2412-192,Detergente Liquido Lava-Loucas,3,Geladeira 5C,15,7.38,1.034,-0.004,0.0,0.007,0.004,1,"homogeneo, leve turvacao em relacao ao padrao",0,conforme padrao,True,caracteristico do produto,,False
DLL-2412-192,Detergente Liquido Lava-Loucas,3,Geladeira 5C,30,7.48,1.032,-0.007,0.0,0.014,0.008,1,"homogeneo, leve turvacao em relacao ao padrao",0,conforme padrao,True,caracteristico do produto,,False
DLL-2412-192,Detergente Liquido Lava-Loucas,3,Geladeira 5C,60,7.42,1.032,-0.014,0.0,0.028,0.016,1,"homogeneo, leve turvacao em relacao ao padrao",0,conforme padrao,True,caracteristico do produto,,False
DLL-2412-192,Detergente Liquido Lava-Loucas,3,Geladeira 5C,90,7.44,1.033,-0.021,0.0,0.042,0.023,2,"leve cremeacao na superficie, porem conforme",0,conforme padrao,True,caracteristico,,False
DLL-2412-192,Detergente Liquido Lava-Loucas,3,Luz Solar,7,7.44,1.033,-0.256,0.0,0.794,0.39,1,liquido homogeneo com leve pelicula na superficie,0,conforme padrao,True,caracteristico do produto,,False
DLL-2412-192,Detergente Liquido Lava-Loucas,3,Luz Solar,15,7.43,1.033,-0.515,0.0,1.564,0.766,1,"homogeneo, leve turvacao em relacao ao padrao",0,conforme padrao,True,caracteristico,,False
DLL-2412-192,Detergente Liquido Lava-Loucas,3,Luz Solar,30,7.38,1.032,-0.921,0.0,2.695,1.318,1,liquido homogeneo com leve pelicula na superficie,1,"levemente diferente do padrao, conforme",True,caracteristico,,False
DLL-2412-192,Detergente Liquido Lava-Loucas,3,Luz Solar,60,7.35,1.032,-1.507,0.0,4.14,2.031,1,liquido homogeneo com leve pelicula na superficie,2,perceptivelmente mais escura que o padrao,True,caracteristico,,False
DLL-2412-192,Detergente Liquido Lava-Loucas,3,Luz Solar,90,7.36,1.032,-1.898,0.0,4.972,2.453,1,"homogeneo, leve turvacao em relacao ao padrao",2,perceptivelmente mais escura que o padrao,True,caracteristico,,False
DLR-2412-193,Detergente Liquido para Roupas,3,Ambiente Escuro 25C,7,9.82,1.013,-0.018,0.0,0.036,0.031,0,"liquido homogeneo, sem alteracao",0,conforme padrao,True,caracteristico do produto,,False
DLR-2412-193,Detergente Liquido para Roupas,3,Ambiente Escuro 25C,15,9.77,1.011,-0.039,0.0,0.078,0.066,0,"liquido homogeneo, limpido",0,conforme padrao,True,caracteristico,,False
DLR-2412-193,Detergente Liquido para Roupas,3,Ambiente Escuro 25C,30,9.8,1.012,-0.078,0.0,0.156,0.131,0,"liquido homogeneo, levemente opalescente",0,conforme padrao,True,caracteristico do produto,,False
DLR-2412-193,Detergente Liquido para Roupas,3,Ambiente Escuro 25C,60,9.78,1.015,-0.156,0.0,0.312,0.262,0,"liquido homogeneo, limpido",0,conforme padrao,True,caracteristico do produto,,False
DLR-2412-193,Detergente Liquido para Roupas,3,Ambiente Escuro 25C,90,9.78,1.013,-0.234,0.0,0.468,0.394,0,"liquido homogeneo, sem alteracao",0,conforme padrao,True,caracteristico do produto,,False
DLR-2412-193,Detergente Liquido para Roupas,3,Estufa 40C,7,9.86,1.014,-0.085,0.0,0.171,0.144,0,"liquido homogeneo, limpido",0,conforme padrao,True,caracteristico,,False
DLR-2412-193,Detergente Liquido para Roupas,3,Estufa 40C,15,9.8,1.014,-0.183,0.0,0.366,0.308,0,"liquido homogeneo, sem alteracao",0,conforme padrao,True,caracteristico,,False
DLR-2412-193,Detergente Liquido para Roupas,3,Estufa 40C,30,9.77,1.015,-0.366,0.0,0.732,0.615,0,"liquido homogeneo, sem alteracao",0,conforme padrao,True,caracteristico,,False
DLR-2412-193,Detergente Liquido para Roupas,3,Estufa 40C,60,9.66,1.014,-0.732,0.0,1.464,1.229,0,"liquido homogeneo, sem alteracao",1,"levemente diferente do padrao, conforme",True,caracteristico do produto,,False
DLR-2412-193,Detergente Liquido para Roupas,3,Estufa 40C,90,9.62,1.018,-1.098,0.0,2.196,1.841,0,"liquido homogeneo, sem alteracao",2,perceptivelmente mais escura que o padrao,True,caracteristico,,False
DLR-2412-193,Detergente Liquido para Roupas,3,Geladeira 5C,7,9.82,1.012,-0.002,0.0,0.004,0.003,0,"liquido homogeneo, limpido",0,conforme padrao,True,caracteristico,,False
DLR-2412-193,Detergente Liquido para Roupas,3,Geladeira 5C,15,9.81,1.014,-0.004,0.0,0.008,0.006,0,"liquido homogeneo, levemente opalescente",0,conforme padrao,True,caracteristico do produto,,False
DLR-2412-193,Detergente Liquido para Roupas,3,Geladeira 5C,30,9.82,1.011,-0.008,0.0,0.015,0.013,0,"liquido homogeneo, levemente opalescente",0,conforme padrao,True,caracteristico,,False
DLR-2412-193,Detergente Liquido para Roupas,3,Geladeira 5C,60,9.83,1.012,-0.015,0.0,0.031,0.026,0,"liquido homogeneo, sem alteracao",0,conforme padrao,True,caracteristico,,False
DLR-2412-193,Detergente Liquido para Roupas,3,Geladeira 5C,90,9.87,1.014,-0.023,0.0,0.046,0.039,0,"liquido homogeneo, sem alteracao",0,conforme padrao,True,caracteristico do produto,,False
DLR-2412-193,Detergente Liquido para Roupas,3,Luz Solar,7,9.84,1.011,-0.281,0.0,0.873,0.698,0,"liquido homogeneo, sem alteracao",0,conforme padrao,True,caracteristico,,False
DLR-2412-193,Detergente Liquido para Roupas,3,Luz Solar,15,9.82,1.013,-0.565,0.0,1.719,1.375,0,"liquido homogeneo, limpido",1,"levemente diferente do padrao, conforme",True,caracteristico do produto,,False
DLR-2412-193,Detergente Liquido para Roupas,3,Luz Solar,30,9.79,1.012,-1.012,0.0,2.961,2.368,0,"liquido homogeneo, limpido",2,perceptivelmente mais escura que o padrao,True,caracteristico,,False
DLR-2412-193,Detergente Liquido para Roupas,3,Luz Solar,60,9.73,1.012,-1.654,0.0,4.546,3.634,0,"liquido homogeneo, limpido",3,amarelada em relacao ao padrao,True,caracteristico,,False
DLR-2412-193,Detergente Liquido para Roupas,3,Luz Solar,90,9.73,1.015,-2.082,0.0,5.457,4.365,0,"liquido homogeneo, levemente opalescente",3,amarelada em relacao ao padrao,True,caracteristico,,False
LMU-2412-194,Limpador Multiuso Alcalino,3,Ambiente Escuro 25C,7,10.37,1.012,-0.021,0.0,0.042,0.03,2,"cremeacao visivel na superficie, reversivel a agitacao",0,conforme padrao,True,caracteristico do produto,,False
LMU-2412-194,Limpador Multiuso Alcalino,3,Ambiente Escuro 25C,15,10.36,1.015,-0.045,0.0,0.09,0.065,2,"cremeacao visivel na superficie, reversivel a agitacao",0,conforme padrao,True,caracteristico,,False
LMU-2412-194,Limpador Multiuso Alcalino,3,Ambiente Escuro 25C,30,10.37,1.013,-0.09,0.0,0.18,0.129,1,liquido homogeneo com leve pelicula na superficie,0,conforme padrao,True,caracteristico,,False
LMU-2412-194,Limpador Multiuso Alcalino,3,Ambiente Escuro 25C,60,10.3,1.012,-0.18,0.0,0.36,0.259,2,"cremeacao visivel na superficie, reversivel a agitacao",0,conforme padrao,True,caracteristico do produto,,False
LMU-2412-194,Limpador Multiuso Alcalino,3,Ambiente Escuro 25C,90,10.26,1.014,-0.27,0.0,0.54,0.388,1,"homogeneo, leve turvacao em relacao ao padrao",0,conforme padrao,True,caracteristico do produto,,False
LMU-2412-194,Limpador Multiuso Alcalino,3,Estufa 40C,7,10.29,1.016,-0.099,0.0,0.197,0.142,1,"homogeneo, leve turvacao em relacao ao padrao",0,conforme padrao,True,caracteristico,,False
LMU-2412-194,Limpador Multiuso Alcalino,3,Estufa 40C,15,10.29,1.014,-0.211,0.0,0.422,0.303,1,liquido homogeneo com leve pelicula na superficie,0,conforme padrao,True,caracteristico,,False
LMU-2412-194,Limpador Multiuso Alcalino,3,Estufa 40C,30,10.16,1.016,-0.422,0.0,0.845,0.605,2,"cremeacao visivel na superficie, reversivel a agitacao",0,conforme padrao,True,caracteristico,,False
LMU-2412-194,Limpador Multiuso Alcalino,3,Estufa 40C,60,9.97,1.017,-0.845,0.0,1.689,1.205,2,"cremeacao visivel na superficie, reversivel a agitacao",1,"levemente diferente do padrao, conforme",True,caracteristico,,False
LMU-2412-194,Limpador Multiuso Alcalino,3,Estufa 40C,90,9.78,1.016,-1.267,0.0,2.534,1.8,3,"separacao parcial de fase, camada superior definida",2,perceptivelmente mais escura que o padrao,True,caracteristico,aspecto nao conforme,True
LMU-2412-194,Limpador Multiuso Alcalino,3,Geladeira 5C,7,10.38,1.013,-0.002,0.0,0.004,0.003,1,liquido homogeneo com leve pelicula na superficie,0,conforme padrao,True,caracteristico,,False
LMU-2412-194,Limpador Multiuso Alcalino,3,Geladeira 5C,15,10.41,1.013,-0.004,0.0,0.009,0.006,1,liquido homogeneo com leve pelicula na superficie,0,conforme padrao,True,caracteristico do produto,,False
LMU-2412-194,Limpador Multiuso Alcalino,3,Geladeira 5C,30,10.44,1.014,-0.009,0.0,0.018,0.013,2,"leve cremeacao na superficie, porem conforme",0,conforme padrao,True,caracteristico,,False
LMU-2412-194,Limpador Multiuso Alcalino,3,Geladeira 5C,60,10.32,1.014,-0.018,0.0,0.035,0.025,1,"homogeneo, leve turvacao em relacao ao padrao",0,conforme padrao,True,caracteristico,,False
LMU-2412-194,Limpador Multiuso Alcalino,3,Geladeira 5C,90,10.4,1.015,-0.027,0.0,0.053,0.038,1,liquido homogeneo com leve pelicula na superficie,0,conforme padrao,True,caracteristico do produto,,False
LMU-2412-194,Limpador Multiuso Alcalino,3,Luz Solar,7,10.39,1.014,-0.32,0.0,0.993,0.651,2,"cremeacao visivel na superficie, reversivel a agitacao",0,conforme padrao,True,caracteristico do produto,,False
LMU-2412-194,Limpador Multiuso Alcalino,3,Luz Solar,15,10.36,1.016,-0.644,0.0,1.955,1.277,2,"leve cremeacao na superficie, porem conforme",1,"levemente diferente do padrao, conforme",True,caracteristico do produto,,False
LMU-2412-194,Limpador Multiuso Alcalino,3,Luz Solar,30,10.36,1.017,-1.152,0.0,3.369,2.194,1,"homogeneo, leve turvacao em relacao ao padrao",2,perceptivelmente mais escura que o padrao,True,caracteristico,,False
LMU-2412-194,Limpador Multiuso Alcalino,3,Luz Solar,60,10.23,1.015,-1.884,0.0,5.175,3.367,1,liquido homogeneo com leve pelicula na superficie,3,amarelada em relacao ao padrao,True,caracteristico,,False
LMU-2412-194,Limpador Multiuso Alcalino,3,Luz Solar,90,10.24,1.015,-2.372,0.0,6.216,4.055,2,"leve cremeacao na superficie, porem conforme",3,amarelada em relacao ao padrao,True,caracteristico do produto,,False
DLL-2412-195,Detergente Liquido Lava-Loucas,3,Ambiente Escuro 25C,7,7.43,1.03,-0.017,0.0,0.034,0.019,0,"liquido homogeneo, sem alteracao",0,conforme padrao,True,caracteristico do produto,,False
DLL-2412-195,Detergente Liquido Lava-Loucas,3,Ambiente Escuro 25C,15,7.4,1.03,-0.036,0.0,0.072,0.041,0,"liquido homogeneo, levemente opalescente",0,conforme padrao,True,caracteristico,,False
DLL-2412-195,Detergente Liquido Lava-Loucas,3,Ambiente Escuro 25C,30,7.37,1.033,-0.072,0.0,0.144,0.081,0,"liquido homogeneo, limpido",0,conforme padrao,True,caracteristico,,False
DLL-2412-195,Detergente Liquido Lava-Loucas,3,Ambiente Escuro 25C,60,7.36,1.032,-0.144,0.0,0.288,0.162,0,"liquido homogeneo, limpido",0,conforme padrao,True,caracteristico do produto,,False
DLL-2412-195,Detergente Liquido Lava-Loucas,3,Ambiente Escuro 25C,90,7.35,1.032,-0.216,0.0,0.432,0.243,0,"liquido homogeneo, limpido",0,conforme padrao,True,caracteristico,,False
DLL-2412-195,Detergente Liquido Lava-Loucas,3,Estufa 40C,7,7.4,1.033,-0.079,0.0,0.158,0.089,0,"liquido homogeneo, limpido",0,conforme padrao,True,caracteristico,,False
DLL-2412-195,Detergente Liquido Lava-Loucas,3,Estufa 40C,15,7.36,1.035,-0.169,0.0,0.338,0.191,0,"liquido homogeneo, limpido",0,conforme padrao,True,caracteristico,,False
DLL-2412-195,Detergente Liquido Lava-Loucas,3,Estufa 40C,30,7.29,1.032,-0.338,0.0,0.676,0.38,0,"liquido homogeneo, levemente opalescente",0,conforme padrao,True,caracteristico do produto,,False
DLL-2412-195,Detergente Liquido Lava-Loucas,3,Estufa 40C,60,7.23,1.036,-0.676,0.0,1.351,0.757,0,"liquido homogeneo, limpido",0,conforme padrao,True,caracteristico do produto,,False
DLL-2412-195,Detergente Liquido Lava-Loucas,3,Estufa 40C,90,7.25,1.039,-1.014,0.0,2.027,1.131,0,"liquido homogeneo, limpido",1,"levemente diferente do padrao, conforme",True,caracteristico,,False
DLL-2412-195,Detergente Liquido Lava-Loucas,3,Geladeira 5C,7,7.39,1.032,-0.002,0.0,0.003,0.002,0,"liquido homogeneo, levemente opalescente",0,conforme padrao,True,caracteristico,,False
DLL-2412-195,Detergente Liquido Lava-Loucas,3,Geladeira 5C,15,7.39,1.032,-0.004,0.0,0.007,0.004,0,"liquido homogeneo, sem alteracao",0,conforme padrao,True,caracteristico do produto,,False
DLL-2412-195,Detergente Liquido Lava-Loucas,3,Geladeira 5C,30,7.41,1.031,-0.007,0.0,0.014,0.008,0,"liquido homogeneo, levemente opalescente",0,conforme padrao,True,caracteristico do produto,,False
DLL-2412-195,Detergente Liquido Lava-Loucas,3,Geladeira 5C,60,7.41,1.031,-0.014,0.0,0.028,0.016,0,"liquido homogeneo, levemente opalescente",0,conforme padrao,True,caracteristico,,False
DLL-2412-195,Detergente Liquido Lava-Loucas,3,Geladeira 5C,90,7.38,1.032,-0.021,0.0,0.042,0.024,0,"liquido homogeneo, sem alteracao",0,conforme padrao,True,caracteristico do produto,,False
DLL-2412-195,Detergente Liquido Lava-Loucas,3,Luz Solar,7,7.43,1.03,-0.256,0.0,0.794,0.401,0,"liquido homogeneo, levemente opalescente",0,conforme padrao,True,caracteristico do produto,,False
DLL-2412-195,Detergente Liquido Lava-Loucas,3,Luz Solar,15,7.45,1.035,-0.515,0.0,1.564,0.789,0,"liquido homogeneo, sem alteracao",0,conforme padrao,True,caracteristico do produto,,False
DLL-2412-195,Detergente Liquido Lava-Loucas,3,Luz Solar,30,7.37,1.032,-0.921,0.0,2.695,1.356,0,"liquido homogeneo, limpido",1,"levemente diferente do padrao, conforme",True,caracteristico do produto,,False
DLL-2412-195,Detergente Liquido Lava-Loucas,3,Luz Solar,60,7.34,1.033,-1.507,0.0,4.14,2.086,0,"liquido homogeneo, levemente opalescente",2,perceptivelmente mais escura que o padrao,True,caracteristico do produto,,False
DLL-2412-195,Detergente Liquido Lava-Loucas,3,Luz Solar,90,7.3,1.029,-1.898,0.0,4.972,2.517,0,"liquido homogeneo, limpido",2,perceptivelmente mais escura que o padrao,True,caracteristico,,False
DES-2412-196,Desinfetante Quaternario Concentrado,3,Ambiente Escuro 25C,7,6.55,1.004,-0.015,0.0,0.031,0.017,0,"liquido homogeneo, levemente opalescente",0,conforme padrao,True,caracteristico do produto,,False
DES-2412-196,Desinfetante Quaternario Concentrado,3,Ambiente Escuro 25C,15,6.52,1.005,-0.033,0.0,0.066,0.037,0,"liquido homogeneo, limpido",0,conforme padrao,True,caracteristico,,False
DES-2412-196,Desinfetante Quaternario Concentrado,3,Ambiente Escuro 25C,30,6.55,1.006,-0.066,0.0,0.132,0.075,1,"homogeneo, leve turvacao em relacao ao padrao",0,conforme padrao,True,caracteristico,,False
DES-2412-196,Desinfetante Quaternario Concentrado,3,Ambiente Escuro 25C,60,6.5,1.005,-0.132,0.0,0.264,0.15,0,"liquido homogeneo, levemente opalescente",0,conforme padrao,True,caracteristico do produto,,False
DES-2412-196,Desinfetante Quaternario Concentrado,3,Ambiente Escuro 25C,90,6.5,1.004,-0.198,0.0,0.396,0.225,0,"liquido homogeneo, levemente opalescente",0,conforme padrao,True,caracteristico,,False
DES-2412-196,Desinfetante Quaternario Concentrado,3,Estufa 40C,7,6.55,1.005,-0.072,0.0,0.145,0.082,0,"liquido homogeneo, sem alteracao",0,conforme padrao,True,caracteristico,,False
DES-2412-196,Desinfetante Quaternario Concentrado,3,Estufa 40C,15,6.52,1.006,-0.155,0.0,0.31,0.175,0,"liquido homogeneo, sem alteracao",0,conforme padrao,True,caracteristico do produto,,False
DES-2412-196,Desinfetante Quaternario Concentrado,3,Estufa 40C,30,6.45,1.005,-0.31,0.0,0.619,0.352,0,"liquido homogeneo, sem alteracao",0,conforme padrao,True,caracteristico do produto,,False
DES-2412-196,Desinfetante Quaternario Concentrado,3,Estufa 40C,60,6.39,1.006,-0.619,0.0,1.239,0.708,0,"liquido homogeneo, sem alteracao",0,conforme padrao,True,caracteristico do produto,,False
DES-2412-196,Desinfetante Quaternario Concentrado,3,Estufa 40C,90,6.32,1.007,-0.929,0.0,1.858,1.068,0,"liquido homogeneo, levemente opalescente",1,"levemente diferente do padrao, conforme",True,caracteristico do produto,,False
DES-2412-196,Desinfetante Quaternario Concentrado,3,Geladeira 5C,7,6.57,1.005,-0.002,0.0,0.003,0.002,0,"liquido homogeneo, limpido",0,conforme padrao,True,caracteristico,,False
DES-2412-196,Desinfetante Quaternario Concentrado,3,Geladeira 5C,15,6.59,1.001,-0.003,0.0,0.006,0.004,0,"liquido homogeneo, limpido",0,conforme padrao,True,caracteristico do produto,,False
DES-2412-196,Desinfetante Quaternario Concentrado,3,Geladeira 5C,30,6.49,1.0,-0.006,0.0,0.013,0.007,0,"liquido homogeneo, limpido",0,conforme padrao,True,caracteristico,,False
DES-2412-196,Desinfetante Quaternario Concentrado,3,Geladeira 5C,60,6.5,1.001,-0.013,0.0,0.026,0.015,0,"liquido homogeneo, limpido",0,conforme padrao,True,caracteristico,,False
DES-2412-196,Desinfetante Quaternario Concentrado,3,Geladeira 5C,90,6.51,1.003,-0.019,0.0,0.039,0.022,0,"liquido homogeneo, sem alteracao",0,conforme padrao,True,caracteristico,,False
DES-2412-196,Desinfetante Quaternario Concentrado,3,Luz Solar,7,6.6,1.003,-0.344,0.0,1.084,0.51,0,"liquido homogeneo, limpido",0,conforme padrao,True,caracteristico do produto,,False
DES-2412-196,Desinfetante Quaternario Concentrado,3,Luz Solar,15,6.52,1.004,-0.691,0.0,2.131,1.023,0,"liquido homogeneo, sem alteracao",1,"levemente diferente do padrao, conforme",True,caracteristico do produto,,False
DES-2412-196,Desinfetante Quaternario Concentrado,3,Luz Solar,30,6.56,1.003,-1.231,0.0,3.655,1.811,0,"liquido homogeneo, limpido",2,perceptivelmente mais escura que o padrao,True,caracteristico do produto,,False
DES-2412-196,Desinfetante Quaternario Concentrado,3,Luz Solar,60,6.54,1.005,-1.991,0.0,5.559,2.882,0,"liquido homogeneo, limpido",2,perceptivelmente mais escura que o padrao,True,caracteristico,,False
DES-2412-196,Desinfetante Quaternario Concentrado,3,Luz Solar,90,6.41,1.005,-2.479,0.0,6.606,3.53,0,"liquido homogeneo, levemente opalescente",3,amarelada em relacao ao padrao,True,caracteristico do produto,,False
ALV-2412-198,Alvejante Liquido sem Cloro,3,Ambiente Escuro 25C,7,3.84,1.054,-0.014,0.0,0.028,0.025,1,liquido homogeneo com leve pelicula na superficie,0,conforme padrao,True,caracteristico do produto,,False
ALV-2412-198,Alvejante Liquido sem Cloro,3,Ambiente Escuro 25C,15,3.82,1.052,-0.03,0.0,0.06,0.053,1,"homogeneo, leve turvacao em relacao ao padrao",0,conforme padrao,True,caracteristico,,False
ALV-2412-198,Alvejante Liquido sem Cloro,3,Ambiente Escuro 25C,30,3.8,1.055,-0.06,0.0,0.12,0.106,2,"cremeacao visivel na superficie, reversivel a agitacao",0,conforme padrao,True,caracteristico do produto,,False
ALV-2412-198,Alvejante Liquido sem Cloro,3,Ambiente Escuro 25C,60,3.78,1.056,-0.12,0.0,0.24,0.212,2,"cremeacao visivel na superficie, reversivel a agitacao",0,conforme padrao,True,caracteristico do produto,,False
ALV-2412-198,Alvejante Liquido sem Cloro,3,Ambiente Escuro 25C,90,3.68,1.055,-0.18,0.0,0.36,0.318,2,"cremeacao visivel na superficie, reversivel a agitacao",0,conforme padrao,True,caracteristico,,False
ALV-2412-198,Alvejante Liquido sem Cloro,3,Estufa 40C,7,3.84,1.056,-0.066,0.0,0.131,0.116,2,"leve cremeacao na superficie, porem conforme",0,conforme padrao,True,caracteristico do produto,,False
ALV-2412-198,Alvejante Liquido sem Cloro,3,Estufa 40C,15,3.71,1.055,-0.141,0.0,0.282,0.249,2,"leve cremeacao na superficie, porem conforme",0,conforme padrao,True,caracteristico,,False
ALV-2412-198,Alvejante Liquido sem Cloro,3,Estufa 40C,30,3.62,1.057,-0.282,0.0,0.563,0.495,1,"homogeneo, leve turvacao em relacao ao padrao",0,conforme padrao,True,caracteristico do produto,,False
ALV-2412-198,Alvejante Liquido sem Cloro,3,Estufa 40C,60,3.39,1.059,-0.563,0.0,1.126,0.982,2,"leve cremeacao na superficie, porem conforme",1,"levemente diferente do padrao, conforme",True,caracteristico do produto,pH fora de faixa,True
ALV-2412-198,Alvejante Liquido sem Cloro,3,Estufa 40C,90,3.16,1.063,-0.845,0.0,1.689,1.46,3,"separacao parcial de fase, camada superior definida",1,"levemente diferente do padrao, conforme",True,caracteristico do produto,pH fora de faixa; densidade fora de faixa; aspecto nao conforme,True
ALV-2412-198,Alvejante Liquido sem Cloro,3,Geladeira 5C,7,3.82,1.051,-0.001,0.0,0.003,0.002,1,"homogeneo, leve turvacao em relacao ao padrao",0,conforme padrao,True,caracteristico do produto,,False
ALV-2412-198,Alvejante Liquido sem Cloro,3,Geladeira 5C,15,3.87,1.054,-0.003,0.0,0.006,0.005,1,liquido homogeneo com leve pelicula na superficie,0,conforme padrao,True,caracteristico do produto,,False
ALV-2412-198,Alvejante Liquido sem Cloro,3,Geladeira 5C,30,3.84,1.051,-0.006,0.0,0.012,0.01,2,"leve cremeacao na superficie, porem conforme",0,conforme padrao,True,caracteristico,,False
ALV-2412-198,Alvejante Liquido sem Cloro,3,Geladeira 5C,60,3.84,1.056,-0.012,0.0,0.024,0.021,1,liquido homogeneo com leve pelicula na superficie,0,conforme padrao,True,caracteristico,,False
ALV-2412-198,Alvejante Liquido sem Cloro,3,Geladeira 5C,90,3.83,1.051,-0.018,0.0,0.035,0.031,1,liquido homogeneo com leve pelicula na superficie,0,conforme padrao,True,caracteristico,,False
ALV-2412-198,Alvejante Liquido sem Cloro,3,Luz Solar,7,3.85,1.054,-0.376,0.0,1.19,0.998,1,"homogeneo, leve turvacao em relacao ao padrao",1,"levemente diferente do padrao, conforme",True,caracteristico do produto,,False
ALV-2412-198,Alvejante Liquido sem Cloro,3,Luz Solar,15,3.82,1.055,-0.754,0.0,2.337,1.926,1,"homogeneo, leve turvacao em relacao ao padrao",2,perceptivelmente mais escura que o padrao,True,caracteristico,,False
ALV-2412-198,Alvejante Liquido sem Cloro,3,Luz Solar,30,3.77,1.056,-1.34,0.0,4.002,3.217,2,"leve cremeacao na superficie, porem conforme",3,amarelada em relacao ao padrao,True,caracteristico do produto,,False
ALV-2412-198,Alvejante Liquido sem Cloro,3,Luz Solar,60,3.73,1.057,-2.16,0.0,6.066,4.741,2,"cremeacao visivel na superficie, reversivel a agitacao",3,amarelada em relacao ao padrao,True,caracteristico do produto,,False
ALV-2412-198,Alvejante Liquido sem Cloro,3,Luz Solar,90,3.59,1.056,-2.678,0.0,7.18,5.54,2,"cremeacao visivel na superficie, reversivel a agitacao",3,amarelada em relacao ao padrao,True,caracteristico do produto,,False
DLR-2412-201,Detergente Liquido para Roupas,3,Ambiente Escuro 25C,7,9.37,1.017,-0.018,0.0,0.036,0.03,0,"liquido homogeneo, sem alteracao",0,conforme padrao,True,caracteristico do produto,,False
DLR-2412-201,Detergente Liquido para Roupas,3,Ambiente Escuro 25C,15,9.4,1.017,-0.039,0.0,0.078,0.065,0,"liquido homogeneo, limpido",0,conforme padrao,True,caracteristico,,False
DLR-2412-201,Detergente Liquido para Roupas,3,Ambiente Escuro 25C,30,9.4,1.019,-0.078,0.0,0.156,0.13,0,"liquido homogeneo, limpido",0,conforme padrao,True,caracteristico,,False
DLR-2412-201,Detergente Liquido para Roupas,3,Ambiente Escuro 25C,60,9.29,1.018,-0.156,0.0,0.312,0.259,0,"liquido homogeneo, levemente opalescente",0,conforme padrao,True,caracteristico,,False
DLR-2412-201,Detergente Liquido para Roupas,3,Ambiente Escuro 25C,90,9.3,1.016,-0.234,0.0,0.468,0.389,0,"liquido homogeneo, limpido",0,conforme padrao,True,caracteristico,,False
DLR-2412-201,Detergente Liquido para Roupas,3,Estufa 40C,7,9.36,1.018,-0.085,0.0,0.171,0.142,0,"liquido homogeneo, sem alteracao",0,conforme padrao,True,caracteristico,,False
DLR-2412-201,Detergente Liquido para Roupas,3,Estufa 40C,15,9.26,1.019,-0.183,0.0,0.366,0.304,0,"liquido homogeneo, limpido",0,conforme padrao,True,caracteristico do produto,,False
DLR-2412-201,Detergente Liquido para Roupas,3,Estufa 40C,30,9.3,1.016,-0.366,0.0,0.732,0.608,0,"liquido homogeneo, limpido",0,conforme padrao,True,caracteristico,,False
DLR-2412-201,Detergente Liquido para Roupas,3,Estufa 40C,60,9.16,1.018,-0.732,0.0,1.464,1.216,0,"liquido homogeneo, limpido",1,"levemente diferente do padrao, conforme",True,caracteristico,,False
DLR-2412-201,Detergente Liquido para Roupas,3,Estufa 40C,90,9.11,1.02,-1.098,0.0,2.196,1.823,0,"liquido homogeneo, limpido",2,perceptivelmente mais escura que o padrao,True,caracteristico do produto,,False
DLR-2412-201,Detergente Liquido para Roupas,3,Geladeira 5C,7,9.31,1.018,-0.002,0.0,0.004,0.003,0,"liquido homogeneo, sem alteracao",0,conforme padrao,True,caracteristico,,False
DLR-2412-201,Detergente Liquido para Roupas,3,Geladeira 5C,15,9.36,1.015,-0.004,0.0,0.008,0.006,0,"liquido homogeneo, levemente opalescente",0,conforme padrao,True,caracteristico,,False
DLR-2412-201,Detergente Liquido para Roupas,3,Geladeira 5C,30,9.31,1.015,-0.008,0.0,0.015,0.013,0,"liquido homogeneo, limpido",0,conforme padrao,True,caracteristico,,False
DLR-2412-201,Detergente Liquido para Roupas,3,Geladeira 5C,60,9.36,1.017,-0.015,0.0,0.031,0.025,0,"liquido homogeneo, sem alteracao",0,conforme padrao,True,caracteristico do produto,,False
DLR-2412-201,Detergente Liquido para Roupas,3,Geladeira 5C,90,9.33,1.019,-0.023,0.0,0.046,0.038,0,"liquido homogeneo, levemente opalescente",0,conforme padrao,True,caracteristico,,False
DLR-2412-201,Detergente Liquido para Roupas,3,Luz Solar,7,9.3,1.016,-0.281,0.0,0.873,0.689,0,"liquido homogeneo, levemente opalescente",0,conforme padrao,True,caracteristico do produto,,False
DLR-2412-201,Detergente Liquido para Roupas,3,Luz Solar,15,9.37,1.018,-0.565,0.0,1.719,1.359,0,"liquido homogeneo, limpido",1,"levemente diferente do padrao, conforme",True,caracteristico,,False
DLR-2412-201,Detergente Liquido para Roupas,3,Luz Solar,30,9.25,1.02,-1.012,0.0,2.961,2.345,0,"liquido homogeneo, limpido",2,perceptivelmente mais escura que o padrao,True,caracteristico do produto,,False
DLR-2412-201,Detergente Liquido para Roupas,3,Luz Solar,60,9.31,1.019,-1.654,0.0,4.546,3.608,0,"liquido homogeneo, levemente opalescente",3,amarelada em relacao ao padrao,True,caracteristico do produto,,False
DLR-2412-201,Detergente Liquido para Roupas,3,Luz Solar,90,9.26,1.02,-2.082,0.0,5.457,4.341,0,"liquido homogeneo, limpido",3,amarelada em relacao ao padrao,True,caracteristico,,False
DLL-2501-205,Detergente Liquido Lava-Loucas,3,Ambiente Escuro 25C,7,7.37,1.024,-0.017,0.0,0.034,0.019,0,"liquido homogeneo, sem alteracao",0,conforme padrao,True,caracteristico,,False
DLL-2501-205,Detergente Liquido Lava-Loucas,3,Ambiente Escuro 25C,15,7.35,1.025,-0.036,0.0,0.072,0.04,0,"liquido homogeneo, limpido",0,conforme padrao,True,caracteristico,,False
DLL-2501-205,Detergente Liquido Lava-Loucas,3,Ambiente Escuro 25C,30,7.31,1.023,-0.072,0.0,0.144,0.079,0,"liquido homogeneo, limpido",0,conforme padrao,True,caracteristico do produto,,False
DLL-2501-205,Detergente Liquido Lava-Loucas,3,Ambiente Escuro 25C,60,7.33,1.022,-0.144,0.0,0.288,0.159,0,"liquido homogeneo, limpido",0,conforme padrao,True,caracteristico do produto,,False
DLL-2501-205,Detergente Liquido Lava-Loucas,3,Ambiente Escuro 25C,90,7.35,1.021,-0.216,0.0,0.432,0.238,0,"liquido homogeneo, limpido",0,conforme padrao,True,caracteristico,,False
DLL-2501-205,Detergente Liquido Lava-Loucas,3,Estufa 40C,7,7.35,1.023,-0.079,0.0,0.158,0.087,0,"liquido homogeneo, levemente opalescente",0,conforme padrao,True,caracteristico do produto,,False
DLL-2501-205,Detergente Liquido Lava-Loucas,3,Estufa 40C,15,7.39,1.022,-0.169,0.0,0.338,0.186,0,"liquido homogeneo, sem alteracao",0,conforme padrao,True,caracteristico do produto,,False
DLL-2501-205,Detergente Liquido Lava-Loucas,3,Estufa 40C,30,7.28,1.024,-0.338,0.0,0.676,0.372,0,"liquido homogeneo, limpido",0,conforme padrao,True,caracteristico do produto,,False
DLL-2501-205,Detergente Liquido Lava-Loucas,3,Estufa 40C,60,7.25,1.027,-0.676,0.0,1.351,0.74,0,"liquido homogeneo, limpido",0,conforme padrao,True,caracteristico,,False
DLL-2501-205,Detergente Liquido Lava-Loucas,3,Estufa 40C,90,7.16,1.03,-1.014,0.0,2.027,1.106,0,"liquido homogeneo, sem alteracao",1,"levemente diferente do padrao, conforme",True,caracteristico,,False
DLL-2501-205,Detergente Liquido Lava-Loucas,3,Geladeira 5C,7,7.34,1.021,-0.002,0.0,0.003,0.002,0,"liquido homogeneo, limpido",0,conforme padrao,True,caracteristico do produto,,False
DLL-2501-205,Detergente Liquido Lava-Loucas,3,Geladeira 5C,15,7.33,1.024,-0.004,0.0,0.007,0.004,0,"liquido homogeneo, sem alteracao",0,conforme padrao,True,caracteristico do produto,,False
DLL-2501-205,Detergente Liquido Lava-Loucas,3,Geladeira 5C,30,7.38,1.023,-0.007,0.0,0.014,0.008,0,"liquido homogeneo, levemente opalescente",0,conforme padrao,True,caracteristico,,False
DLL-2501-205,Detergente Liquido Lava-Loucas,3,Geladeira 5C,60,7.33,1.022,-0.014,0.0,0.028,0.016,0,"liquido homogeneo, sem alteracao",0,conforme padrao,True,caracteristico,,False
DLL-2501-205,Detergente Liquido Lava-Loucas,3,Geladeira 5C,90,7.33,1.023,-0.021,0.0,0.042,0.023,0,"liquido homogeneo, sem alteracao",0,conforme padrao,True,caracteristico do produto,,False
DLL-2501-205,Detergente Liquido Lava-Loucas,3,Luz Solar,7,7.31,1.022,-0.256,0.0,0.794,0.39,0,"liquido homogeneo, sem alteracao",0,conforme padrao,True,caracteristico do produto,,False
DLL-2501-205,Detergente Liquido Lava-Loucas,3,Luz Solar,15,7.31,1.023,-0.515,0.0,1.564,0.766,0,"liquido homogeneo, sem alteracao",0,conforme padrao,True,caracteristico,,False
DLL-2501-205,Detergente Liquido Lava-Loucas,3,Luz Solar,30,7.3,1.023,-0.921,0.0,2.695,1.318,0,"liquido homogeneo, levemente opalescente",1,"levemente diferente do padrao, conforme",True,caracteristico,,False
DLL-2501-205,Detergente Liquido Lava-Loucas,3,Luz Solar,60,7.32,1.024,-1.507,0.0,4.14,2.031,0,"liquido homogeneo, sem alteracao",2,perceptivelmente mais escura que o padrao,True,caracteristico,,False
DLL-2501-205,Detergente Liquido Lava-Loucas,3,Luz Solar,90,7.25,1.023,-1.898,0.0,4.972,2.454,0,"liquido homogeneo, levemente opalescente",2,perceptivelmente mais escura que o padrao,True,caracteristico,,False
DLL-2501-206,Detergente Liquido Lava-Loucas,3,Ambiente Escuro 25C,7,7.47,1.037,-0.017,0.0,0.034,0.019,1,"homogeneo, leve turvacao em relacao ao padrao",0,conforme padrao,True,caracteristico,,False
DLL-2501-206,Detergente Liquido Lava-Loucas,3,Ambiente Escuro 25C,15,7.42,1.038,-0.036,0.0,0.072,0.04,0,"liquido homogeneo, levemente opalescente",0,conforme padrao,True,caracteristico do produto,,False
DLL-2501-206,Detergente Liquido Lava-Loucas,3,Ambiente Escuro 25C,30,7.37,1.037,-0.072,0.0,0.144,0.08,0,"liquido homogeneo, levemente opalescente",0,conforme padrao,True,caracteristico,,False
DLL-2501-206,Detergente Liquido Lava-Loucas,3,Ambiente Escuro 25C,60,7.37,1.035,-0.144,0.0,0.288,0.159,0,"liquido homogeneo, sem alteracao",0,conforme padrao,True,caracteristico do produto,,False
DLL-2501-206,Detergente Liquido Lava-Loucas,3,Ambiente Escuro 25C,90,7.39,1.035,-0.216,0.0,0.432,0.239,0,"liquido homogeneo, sem alteracao",0,conforme padrao,True,caracteristico do produto,,False
DLL-2501-206,Detergente Liquido Lava-Loucas,3,Estufa 40C,7,7.43,1.039,-0.079,0.0,0.158,0.087,0,"liquido homogeneo, limpido",0,conforme padrao,True,caracteristico do produto,,False
DLL-2501-206,Detergente Liquido Lava-Loucas,3,Estufa 40C,15,7.4,1.041,-0.169,0.0,0.338,0.187,0,"liquido homogeneo, levemente opalescente",0,conforme padrao,True,caracteristico,,False
DLL-2501-206,Detergente Liquido Lava-Loucas,3,Estufa 40C,30,7.36,1.039,-0.338,0.0,0.676,0.373,0,"liquido homogeneo, levemente opalescente",0,conforme padrao,True,caracteristico do produto,,False
DLL-2501-206,Detergente Liquido Lava-Loucas,3,Estufa 40C,60,7.26,1.043,-0.676,0.0,1.351,0.742,0,"liquido homogeneo, levemente opalescente",0,conforme padrao,True,caracteristico do produto,,False
DLL-2501-206,Detergente Liquido Lava-Loucas,3,Estufa 40C,90,7.12,1.041,-1.014,0.0,2.027,1.109,0,"liquido homogeneo, limpido",1,"levemente diferente do padrao, conforme",True,caracteristico,,False
DLL-2501-206,Detergente Liquido Lava-Loucas,3,Geladeira 5C,7,7.45,1.038,-0.002,0.0,0.003,0.002,0,"liquido homogeneo, limpido",0,conforme padrao,True,caracteristico,,False
DLL-2501-206,Detergente Liquido Lava-Loucas,3,Geladeira 5C,15,7.42,1.036,-0.004,0.0,0.007,0.004,1,"homogeneo, leve turvacao em relacao ao padrao",0,conforme padrao,True,caracteristico do produto,,False
DLL-2501-206,Detergente Liquido Lava-Loucas,3,Geladeira 5C,30,7.45,1.039,-0.007,0.0,0.014,0.008,0,"liquido homogeneo, levemente opalescente",0,conforme padrao,True,caracteristico do produto,,False
DLL-2501-206,Detergente Liquido Lava-Loucas,3,Geladeira 5C,60,7.48,1.038,-0.014,0.0,0.028,0.016,1,liquido homogeneo com leve pelicula na superficie,0,conforme padrao,True,caracteristico do produto,,False
DLL-2501-206,Detergente Liquido Lava-Loucas,3,Geladeira 5C,90,7.44,1.037,-0.021,0.0,0.042,0.023,0,"liquido homogeneo, levemente opalescente",0,conforme padrao,True,caracteristico,,False
DLL-2501-206,Detergente Liquido Lava-Loucas,3,Luz Solar,7,7.39,1.037,-0.256,0.0,0.794,0.393,0,"liquido homogeneo, levemente opalescente",0,conforme padrao,True,caracteristico,,False
DLL-2501-206,Detergente Liquido Lava-Loucas,3,Luz Solar,15,7.4,1.038,-0.515,0.0,1.564,0.773,1,liquido homogeneo com leve pelicula na superficie,0,conforme padrao,True,caracteristico,,False
DLL-2501-206,Detergente Liquido Lava-Loucas,3,Luz Solar,30,7.44,1.034,-0.921,0.0,2.695,1.329,1,"homogeneo, leve turvacao em relacao ao padrao",1,"levemente diferente do padrao, conforme",True,caracteristico,,False
DLL-2501-206,Detergente Liquido Lava-Loucas,3,Luz Solar,60,7.29,1.038,-1.507,0.0,4.14,2.045,0,"liquido homogeneo, sem alteracao",2,perceptivelmente mais escura que o padrao,True,caracteristico,,False
DLL-2501-206,Detergente Liquido Lava-Loucas,3,Luz Solar,90,7.3,1.036,-1.898,0.0,4.972,2.469,1,liquido homogeneo com leve pelicula na superficie,2,perceptivelmente mais escura que o padrao,True,caracteristico do produto,,False
DES-2501-208,Desinfetante Quaternario Concentrado,3,Ambiente Escuro 25C,7,7.16,1.008,-0.015,0.0,0.031,0.017,1,"homogeneo, leve turvacao em relacao ao padrao",0,conforme padrao,True,caracteristico do produto,,False
DES-2501-208,Desinfetante Quaternario Concentrado,3,Ambiente Escuro 25C,15,7.1,1.011,-0.033,0.0,0.066,0.037,1,"homogeneo, leve turvacao em relacao ao padrao",0,conforme padrao,True,caracteristico do produto,,False
DES-2501-208,Desinfetante Quaternario Concentrado,3,Ambiente Escuro 25C,30,7.14,1.007,-0.066,0.0,0.132,0.073,0,"liquido homogeneo, levemente opalescente",0,conforme padrao,True,caracteristico,,False
DES-2501-208,Desinfetante Quaternario Concentrado,3,Ambiente Escuro 25C,60,7.15,1.011,-0.132,0.0,0.264,0.147,0,"liquido homogeneo, levemente opalescente",0,conforme padrao,True,caracteristico,,False
DES-2501-208,Desinfetante Quaternario Concentrado,3,Ambiente Escuro 25C,90,7.14,1.008,-0.198,0.0,0.396,0.22,0,"liquido homogeneo, sem alteracao",0,conforme padrao,True,caracteristico do produto,,False
DES-2501-208,Desinfetante Quaternario Concentrado,3,Estufa 40C,7,7.09,1.008,-0.072,0.0,0.145,0.08,0,"liquido homogeneo, limpido",0,conforme padrao,True,caracteristico do produto,,False
DES-2501-208,Desinfetante Quaternario Concentrado,3,Estufa 40C,15,7.09,1.006,-0.155,0.0,0.31,0.172,1,liquido homogeneo com leve pelicula na superficie,0,conforme padrao,True,caracteristico do produto,,False
DES-2501-208,Desinfetante Quaternario Concentrado,3,Estufa 40C,30,7.06,1.012,-0.31,0.0,0.619,0.345,1,"homogeneo, leve turvacao em relacao ao padrao",0,conforme padrao,True,caracteristico do produto,,False
DES-2501-208,Desinfetante Quaternario Concentrado,3,Estufa 40C,60,6.92,1.011,-0.619,0.0,1.239,0.694,0,"liquido homogeneo, limpido",0,conforme padrao,True,caracteristico,,False
DES-2501-208,Desinfetante Quaternario Concentrado,3,Estufa 40C,90,6.88,1.011,-0.929,0.0,1.858,1.047,0,"liquido homogeneo, levemente opalescente",1,"levemente diferente do padrao, conforme",True,caracteristico do produto,,False
DES-2501-208,Desinfetante Quaternario Concentrado,3,Geladeira 5C,7,7.13,1.007,-0.002,0.0,0.003,0.002,1,"homogeneo, leve turvacao em relacao ao padrao",0,conforme padrao,True,caracteristico do produto,,False
DES-2501-208,Desinfetante Quaternario Concentrado,3,Geladeira 5C,15,7.14,1.008,-0.003,0.0,0.006,0.004,1,liquido homogeneo com leve pelicula na superficie,0,conforme padrao,True,caracteristico,,False
DES-2501-208,Desinfetante Quaternario Concentrado,3,Geladeira 5C,30,7.17,1.008,-0.006,0.0,0.013,0.007,1,"homogeneo, leve turvacao em relacao ao padrao",0,conforme padrao,True,caracteristico,,False
DES-2501-208,Desinfetante Quaternario Concentrado,3,Geladeira 5C,60,7.16,1.009,-0.013,0.0,0.026,0.014,0,"liquido homogeneo, sem alteracao",0,conforme padrao,True,caracteristico do produto,,False
DES-2501-208,Desinfetante Quaternario Concentrado,3,Geladeira 5C,90,7.09,1.007,-0.019,0.0,0.039,0.022,1,liquido homogeneo com leve pelicula na superficie,0,conforme padrao,True,caracteristico,,False
DES-2501-208,Desinfetante Quaternario Concentrado,3,Luz Solar,7,7.17,1.01,-0.344,0.0,1.084,0.498,1,"homogeneo, leve turvacao em relacao ao padrao",0,conforme padrao,True,caracteristico,,False
DES-2501-208,Desinfetante Quaternario Concentrado,3,Luz Solar,15,7.16,1.005,-0.691,0.0,2.131,0.998,0,"liquido homogeneo, levemente opalescente",1,"levemente diferente do padrao, conforme",True,caracteristico,,False
DES-2501-208,Desinfetante Quaternario Concentrado,3,Luz Solar,30,7.15,1.013,-1.231,0.0,3.655,1.766,0,"liquido homogeneo, levemente opalescente",2,perceptivelmente mais escura que o padrao,True,caracteristico,,False
DES-2501-208,Desinfetante Quaternario Concentrado,3,Luz Solar,60,7.09,1.008,-1.991,0.0,5.559,2.81,0,"liquido homogeneo, limpido",2,perceptivelmente mais escura que o padrao,True,caracteristico,,False
DES-2501-208,Desinfetante Quaternario Concentrado,3,Luz Solar,90,7.05,1.008,-2.479,0.0,6.606,3.442,0,"liquido homogeneo, levemente opalescente",3,amarelada em relacao ao padrao,True,caracteristico,,False
ALV-2501-209,Alvejante Liquido sem Cloro,3,Ambiente Escuro 25C,7,4.1,1.052,-0.014,0.0,0.028,0.026,0,"liquido homogeneo, sem alteracao",0,conforme padrao,True,caracteristico,,False
ALV-2501-209,Alvejante Liquido sem Cloro,3,Ambiente Escuro 25C,15,4.12,1.049,-0.03,0.0,0.06,0.055,0,"liquido homogeneo, levemente opalescente",0,conforme padrao,True,caracteristico do produto,,False
ALV-2501-209,Alvejante Liquido sem Cloro,3,Ambiente Escuro 25C,30,4.08,1.051,-0.06,0.0,0.12,0.11,0,"liquido homogeneo, limpido",0,conforme padrao,True,caracteristico do produto,,False
ALV-2501-209,Alvejante Liquido sem Cloro,3,Ambiente Escuro 25C,60,4.08,1.051,-0.12,0.0,0.24,0.22,0,"liquido homogeneo, levemente opalescente",0,conforme padrao,True,caracteristico,,False
ALV-2501-209,Alvejante Liquido sem Cloro,3,Ambiente Escuro 25C,90,4.07,1.057,-0.18,0.0,0.36,0.33,1,"homogeneo, leve turvacao em relacao ao padrao",0,conforme padrao,True,caracteristico do produto,,False
ALV-2501-209,Alvejante Liquido sem Cloro,3,Estufa 40C,7,4.02,1.053,-0.066,0.0,0.131,0.121,0,"liquido homogeneo, levemente opalescente",0,conforme padrao,True,caracteristico,,False
ALV-2501-209,Alvejante Liquido sem Cloro,3,Estufa 40C,15,4.01,1.051,-0.141,0.0,0.282,0.258,1,liquido homogeneo com leve pelicula na superficie,0,conforme padrao,True,caracteristico,,False
ALV-2501-209,Alvejante Liquido sem Cloro,3,Estufa 40C,30,3.92,1.053,-0.282,0.0,0.563,0.514,0,"liquido homogeneo, levemente opalescente",0,conforme padrao,True,caracteristico,,False
ALV-2501-209,Alvejante Liquido sem Cloro,3,Estufa 40C,60,3.83,1.058,-0.563,0.0,1.126,1.018,1,"homogeneo, leve turvacao em relacao ao padrao",1,"levemente diferente do padrao, conforme",True,caracteristico do produto,,False
ALV-2501-209,Alvejante Liquido sem Cloro,3,Estufa 40C,90,3.64,1.058,-0.845,0.0,1.689,1.513,1,liquido homogeneo com leve pelicula na superficie,1,"levemente diferente do padrao, conforme",True,caracteristico do produto,,False
ALV-2501-209,Alvejante Liquido sem Cloro,3,Geladeira 5C,7,4.2,1.052,-0.001,0.0,0.003,0.003,0,"liquido homogeneo, limpido",0,conforme padrao,True,caracteristico do produto,,False
ALV-2501-209,Alvejante Liquido sem Cloro,3,Geladeira 5C,15,4.1,1.052,-0.003,0.0,0.006,0.005,0,"liquido homogeneo, limpido",0,conforme padrao,True,caracteristico,,False
ALV-2501-209,Alvejante Liquido sem Cloro,3,Geladeira 5C,30,4.17,1.051,-0.006,0.0,0.012,0.011,0,"liquido homogeneo, levemente opalescente",0,conforme padrao,True,caracteristico,,False
ALV-2501-209,Alvejante Liquido sem Cloro,3,Geladeira 5C,60,4.09,1.05,-0.012,0.0,0.024,0.022,0,"liquido homogeneo, levemente opalescente",0,conforme padrao,True,caracteristico,,False
ALV-2501-209,Alvejante Liquido sem Cloro,3,Geladeira 5C,90,4.15,1.051,-0.018,0.0,0.035,0.033,0,"liquido homogeneo, limpido",0,conforme padrao,True,caracteristico do produto,,False
ALV-2501-209,Alvejante Liquido sem Cloro,3,Luz Solar,7,4.1,1.053,-0.376,0.0,1.19,1.038,0,"liquido homogeneo, limpido",1,"levemente diferente do padrao, conforme",True,caracteristico,,False
ALV-2501-209,Alvejante Liquido sem Cloro,3,Luz Solar,15,4.08,1.05,-0.754,0.0,2.337,2.0,0,"liquido homogeneo, sem alteracao",2,perceptivelmente mais escura que o padrao,True,caracteristico do produto,,False
ALV-2501-209,Alvejante Liquido sem Cloro,3,Luz Solar,30,4.08,1.052,-1.34,0.0,4.002,3.334,0,"liquido homogeneo, levemente opalescente",3,amarelada em relacao ao padrao,True,caracteristico,,False
ALV-2501-209,Alvejante Liquido sem Cloro,3,Luz Solar,60,4.0,1.053,-2.16,0.0,6.066,4.903,1,liquido homogeneo com leve pelicula na superficie,3,amarelada em relacao ao padrao,True,caracteristico,,False
ALV-2501-209,Alvejante Liquido sem Cloro,3,Luz Solar,90,4.0,1.055,-2.678,0.0,7.18,5.722,1,liquido homogeneo com leve pelicula na superficie,3,amarelada em relacao ao padrao,True,caracteristico do produto,,False
AMA-2501-210,Amaciante de Roupas (esterquat),3,Ambiente Escuro 25C,7,3.01,1.005,-0.02,0.0,0.039,0.034,0,"liquido homogeneo, levemente opalescente",0,conforme padrao,True,caracteristico do produto,,False
AMA-2501-210,Amaciante de Roupas (esterquat),3,Ambiente Escuro 25C,15,3.11,1.003,-0.042,0.0,0.084,0.073,0,"liquido homogeneo, limpido",0,conforme padrao,True,caracteristico,,False
AMA-2501-210,Amaciante de Roupas (esterquat),3,Ambiente Escuro 25C,30,2.96,1.002,-0.084,0.0,0.168,0.147,0,"liquido homogeneo, limpido",0,conforme padrao,True,caracteristico do produto,,False
AMA-2501-210,Amaciante de Roupas (esterquat),3,Ambiente Escuro 25C,60,3.03,1.005,-0.168,0.0,0.336,0.295,0,"liquido homogeneo, sem alteracao",0,conforme padrao,True,caracteristico do produto,,False
AMA-2501-210,Amaciante de Roupas (esterquat),3,Ambiente Escuro 25C,90,2.94,1.006,-0.252,0.0,0.504,0.443,0,"liquido homogeneo, sem alteracao",0,conforme padrao,True,caracteristico,,False
AMA-2501-210,Amaciante de Roupas (esterquat),3,Estufa 40C,7,2.99,1.006,-0.092,0.0,0.184,0.161,0,"liquido homogeneo, sem alteracao",0,conforme padrao,True,caracteristico,,False
AMA-2501-210,Amaciante de Roupas (esterquat),3,Estufa 40C,15,2.98,1.004,-0.197,0.0,0.394,0.346,0,"liquido homogeneo, sem alteracao",0,conforme padrao,True,caracteristico do produto,,False
AMA-2501-210,Amaciante de Roupas (esterquat),3,Estufa 40C,30,2.89,1.004,-0.394,0.0,0.788,0.696,0,"liquido homogeneo, limpido",0,conforme padrao,True,caracteristico do produto,,False
AMA-2501-210,Amaciante de Roupas (esterquat),3,Estufa 40C,60,2.78,1.005,-0.788,0.0,1.577,1.406,0,"liquido homogeneo, levemente opalescente",1,"levemente diferente do padrao, conforme",True,caracteristico do produto,,False
AMA-2501-210,Amaciante de Roupas (esterquat),3,Estufa 40C,90,2.69,1.008,-1.182,0.0,2.365,2.128,0,"liquido homogeneo, sem alteracao",2,perceptivelmente mais escura que o padrao,True,caracteristico,,False
AMA-2501-210,Amaciante de Roupas (esterquat),3,Geladeira 5C,7,3.06,1.006,-0.002,0.0,0.004,0.003,0,"liquido homogeneo, sem alteracao",0,conforme padrao,True,caracteristico do produto,,False
AMA-2501-210,Amaciante de Roupas (esterquat),3,Geladeira 5C,15,3.03,1.002,-0.004,0.0,0.008,0.007,0,"liquido homogeneo, sem alteracao",0,conforme padrao,True,caracteristico,,False
AMA-2501-210,Amaciante de Roupas (esterquat),3,Geladeira 5C,30,3.04,1.003,-0.008,0.0,0.017,0.014,0,"liquido homogeneo, limpido",0,conforme padrao,True,caracteristico,,False
AMA-2501-210,Amaciante de Roupas (esterquat),3,Geladeira 5C,60,3.06,1.005,-0.017,0.0,0.033,0.029,0,"liquido homogeneo, limpido",0,conforme padrao,True,caracteristico do produto,,False
AMA-2501-210,Amaciante de Roupas (esterquat),3,Geladeira 5C,90,3.04,1.004,-0.025,0.0,0.05,0.043,0,"liquido homogeneo, limpido",0,conforme padrao,True,caracteristico do produto,,False
AMA-2501-210,Amaciante de Roupas (esterquat),3,Luz Solar,7,3.0,1.001,-0.226,0.0,0.693,0.588,0,"liquido homogeneo, levemente opalescente",0,conforme padrao,True,caracteristico,,False
AMA-2501-210,Amaciante de Roupas (esterquat),3,Luz Solar,15,2.97,1.007,-0.457,0.0,1.368,1.174,0,"liquido homogeneo, limpido",1,"levemente diferente do padrao, conforme",False,"caracteristico, porem alterado",odor alterado,True
AMA-2501-210,Amaciante de Roupas (esterquat),3,Luz Solar,30,2.99,1.005,-0.822,0.0,2.369,2.063,0,"liquido homogeneo, limpido",2,perceptivelmente mais escura que o padrao,True,caracteristico,,False
AMA-2501-210,Amaciante de Roupas (esterquat),3,Luz Solar,60,2.92,1.007,-1.359,0.0,3.674,3.257,0,"liquido homogeneo, sem alteracao",3,amarelada em relacao ao padrao,True,caracteristico,,False
AMA-2501-210,Amaciante de Roupas (esterquat),3,Luz Solar,90,2.9,1.005,-1.73,0.0,4.46,3.991,0,"liquido homogeneo, sem alteracao",3,amarelada em relacao ao padrao,True,caracteristico,,False
DLL-2501-211,Detergente Liquido Lava-Loucas,3,Ambiente Escuro 25C,7,7.37,1.027,-0.017,0.0,0.034,0.019,0,"liquido homogeneo, limpido",0,conforme padrao,True,caracteristico do produto,,False
DLL-2501-211,Detergente Liquido Lava-Loucas,3,Ambiente Escuro 25C,15,7.32,1.028,-0.036,0.0,0.072,0.04,0,"liquido homogeneo, limpido",0,conforme padrao,True,caracteristico do produto,,False
DLL-2501-211,Detergente Liquido Lava-Loucas,3,Ambiente Escuro 25C,30,7.29,1.026,-0.072,0.0,0.144,0.08,0,"liquido homogeneo, sem alteracao",0,conforme padrao,True,caracteristico do produto,,False
DLL-2501-211,Detergente Liquido Lava-Loucas,3,Ambiente Escuro 25C,60,7.34,1.026,-0.144,0.0,0.288,0.159,0,"liquido homogeneo, limpido",0,conforme padrao,True,caracteristico,,False
DLL-2501-211,Detergente Liquido Lava-Loucas,3,Ambiente Escuro 25C,90,7.33,1.027,-0.216,0.0,0.432,0.239,0,"liquido homogeneo, limpido",0,conforme padrao,True,caracteristico do produto,,False
DLL-2501-211,Detergente Liquido Lava-Loucas,3,Estufa 40C,7,7.33,1.028,-0.079,0.0,0.158,0.087,0,"liquido homogeneo, sem alteracao",0,conforme padrao,True,caracteristico,,False
DLL-2501-211,Detergente Liquido Lava-Loucas,3,Estufa 40C,15,7.32,1.027,-0.169,0.0,0.338,0.187,0,"liquido homogeneo, limpido",0,conforme padrao,True,caracteristico do produto,,False
DLL-2501-211,Detergente Liquido Lava-Loucas,3,Estufa 40C,30,7.3,1.029,-0.338,0.0,0.676,0.373,0,"liquido homogeneo, sem alteracao",0,conforme padrao,True,caracteristico,,False
DLL-2501-211,Detergente Liquido Lava-Loucas,3,Estufa 40C,60,7.21,1.029,-0.676,0.0,1.351,0.744,0,"liquido homogeneo, levemente opalescente",0,conforme padrao,True,caracteristico,,False
DLL-2501-211,Detergente Liquido Lava-Loucas,3,Estufa 40C,90,7.11,1.032,-1.014,0.0,2.027,1.111,0,"liquido homogeneo, limpido",1,"levemente diferente do padrao, conforme",True,caracteristico,,False
DLL-2501-211,Detergente Liquido Lava-Loucas,3,Geladeira 5C,7,7.4,1.027,-0.002,0.0,0.003,0.002,0,"liquido homogeneo, levemente opalescente",0,conforme padrao,True,caracteristico do produto,,False
DLL-2501-211,Detergente Liquido Lava-Loucas,3,Geladeira 5C,15,7.3,1.026,-0.004,0.0,0.007,0.004,0,"liquido homogeneo, limpido",0,conforme padrao,True,caracteristico do produto,,False
DLL-2501-211,Detergente Liquido Lava-Loucas,3,Geladeira 5C,30,7.37,1.027,-0.007,0.0,0.014,0.008,0,"liquido homogeneo, levemente opalescente",0,conforme padrao,True,caracteristico,,False
DLL-2501-211,Detergente Liquido Lava-Loucas,3,Geladeira 5C,60,7.36,1.026,-0.014,0.0,0.028,0.016,0,"liquido homogeneo, levemente opalescente",0,conforme padrao,True,caracteristico do produto,,False
DLL-2501-211,Detergente Liquido Lava-Loucas,3,Geladeira 5C,90,7.31,1.025,-0.021,0.0,0.042,0.024,0,"liquido homogeneo, levemente opalescente",0,conforme padrao,True,caracteristico do produto,,False
DLL-2501-211,Detergente Liquido Lava-Loucas,3,Luz Solar,7,7.37,1.026,-0.256,0.0,0.794,0.392,0,"liquido homogeneo, sem alteracao",0,conforme padrao,True,caracteristico do produto,,False
DLL-2501-211,Detergente Liquido Lava-Loucas,3,Luz Solar,15,7.36,1.028,-0.515,0.0,1.564,0.77,0,"liquido homogeneo, limpido",0,conforme padrao,True,caracteristico,,False
DLL-2501-211,Detergente Liquido Lava-Loucas,3,Luz Solar,30,7.34,1.027,-0.921,0.0,2.695,1.324,0,"liquido homogeneo, limpido",1,"levemente diferente do padrao, conforme",True,caracteristico do produto,,False
DLL-2501-211,Detergente Liquido Lava-Loucas,3,Luz Solar,60,7.32,1.029,-1.507,0.0,4.14,2.041,0,"liquido homogeneo, levemente opalescente",2,perceptivelmente mais escura que o padrao,True,caracteristico,,False
DLL-2501-211,Detergente Liquido Lava-Loucas,3,Luz Solar,90,7.27,1.029,-1.898,0.0,4.972,2.465,0,"liquido homogeneo, sem alteracao",2,perceptivelmente mais escura que o padrao,True,caracteristico,,False
DLL-2501-212,Detergente Liquido Lava-Loucas,3,Ambiente Escuro 25C,7,7.81,1.041,-0.017,0.0,0.034,0.019,0,"liquido homogeneo, sem alteracao",0,conforme padrao,True,caracteristico do produto,,False
DLL-2501-212,Detergente Liquido Lava-Loucas,3,Ambiente Escuro 25C,15,7.8,1.043,-0.036,0.0,0.072,0.04,1,liquido homogeneo com leve pelicula na superficie,0,conforme padrao,True,caracteristico do produto,,False
DLL-2501-212,Detergente Liquido Lava-Loucas,3,Ambiente Escuro 25C,30,7.78,1.04,-0.072,0.0,0.144,0.08,1,"homogeneo, leve turvacao em relacao ao padrao",0,conforme padrao,True,caracteristico,,False
DLL-2501-212,Detergente Liquido Lava-Loucas,3,Ambiente Escuro 25C,60,7.78,1.042,-0.144,0.0,0.288,0.16,1,"homogeneo, leve turvacao em relacao ao padrao",0,conforme padrao,True,caracteristico,,False
DLL-2501-212,Detergente Liquido Lava-Loucas,3,Ambiente Escuro 25C,90,7.69,1.041,-0.216,0.0,0.432,0.24,0,"liquido homogeneo, limpido",0,conforme padrao,True,caracteristico,,False
DLL-2501-212,Detergente Liquido Lava-Loucas,3,Estufa 40C,7,7.78,1.042,-0.079,0.0,0.158,0.088,1,liquido homogeneo com leve pelicula na superficie,0,conforme padrao,True,caracteristico do produto,,False
DLL-2501-212,Detergente Liquido Lava-Loucas,3,Estufa 40C,15,7.7,1.045,-0.169,0.0,0.338,0.188,1,liquido homogeneo com leve pelicula na superficie,0,conforme padrao,True,caracteristico,,False
DLL-2501-212,Detergente Liquido Lava-Loucas,3,Estufa 40C,30,7.66,1.039,-0.338,0.0,0.676,0.375,1,liquido homogeneo com leve pelicula na superficie,0,conforme padrao,True,caracteristico do produto,,False
DLL-2501-212,Detergente Liquido Lava-Loucas,3,Estufa 40C,60,7.56,1.041,-0.676,0.0,1.351,0.746,1,liquido homogeneo com leve pelicula na superficie,0,conforme padrao,True,caracteristico do produto,,False
DLL-2501-212,Detergente Liquido Lava-Loucas,3,Estufa 40C,90,7.49,1.045,-1.014,0.0,2.027,1.115,0,"liquido homogeneo, levemente opalescente",1,"levemente diferente do padrao, conforme",True,caracteristico do produto,,False
DLL-2501-212,Detergente Liquido Lava-Loucas,3,Geladeira 5C,7,7.77,1.043,-0.002,0.0,0.003,0.002,1,liquido homogeneo com leve pelicula na superficie,0,conforme padrao,True,caracteristico,,False
DLL-2501-212,Detergente Liquido Lava-Loucas,3,Geladeira 5C,15,7.73,1.042,-0.004,0.0,0.007,0.004,0,"liquido homogeneo, sem alteracao",0,conforme padrao,True,caracteristico,,False
DLL-2501-212,Detergente Liquido Lava-Loucas,3,Geladeira 5C,30,7.71,1.042,-0.007,0.0,0.014,0.008,0,"liquido homogeneo, limpido",0,conforme padrao,True,caracteristico do produto,,False
DLL-2501-212,Detergente Liquido Lava-Loucas,3,Geladeira 5C,60,7.78,1.042,-0.014,0.0,0.028,0.016,1,"homogeneo, leve turvacao em relacao ao padrao",0,conforme padrao,True,caracteristico,,False
DLL-2501-212,Detergente Liquido Lava-Loucas,3,Geladeira 5C,90,7.75,1.042,-0.021,0.0,0.042,0.024,1,"homogeneo, leve turvacao em relacao ao padrao",0,conforme padrao,True,caracteristico,,False
DLL-2501-212,Detergente Liquido Lava-Loucas,3,Luz Solar,7,7.77,1.041,-0.256,0.0,0.794,0.394,1,liquido homogeneo com leve pelicula na superficie,0,conforme padrao,True,caracteristico,,False
DLL-2501-212,Detergente Liquido Lava-Loucas,3,Luz Solar,15,7.78,1.043,-0.515,0.0,1.564,0.775,0,"liquido homogeneo, levemente opalescente",0,conforme padrao,True,caracteristico,,False
DLL-2501-212,Detergente Liquido Lava-Loucas,3,Luz Solar,30,7.71,1.042,-0.921,0.0,2.695,1.333,1,liquido homogeneo com leve pelicula na superficie,1,"levemente diferente do padrao, conforme",True,caracteristico,,False
DLL-2501-212,Detergente Liquido Lava-Loucas,3,Luz Solar,60,7.7,1.043,-1.507,0.0,4.14,2.052,1,liquido homogeneo com leve pelicula na superficie,2,perceptivelmente mais escura que o padrao,True,caracteristico do produto,,False
DLL-2501-212,Detergente Liquido Lava-Loucas,3,Luz Solar,90,7.67,1.043,-1.898,0.0,4.972,2.478,1,"homogeneo, leve turvacao em relacao ao padrao",2,perceptivelmente mais escura que o padrao,True,caracteristico,,False
LMU-2501-213,Limpador Multiuso Alcalino,3,Ambiente Escuro 25C,7,10.34,1.012,-0.021,0.0,0.042,0.03,0,"liquido homogeneo, sem alteracao",0,conforme padrao,True,caracteristico do produto,,False
LMU-2501-213,Limpador Multiuso Alcalino,3,Ambiente Escuro 25C,15,10.31,1.014,-0.045,0.0,0.09,0.065,0,"liquido homogeneo, limpido",0,conforme padrao,True,caracteristico do produto,,False
LMU-2501-213,Limpador Multiuso Alcalino,3,Ambiente Escuro 25C,30,10.27,1.011,-0.09,0.0,0.18,0.129,0,"liquido homogeneo, sem alteracao",0,conforme padrao,True,caracteristico,,False
LMU-2501-213,Limpador Multiuso Alcalino,3,Ambiente Escuro 25C,60,10.25,1.014,-0.18,0.0,0.36,0.258,0,"liquido homogeneo, limpido",0,conforme padrao,True,caracteristico,,False
LMU-2501-213,Limpador Multiuso Alcalino,3,Ambiente Escuro 25C,90,10.2,1.014,-0.27,0.0,0.54,0.387,0,"liquido homogeneo, limpido",0,conforme padrao,True,caracteristico,,False
LMU-2501-213,Limpador Multiuso Alcalino,3,Estufa 40C,7,10.32,1.01,-0.099,0.0,0.197,0.142,0,"liquido homogeneo, levemente opalescente",0,conforme padrao,True,caracteristico,,False
LMU-2501-213,Limpador Multiuso Alcalino,3,Estufa 40C,15,10.26,1.015,-0.211,0.0,0.422,0.303,0,"liquido homogeneo, limpido",0,conforme padrao,True,caracteristico,,False
LMU-2501-213,Limpador Multiuso Alcalino,3,Estufa 40C,30,10.17,1.014,-0.422,0.0,0.845,0.605,0,"liquido homogeneo, limpido",0,conforme padrao,True,caracteristico do produto,,False
LMU-2501-213,Limpador Multiuso Alcalino,3,Estufa 40C,60,10.04,1.018,-0.845,0.0,1.689,1.205,0,"liquido homogeneo, limpido",1,"levemente diferente do padrao, conforme",True,caracteristico do produto,,False
LMU-2501-213,Limpador Multiuso Alcalino,3,Estufa 40C,90,9.91,1.019,-1.267,0.0,2.534,1.8,0,"liquido homogeneo, levemente opalescente",2,perceptivelmente mais escura que o padrao,True,caracteristico,,False
LMU-2501-213,Limpador Multiuso Alcalino,3,Geladeira 5C,7,10.32,1.011,-0.002,0.0,0.004,0.003,0,"liquido homogeneo, sem alteracao",0,conforme padrao,True,caracteristico,,False
LMU-2501-213,Limpador Multiuso Alcalino,3,Geladeira 5C,15,10.33,1.012,-0.004,0.0,0.009,0.006,0,"liquido homogeneo, sem alteracao",0,conforme padrao,True,caracteristico,,False
LMU-2501-213,Limpador Multiuso Alcalino,3,Geladeira 5C,30,10.35,1.012,-0.009,0.0,0.018,0.013,0,"liquido homogeneo, sem alteracao",0,conforme padrao,True,caracteristico do produto,,False
LMU-2501-213,Limpador Multiuso Alcalino,3,Geladeira 5C,60,10.31,1.016,-0.018,0.0,0.035,0.025,1,"homogeneo, leve turvacao em relacao ao padrao",0,conforme padrao,True,caracteristico,,False
LMU-2501-213,Limpador Multiuso Alcalino,3,Geladeira 5C,90,10.31,1.013,-0.027,0.0,0.053,0.038,0,"liquido homogeneo, levemente opalescente",0,conforme padrao,True,caracteristico do produto,,False
LMU-2501-213,Limpador Multiuso Alcalino,3,Luz Solar,7,10.32,1.017,-0.32,0.0,0.993,0.649,0,"liquido homogeneo, sem alteracao",0,conforme padrao,True,caracteristico,,False
LMU-2501-213,Limpador Multiuso Alcalino,3,Luz Solar,15,10.31,1.013,-0.644,0.0,1.955,1.275,0,"liquido homogeneo, limpido",1,"levemente diferente do padrao, conforme",True,caracteristico do produto,,False
LMU-2501-213,Limpador Multiuso Alcalino,3,Luz Solar,30,10.28,1.013,-1.152,0.0,3.369,2.19,0,"liquido homogeneo, sem alteracao",2,perceptivelmente mais escura que o padrao,True,caracteristico do produto,,False
LMU-2501-213,Limpador Multiuso Alcalino,3,Luz Solar,60,10.27,1.014,-1.884,0.0,5.175,3.362,0,"liquido homogeneo, levemente opalescente",3,amarelada em relacao ao padrao,True,caracteristico,,False
LMU-2501-213,Limpador Multiuso Alcalino,3,Luz Solar,90,10.17,1.014,-2.372,0.0,6.216,4.05,0,"liquido homogeneo, sem alteracao",3,amarelada em relacao ao padrao,True,caracteristico do produto,,False
DES-2501-214,Desinfetante Quaternario Concentrado,3,Ambiente Escuro 25C,7,6.91,1.002,-0.015,0.0,0.031,0.017,2,"cremeacao visivel na superficie, reversivel a agitacao",0,conforme padrao,True,caracteristico do produto,,False
DES-2501-214,Desinfetante Quaternario Concentrado,3,Ambiente Escuro 25C,15,6.9,0.999,-0.033,0.0,0.066,0.037,2,"cremeacao visivel na superficie, reversivel a agitacao",0,conforme padrao,False,"caracteristico, porem alterado",odor alterado,True
DES-2501-214,Desinfetante Quaternario Concentrado,3,Ambiente Escuro 25C,30,6.9,0.999,-0.066,0.0,0.132,0.074,2,"leve cremeacao na superficie, porem conforme",0,conforme padrao,True,caracteristico,,False
DES-2501-214,Desinfetante Quaternario Concentrado,3,Ambiente Escuro 25C,60,6.88,0.999,-0.132,0.0,0.264,0.149,2,"cremeacao visivel na superficie, reversivel a agitacao",0,conforme padrao,True,caracteristico,,False
DES-2501-214,Desinfetante Quaternario Concentrado,3,Ambiente Escuro 25C,90,6.79,0.999,-0.198,0.0,0.396,0.224,2,"leve cremeacao na superficie, porem conforme",0,conforme padrao,True,caracteristico do produto,,False
DES-2501-214,Desinfetante Quaternario Concentrado,3,Estufa 40C,7,6.86,1.002,-0.072,0.0,0.145,0.082,2,"leve cremeacao na superficie, porem conforme",0,conforme padrao,True,caracteristico,,False
DES-2501-214,Desinfetante Quaternario Concentrado,3,Estufa 40C,15,6.79,1.002,-0.155,0.0,0.31,0.175,2,"leve cremeacao na superficie, porem conforme",0,conforme padrao,True,caracteristico,,False
DES-2501-214,Desinfetante Quaternario Concentrado,3,Estufa 40C,30,6.77,1.004,-0.31,0.0,0.619,0.351,2,"leve cremeacao na superficie, porem conforme",0,conforme padrao,True,caracteristico do produto,,False
DES-2501-214,Desinfetante Quaternario Concentrado,3,Estufa 40C,60,6.64,1.006,-0.619,0.0,1.239,0.706,2,"leve cremeacao na superficie, porem conforme",0,conforme padrao,True,caracteristico,,False
DES-2501-214,Desinfetante Quaternario Concentrado,3,Estufa 40C,90,6.55,1.005,-0.929,0.0,1.858,1.065,3,"separacao parcial de fase, camada superior definida",1,"levemente diferente do padrao, conforme",True,caracteristico do produto,aspecto nao conforme,True
DES-2501-214,Desinfetante Quaternario Concentrado,3,Geladeira 5C,7,6.89,1.001,-0.002,0.0,0.003,0.002,1,liquido homogeneo com leve pelicula na superficie,0,conforme padrao,True,caracteristico do produto,,False
DES-2501-214,Desinfetante Quaternario Concentrado,3,Geladeira 5C,15,6.84,1.0,-0.003,0.0,0.006,0.004,1,"homogeneo, leve turvacao em relacao ao padrao",0,conforme padrao,True,caracteristico,,False
DES-2501-214,Desinfetante Quaternario Concentrado,3,Geladeira 5C,30,6.92,1.003,-0.006,0.0,0.013,0.007,2,"leve cremeacao na superficie, porem conforme",0,conforme padrao,True,caracteristico do produto,,False
DES-2501-214,Desinfetante Quaternario Concentrado,3,Geladeira 5C,60,6.9,1.002,-0.013,0.0,0.026,0.015,1,liquido homogeneo com leve pelicula na superficie,0,conforme padrao,True,caracteristico,,False
DES-2501-214,Desinfetante Quaternario Concentrado,3,Geladeira 5C,90,6.84,1.001,-0.019,0.0,0.039,0.022,2,"cremeacao visivel na superficie, reversivel a agitacao",0,conforme padrao,True,caracteristico do produto,,False
DES-2501-214,Desinfetante Quaternario Concentrado,3,Luz Solar,7,6.9,1.001,-0.344,0.0,1.084,0.508,1,"homogeneo, leve turvacao em relacao ao padrao",0,conforme padrao,True,caracteristico do produto,,False
DES-2501-214,Desinfetante Quaternario Concentrado,3,Luz Solar,15,6.91,1.0,-0.691,0.0,2.131,1.019,1,liquido homogeneo com leve pelicula na superficie,1,"levemente diferente do padrao, conforme",True,caracteristico,,False
DES-2501-214,Desinfetante Quaternario Concentrado,3,Luz Solar,30,6.86,1.0,-1.231,0.0,3.655,1.803,2,"leve cremeacao na superficie, porem conforme",2,perceptivelmente mais escura que o padrao,True,caracteristico do produto,,False
DES-2501-214,Desinfetante Quaternario Concentrado,3,Luz Solar,60,6.85,1.002,-1.991,0.0,5.559,2.871,2,"cremeacao visivel na superficie, reversivel a agitacao",2,perceptivelmente mais escura que o padrao,True,caracteristico do produto,,False
DES-2501-214,Desinfetante Quaternario Concentrado,3,Luz Solar,90,6.78,1.004,-2.479,0.0,6.606,3.517,2,"leve cremeacao na superficie, porem conforme",3,amarelada em relacao ao padrao,True,caracteristico,,False
AMA-2501-215,Amaciante de Roupas (esterquat),3,Ambiente Escuro 25C,7,2.94,0.997,-0.02,0.0,0.039,0.034,1,liquido homogeneo com leve pelicula na superficie,0,conforme padrao,True,caracteristico,,False
AMA-2501-215,Amaciante de Roupas (esterquat),3,Ambiente Escuro 25C,15,2.91,0.999,-0.042,0.0,0.084,0.072,1,"homogeneo, leve turvacao em relacao ao padrao",0,conforme padrao,True,caracteristico,,False
AMA-2501-215,Amaciante de Roupas (esterquat),3,Ambiente Escuro 25C,30,2.88,0.998,-0.084,0.0,0.168,0.145,1,liquido homogeneo com leve pelicula na superficie,0,conforme padrao,True,caracteristico do produto,,False
AMA-2501-215,Amaciante de Roupas (esterquat),3,Ambiente Escuro 25C,60,2.86,1.0,-0.168,0.0,0.336,0.291,1,"homogeneo, leve turvacao em relacao ao padrao",0,conforme padrao,True,caracteristico,,False
AMA-2501-215,Amaciante de Roupas (esterquat),3,Ambiente Escuro 25C,90,2.81,1.001,-0.252,0.0,0.504,0.437,0,"liquido homogeneo, levemente opalescente",0,conforme padrao,True,caracteristico,,False
AMA-2501-215,Amaciante de Roupas (esterquat),3,Estufa 40C,7,2.87,1.003,-0.092,0.0,0.184,0.159,1,liquido homogeneo com leve pelicula na superficie,0,conforme padrao,True,caracteristico do produto,,False
AMA-2501-215,Amaciante de Roupas (esterquat),3,Estufa 40C,15,2.88,1.0,-0.197,0.0,0.394,0.342,1,liquido homogeneo com leve pelicula na superficie,0,conforme padrao,True,caracteristico do produto,,False
AMA-2501-215,Amaciante de Roupas (esterquat),3,Estufa 40C,30,2.77,1.001,-0.394,0.0,0.788,0.687,1,"homogeneo, leve turvacao em relacao ao padrao",0,conforme padrao,False,"alterado, notas rancosas",odor alterado,True
AMA-2501-215,Amaciante de Roupas (esterquat),3,Estufa 40C,60,2.64,1.002,-0.788,0.0,1.577,1.388,1,liquido homogeneo com leve pelicula na superficie,1,"levemente diferente do padrao, conforme",True,caracteristico,,False
AMA-2501-215,Amaciante de Roupas (esterquat),3,Estufa 40C,90,2.4,1.006,-1.182,0.0,2.365,2.104,1,liquido homogeneo com leve pelicula na superficie,2,perceptivelmente mais escura que o padrao,True,caracteristico do produto,pH fora de faixa,True
AMA-2501-215,Amaciante de Roupas (esterquat),3,Geladeira 5C,7,2.91,0.999,-0.002,0.0,0.004,0.003,0,"liquido homogeneo, limpido",0,conforme padrao,True,caracteristico do produto,,False
AMA-2501-215,Amaciante de Roupas (esterquat),3,Geladeira 5C,15,2.92,0.997,-0.004,0.0,0.008,0.007,0,"liquido homogeneo, sem alteracao",0,conforme padrao,True,caracteristico do produto,,False
AMA-2501-215,Amaciante de Roupas (esterquat),3,Geladeira 5C,30,2.93,0.995,-0.008,0.0,0.017,0.014,0,"liquido homogeneo, sem alteracao",0,conforme padrao,True,caracteristico,,False
AMA-2501-215,Amaciante de Roupas (esterquat),3,Geladeira 5C,60,2.95,1.0,-0.017,0.0,0.033,0.028,1,"homogeneo, leve turvacao em relacao ao padrao",0,conforme padrao,True,caracteristico do produto,,False
AMA-2501-215,Amaciante de Roupas (esterquat),3,Geladeira 5C,90,2.9,0.999,-0.025,0.0,0.05,0.043,1,"homogeneo, leve turvacao em relacao ao padrao",0,conforme padrao,True,caracteristico do produto,,False
AMA-2501-215,Amaciante de Roupas (esterquat),3,Luz Solar,7,2.89,0.999,-0.226,0.0,0.693,0.58,0,"liquido homogeneo, sem alteracao",0,conforme padrao,True,caracteristico,,False
AMA-2501-215,Amaciante de Roupas (esterquat),3,Luz Solar,15,2.92,1.0,-0.457,0.0,1.368,1.158,0,"liquido homogeneo, sem alteracao",1,"levemente diferente do padrao, conforme",True,caracteristico do produto,,False
AMA-2501-215,Amaciante de Roupas (esterquat),3,Luz Solar,30,2.87,1.001,-0.822,0.0,2.369,2.037,0,"liquido homogeneo, sem alteracao",2,perceptivelmente mais escura que o padrao,True,caracteristico,,False
AMA-2501-215,Amaciante de Roupas (esterquat),3,Luz Solar,60,2.79,1.002,-1.359,0.0,3.674,3.225,1,"homogeneo, leve turvacao em relacao ao padrao",3,amarelada em relacao ao padrao,True,caracteristico do produto,,False
AMA-2501-215,Amaciante de Roupas (esterquat),3,Luz Solar,90,2.82,1.002,-1.73,0.0,4.46,3.959,1,"homogeneo, leve turvacao em relacao ao padrao",3,amarelada em relacao ao padrao,True,caracteristico do produto,,False
DES-2501-216,Desinfetante Quaternario Concentrado,3,Ambiente Escuro 25C,7,6.94,1.005,-0.015,0.0,0.031,0.017,1,liquido homogeneo com leve pelicula na superficie,0,conforme padrao,True,caracteristico do produto,,False
DES-2501-216,Desinfetante Quaternario Concentrado,3,Ambiente Escuro 25C,15,6.88,1.006,-0.033,0.0,0.066,0.037,1,liquido homogeneo com leve pelicula na superficie,0,conforme padrao,True,caracteristico do produto,,False
DES-2501-216,Desinfetante Quaternario Concentrado,3,Ambiente Escuro 25C,30,6.88,1.005,-0.066,0.0,0.132,0.075,1,liquido homogeneo com leve pelicula na superficie,0,conforme padrao,True,caracteristico,,False
DES-2501-216,Desinfetante Quaternario Concentrado,3,Ambiente Escuro 25C,60,6.93,1.006,-0.132,0.0,0.264,0.15,1,"homogeneo, leve turvacao em relacao ao padrao",0,conforme padrao,True,caracteristico do produto,,False
DES-2501-216,Desinfetante Quaternario Concentrado,3,Ambiente Escuro 25C,90,6.86,1.01,-0.198,0.0,0.396,0.225,0,"liquido homogeneo, limpido",0,conforme padrao,True,caracteristico do produto,,False
DES-2501-216,Desinfetante Quaternario Concentrado,3,Estufa 40C,7,6.91,1.004,-0.072,0.0,0.145,0.082,1,"homogeneo, leve turvacao em relacao ao padrao",0,conforme padrao,True,caracteristico do produto,,False
DES-2501-216,Desinfetante Quaternario Concentrado,3,Estufa 40C,15,6.82,1.007,-0.155,0.0,0.31,0.176,0,"liquido homogeneo, levemente opalescente",0,conforme padrao,True,caracteristico do produto,,False
DES-2501-216,Desinfetante Quaternario Concentrado,3,Estufa 40C,30,6.76,1.008,-0.31,0.0,0.619,0.353,1,"homogeneo, leve turvacao em relacao ao padrao",0,conforme padrao,True,caracteristico,,False
DES-2501-216,Desinfetante Quaternario Concentrado,3,Estufa 40C,60,6.72,1.006,-0.619,0.0,1.239,0.71,0,"liquido homogeneo, levemente opalescente",0,conforme padrao,True,caracteristico do produto,,False
DES-2501-216,Desinfetante Quaternario Concentrado,3,Estufa 40C,90,6.68,1.008,-0.929,0.0,1.858,1.072,1,liquido homogeneo com leve pelicula na superficie,1,"levemente diferente do padrao, conforme",True,caracteristico,,False
DES-2501-216,Desinfetante Quaternario Concentrado,3,Geladeira 5C,7,6.9,1.005,-0.002,0.0,0.003,0.002,1,"homogeneo, leve turvacao em relacao ao padrao",0,conforme padrao,False,"alterado, notas rancosas",odor alterado,True
DES-2501-216,Desinfetante Quaternario Concentrado,3,Geladeira 5C,15,6.92,1.006,-0.003,0.0,0.006,0.004,0,"liquido homogeneo, levemente opalescente",0,conforme padrao,True,caracteristico,,False
DES-2501-216,Desinfetante Quaternario Concentrado,3,Geladeira 5C,30,6.94,1.005,-0.006,0.0,0.013,0.007,0,"liquido homogeneo, limpido",0,conforme padrao,True,caracteristico do produto,,False
DES-2501-216,Desinfetante Quaternario Concentrado,3,Geladeira 5C,60,6.86,1.005,-0.013,0.0,0.026,0.015,0,"liquido homogeneo, limpido",0,conforme padrao,True,caracteristico,,False
DES-2501-216,Desinfetante Quaternario Concentrado,3,Geladeira 5C,90,6.89,1.007,-0.019,0.0,0.039,0.022,1,liquido homogeneo com leve pelicula na superficie,0,conforme padrao,True,caracteristico,,False
DES-2501-216,Desinfetante Quaternario Concentrado,3,Luz Solar,7,6.93,1.005,-0.344,0.0,1.084,0.516,0,"liquido homogeneo, levemente opalescente",0,conforme padrao,True,caracteristico,,False
DES-2501-216,Desinfetante Quaternario Concentrado,3,Luz Solar,15,6.95,1.006,-0.691,0.0,2.131,1.035,0,"liquido homogeneo, levemente opalescente",1,"levemente diferente do padrao, conforme",True,caracteristico,,False
DES-2501-216,Desinfetante Quaternario Concentrado,3,Luz Solar,30,6.89,1.01,-1.231,0.0,3.655,1.833,1,liquido homogeneo com leve pelicula na superficie,2,perceptivelmente mais escura que o padrao,True,caracteristico,,False
DES-2501-216,Desinfetante Quaternario Concentrado,3,Luz Solar,60,6.84,1.004,-1.991,0.0,5.559,2.919,0,"liquido homogeneo, levemente opalescente",2,perceptivelmente mais escura que o padrao,True,caracteristico,,False
DES-2501-216,Desinfetante Quaternario Concentrado,3,Luz Solar,90,6.87,1.008,-2.479,0.0,6.606,3.575,0,"liquido homogeneo, limpido",3,amarelada em relacao ao padrao,True,caracteristico do produto,,False
DLR-2501-217,Detergente Liquido para Roupas,3,Ambiente Escuro 25C,7,9.37,1.015,-0.018,0.0,0.036,0.031,0,"liquido homogeneo, limpido",0,conforme padrao,True,caracteristico,,False
DLR-2501-217,Detergente Liquido para Roupas,3,Ambiente Escuro 25C,15,9.4,1.011,-0.039,0.0,0.078,0.066,0,"liquido homogeneo, limpido",0,conforme padrao,True,caracteristico,,False
DLR-2501-217,Detergente Liquido para Roupas,3,Ambiente Escuro 25C,30,9.37,1.014,-0.078,0.0,0.156,0.131,0,"liquido homogeneo, sem alteracao",0,conforme padrao,True,caracteristico do produto,,False
DLR-2501-217,Detergente Liquido para Roupas,3,Ambiente Escuro 25C,60,9.3,1.012,-0.156,0.0,0.312,0.262,0,"liquido homogeneo, limpido",0,conforme padrao,True,caracteristico,,False
DLR-2501-217,Detergente Liquido para Roupas,3,Ambiente Escuro 25C,90,9.31,1.013,-0.234,0.0,0.468,0.393,0,"liquido homogeneo, levemente opalescente",0,conforme padrao,True,caracteristico do produto,,False
DLR-2501-217,Detergente Liquido para Roupas,3,Estufa 40C,7,9.33,1.011,-0.085,0.0,0.171,0.143,0,"liquido homogeneo, sem alteracao",0,conforme padrao,True,caracteristico do produto,,False
DLR-2501-217,Detergente Liquido para Roupas,3,Estufa 40C,15,9.34,1.012,-0.183,0.0,0.366,0.307,0,"liquido homogeneo, limpido",0,conforme padrao,True,caracteristico do produto,,False
DLR-2501-217,Detergente Liquido para Roupas,3,Estufa 40C,30,9.28,1.015,-0.366,0.0,0.732,0.615,0,"liquido homogeneo, levemente opalescente",0,conforme padrao,True,caracteristico,,False
DLR-2501-217,Detergente Liquido para Roupas,3,Estufa 40C,60,9.18,1.016,-0.732,0.0,1.464,1.229,0,"liquido homogeneo, levemente opalescente",1,"levemente diferente do padrao, conforme",True,caracteristico do produto,,False
DLR-2501-217,Detergente Liquido para Roupas,3,Estufa 40C,90,9.16,1.017,-1.098,0.0,2.196,1.842,0,"liquido homogeneo, levemente opalescente",2,perceptivelmente mais escura que o padrao,True,caracteristico do produto,,False
DLR-2501-217,Detergente Liquido para Roupas,3,Geladeira 5C,7,9.35,1.014,-0.002,0.0,0.004,0.003,0,"liquido homogeneo, limpido",0,conforme padrao,True,caracteristico do produto,,False
DLR-2501-217,Detergente Liquido para Roupas,3,Geladeira 5C,15,9.36,1.011,-0.004,0.0,0.008,0.006,0,"liquido homogeneo, sem alteracao",0,conforme padrao,True,caracteristico do produto,,False
DLR-2501-217,Detergente Liquido para Roupas,3,Geladeira 5C,30,9.39,1.01,-0.008,0.0,0.015,0.013,0,"liquido homogeneo, sem alteracao",0,conforme padrao,True,caracteristico,,False
DLR-2501-217,Detergente Liquido para Roupas,3,Geladeira 5C,60,9.39,1.012,-0.015,0.0,0.031,0.026,0,"liquido homogeneo, levemente opalescente",0,conforme padrao,True,caracteristico,,False
DLR-2501-217,Detergente Liquido para Roupas,3,Geladeira 5C,90,9.32,1.012,-0.023,0.0,0.046,0.039,0,"liquido homogeneo, levemente opalescente",0,conforme padrao,True,caracteristico,,False
DLR-2501-217,Detergente Liquido para Roupas,3,Luz Solar,7,9.37,1.012,-0.281,0.0,0.873,0.696,0,"liquido homogeneo, limpido",0,conforme padrao,True,caracteristico do produto,,False
DLR-2501-217,Detergente Liquido para Roupas,3,Luz Solar,15,9.34,1.013,-0.565,0.0,1.719,1.372,0,"liquido homogeneo, limpido",1,"levemente diferente do padrao, conforme",True,caracteristico,,False
DLR-2501-217,Detergente Liquido para Roupas,3,Luz Solar,30,9.34,1.01,-1.012,0.0,2.961,2.365,0,"liquido homogeneo, levemente opalescente",2,perceptivelmente mais escura que o padrao,True,caracteristico,,False
DLR-2501-217,Detergente Liquido para Roupas,3,Luz Solar,60,9.35,1.011,-1.654,0.0,4.546,3.635,0,"liquido homogeneo, limpido",3,amarelada em relacao ao padrao,True,caracteristico,,False
DLR-2501-217,Detergente Liquido para Roupas,3,Luz Solar,90,9.26,1.013,-2.082,0.0,5.457,4.371,0,"liquido homogeneo, limpido",3,amarelada em relacao ao padrao,True,caracteristico,,False
DLL-2501-218,Detergente Liquido Lava-Loucas,3,Ambiente Escuro 25C,7,7.63,1.035,-0.017,0.0,0.034,0.019,0,"liquido homogeneo, levemente opalescente",0,conforme padrao,True,caracteristico,,False
DLL-2501-218,Detergente Liquido Lava-Loucas,3,Ambiente Escuro 25C,15,7.58,1.037,-0.036,0.0,0.072,0.04,0,"liquido homogeneo, levemente opalescente",0,conforme padrao,True,caracteristico,,False
DLL-2501-218,Detergente Liquido Lava-Loucas,3,Ambiente Escuro 25C,30,7.63,1.036,-0.072,0.0,0.144,0.081,0,"liquido homogeneo, limpido",0,conforme padrao,True,caracteristico,,False
DLL-2501-218,Detergente Liquido Lava-Loucas,3,Ambiente Escuro 25C,60,7.61,1.037,-0.144,0.0,0.288,0.162,0,"liquido homogeneo, sem alteracao",0,conforme padrao,True,caracteristico,,False
DLL-2501-218,Detergente Liquido Lava-Loucas,3,Ambiente Escuro 25C,90,7.58,1.036,-0.216,0.0,0.432,0.242,0,"liquido homogeneo, limpido",0,conforme padrao,True,caracteristico do produto,,False
DLL-2501-218,Detergente Liquido Lava-Loucas,3,Estufa 40C,7,7.59,1.037,-0.079,0.0,0.158,0.089,0,"liquido homogeneo, sem alteracao",0,conforme padrao,True,caracteristico,,False
DLL-2501-218,Detergente Liquido Lava-Loucas,3,Estufa 40C,15,7.61,1.036,-0.169,0.0,0.338,0.19,0,"liquido homogeneo, levemente opalescente",0,conforme padrao,True,caracteristico do produto,,False
DLL-2501-218,Detergente Liquido Lava-Loucas,3,Estufa 40C,30,7.57,1.037,-0.338,0.0,0.676,0.379,0,"liquido homogeneo, sem alteracao",0,conforme padrao,True,caracteristico do produto,,False
DLL-2501-218,Detergente Liquido Lava-Loucas,3,Estufa 40C,60,7.48,1.039,-0.676,0.0,1.351,0.754,0,"liquido homogeneo, levemente opalescente",0,conforme padrao,True,caracteristico,,False
DLL-2501-218,Detergente Liquido Lava-Loucas,3,Estufa 40C,90,7.36,1.043,-1.014,0.0,2.027,1.126,0,"liquido homogeneo, limpido",1,"levemente diferente do padrao, conforme",True,caracteristico,,False
DLL-2501-218,Detergente Liquido Lava-Loucas,3,Geladeira 5C,7,7.65,1.034,-0.002,0.0,0.003,0.002,0,"liquido homogeneo, levemente opalescente",0,conforme padrao,True,caracteristico do produto,,False
DLL-2501-218,Detergente Liquido Lava-Loucas,3,Geladeira 5C,15,7.68,1.034,-0.004,0.0,0.007,0.004,0,"liquido homogeneo, limpido",0,conforme padrao,True,caracteristico do produto,,False
DLL-2501-218,Detergente Liquido Lava-Loucas,3,Geladeira 5C,30,7.67,1.035,-0.007,0.0,0.014,0.008,0,"liquido homogeneo, limpido",0,conforme padrao,True,caracteristico do produto,,False
DLL-2501-218,Detergente Liquido Lava-Loucas,3,Geladeira 5C,60,7.64,1.033,-0.014,0.0,0.028,0.016,0,"liquido homogeneo, levemente opalescente",0,conforme padrao,True,caracteristico do produto,,False
DLL-2501-218,Detergente Liquido Lava-Loucas,3,Geladeira 5C,90,7.64,1.036,-0.021,0.0,0.042,0.024,0,"liquido homogeneo, sem alteracao",0,conforme padrao,True,caracteristico,,False
DLL-2501-218,Detergente Liquido Lava-Loucas,3,Luz Solar,7,7.6,1.035,-0.256,0.0,0.794,0.4,0,"liquido homogeneo, sem alteracao",0,conforme padrao,True,caracteristico,,False
DLL-2501-218,Detergente Liquido Lava-Loucas,3,Luz Solar,15,7.62,1.035,-0.515,0.0,1.564,0.785,0,"liquido homogeneo, limpido",0,conforme padrao,True,caracteristico do produto,,False
DLL-2501-218,Detergente Liquido Lava-Loucas,3,Luz Solar,30,7.6,1.034,-0.921,0.0,2.695,1.35,0,"liquido homogeneo, sem alteracao",1,"levemente diferente do padrao, conforme",True,caracteristico,,False
DLL-2501-218,Detergente Liquido Lava-Loucas,3,Luz Solar,60,7.57,1.039,-1.507,0.0,4.14,2.077,0,"liquido homogeneo, limpido",2,perceptivelmente mais escura que o padrao,True,caracteristico do produto,,False
DLL-2501-218,Detergente Liquido Lava-Loucas,3,Luz Solar,90,7.56,1.037,-1.898,0.0,4.972,2.506,0,"liquido homogeneo, limpido",2,perceptivelmente mais escura que o padrao,True,caracteristico,,False
DLR-2501-219,Detergente Liquido para Roupas,3,Ambiente Escuro 25C,7,9.13,1.019,-0.018,0.0,0.036,0.031,1,"homogeneo, leve turvacao em relacao ao padrao",0,conforme padrao,True,caracteristico do produto,,False
DLR-2501-219,Detergente Liquido para Roupas,3,Ambiente Escuro 25C,15,9.18,1.017,-0.039,0.0,0.078,0.066,1,liquido homogeneo com leve pelicula na superficie,0,conforme padrao,False,"caracteristico, porem alterado",odor alterado,True
DLR-2501-219,Detergente Liquido para Roupas,3,Ambiente Escuro 25C,30,9.14,1.017,-0.078,0.0,0.156,0.131,1,"homogeneo, leve turvacao em relacao ao padrao",0,conforme padrao,True,caracteristico,,False
DLR-2501-219,Detergente Liquido para Roupas,3,Ambiente Escuro 25C,60,9.07,1.018,-0.156,0.0,0.312,0.263,1,liquido homogeneo com leve pelicula na superficie,0,conforme padrao,True,caracteristico do produto,,False
DLR-2501-219,Detergente Liquido para Roupas,3,Ambiente Escuro 25C,90,9.05,1.018,-0.234,0.0,0.468,0.394,1,"homogeneo, leve turvacao em relacao ao padrao",0,conforme padrao,True,caracteristico,,False
DLR-2501-219,Detergente Liquido para Roupas,3,Estufa 40C,7,9.1,1.019,-0.085,0.0,0.171,0.144,1,liquido homogeneo com leve pelicula na superficie,0,conforme padrao,True,caracteristico,,False
DLR-2501-219,Detergente Liquido para Roupas,3,Estufa 40C,15,9.13,1.02,-0.183,0.0,0.366,0.308,1,"homogeneo, leve turvacao em relacao ao padrao",0,conforme padrao,True,caracteristico,,False
DLR-2501-219,Detergente Liquido para Roupas,3,Estufa 40C,30,9.02,1.021,-0.366,0.0,0.732,0.616,0,"liquido homogeneo, levemente opalescente",0,conforme padrao,True,caracteristico,,False
DLR-2501-219,Detergente Liquido para Roupas,3,Estufa 40C,60,8.92,1.023,-0.732,0.0,1.464,1.232,0,"liquido homogeneo, limpido",1,"levemente diferente do padrao, conforme",True,caracteristico do produto,,False
DLR-2501-219,Detergente Liquido para Roupas,3,Estufa 40C,90,8.79,1.026,-1.098,0.0,2.196,1.848,0,"liquido homogeneo, limpido",2,perceptivelmente mais escura que o padrao,True,caracteristico,,False
DLR-2501-219,Detergente Liquido para Roupas,3,Geladeira 5C,7,9.24,1.018,-0.002,0.0,0.004,0.003,1,"homogeneo, leve turvacao em relacao ao padrao",0,conforme padrao,True,caracteristico do produto,,False
DLR-2501-219,Detergente Liquido para Roupas,3,Geladeira 5C,15,9.16,1.017,-0.004,0.0,0.008,0.006,1,"homogeneo, leve turvacao em relacao ao padrao",0,conforme padrao,True,caracteristico,,False
DLR-2501-219,Detergente Liquido para Roupas,3,Geladeira 5C,30,9.16,1.015,-0.008,0.0,0.015,0.013,1,liquido homogeneo com leve pelicula na superficie,0,conforme padrao,True,caracteristico,,False
DLR-2501-219,Detergente Liquido para Roupas,3,Geladeira 5C,60,9.13,1.019,-0.015,0.0,0.031,0.026,1,"homogeneo, leve turvacao em relacao ao padrao",0,conforme padrao,True,caracteristico do produto,,False
DLR-2501-219,Detergente Liquido para Roupas,3,Geladeira 5C,90,9.19,1.019,-0.023,0.0,0.046,0.039,1,liquido homogeneo com leve pelicula na superficie,0,conforme padrao,True,caracteristico,,False
DLR-2501-219,Detergente Liquido para Roupas,3,Luz Solar,7,9.15,1.02,-0.281,0.0,0.873,0.698,1,liquido homogeneo com leve pelicula na superficie,0,conforme padrao,True,caracteristico do produto,,False
DLR-2501-219,Detergente Liquido para Roupas,3,Luz Solar,15,9.15,1.023,-0.565,0.0,1.719,1.377,1,liquido homogeneo com leve pelicula na superficie,1,"levemente diferente do padrao, conforme",True,caracteristico do produto,,False
DLR-2501-219,Detergente Liquido para Roupas,3,Luz Solar,30,9.08,1.021,-1.012,0.0,2.961,2.376,1,"homogeneo, leve turvacao em relacao ao padrao",2,perceptivelmente mais escura que o padrao,True,caracteristico,,False
DLR-2501-219,Detergente Liquido para Roupas,3,Luz Solar,60,9.06,1.02,-1.654,0.0,4.546,3.656,0,"liquido homogeneo, limpido",3,amarelada em relacao ao padrao,True,caracteristico do produto,,False
DLR-2501-219,Detergente Liquido para Roupas,3,Luz Solar,90,9.01,1.02,-2.082,0.0,5.457,4.398,1,"homogeneo, leve turvacao em relacao ao padrao",3,amarelada em relacao ao padrao,True,caracteristico,,False
DLR-2501-220,Detergente Liquido para Roupas,3,Ambiente Escuro 25C,7,9.41,1.024,-0.018,0.0,0.036,0.031,0,"liquido homogeneo, sem alteracao",0,conforme padrao,True,caracteristico do produto,,False
DLR-2501-220,Detergente Liquido para Roupas,3,Ambiente Escuro 25C,15,9.37,1.024,-0.039,0.0,0.078,0.065,0,"liquido homogeneo, limpido",0,conforme padrao,True,caracteristico do produto,,False
DLR-2501-220,Detergente Liquido para Roupas,3,Ambiente Escuro 25C,30,9.4,1.024,-0.078,0.0,0.156,0.131,0,"liquido homogeneo, levemente opalescente",0,conforme padrao,True,caracteristico,,False
DLR-2501-220,Detergente Liquido para Roupas,3,Ambiente Escuro 25C,60,9.39,1.023,-0.156,0.0,0.312,0.261,0,"liquido homogeneo, limpido",0,conforme padrao,True,caracteristico,,False
DLR-2501-220,Detergente Liquido para Roupas,3,Ambiente Escuro 25C,90,9.34,1.025,-0.234,0.0,0.468,0.392,1,"homogeneo, leve turvacao em relacao ao padrao",0,conforme padrao,True,caracteristico do produto,,False
DLR-2501-220,Detergente Liquido para Roupas,3,Estufa 40C,7,9.42,1.025,-0.085,0.0,0.171,0.143,0,"liquido homogeneo, sem alteracao",0,conforme padrao,True,caracteristico,,False
DLR-2501-220,Detergente Liquido para Roupas,3,Estufa 40C,15,9.32,1.025,-0.183,0.0,0.366,0.307,1,"homogeneo, leve turvacao em relacao ao padrao",0,conforme padrao,True,caracteristico,,False
DLR-2501-220,Detergente Liquido para Roupas,3,Estufa 40C,30,9.34,1.025,-0.366,0.0,0.732,0.613,0,"liquido homogeneo, sem alteracao",0,conforme padrao,True,caracteristico do produto,,False
DLR-2501-220,Detergente Liquido para Roupas,3,Estufa 40C,60,9.22,1.027,-0.732,0.0,1.464,1.225,1,liquido homogeneo com leve pelicula na superficie,1,"levemente diferente do padrao, conforme",True,caracteristico,,False
DLR-2501-220,Detergente Liquido para Roupas,3,Estufa 40C,90,9.09,1.028,-1.098,0.0,2.196,1.834,0,"liquido homogeneo, sem alteracao",2,perceptivelmente mais escura que o padrao,True,caracteristico do produto,,False
DLR-2501-220,Detergente Liquido para Roupas,3,Geladeira 5C,7,9.41,1.023,-0.002,0.0,0.004,0.003,0,"liquido homogeneo, sem alteracao",0,conforme padrao,True,caracteristico,,False
DLR-2501-220,Detergente Liquido para Roupas,3,Geladeira 5C,15,9.41,1.023,-0.004,0.0,0.008,0.006,1,"homogeneo, leve turvacao em relacao ao padrao",0,conforme padrao,True,caracteristico do produto,,False
DLR-2501-220,Detergente Liquido para Roupas,3,Geladeira 5C,30,9.43,1.023,-0.008,0.0,0.015,0.013,1,liquido homogeneo com leve pelicula na superficie,0,conforme padrao,True,caracteristico,,False
DLR-2501-220,Detergente Liquido para Roupas,3,Geladeira 5C,60,9.42,1.023,-0.015,0.0,0.031,0.026,0,"liquido homogeneo, limpido",0,conforme padrao,True,caracteristico,,False
DLR-2501-220,Detergente Liquido para Roupas,3,Geladeira 5C,90,9.4,1.023,-0.023,0.0,0.046,0.039,0,"liquido homogeneo, sem alteracao",0,conforme padrao,True,caracteristico do produto,,False
DLR-2501-220,Detergente Liquido para Roupas,3,Luz Solar,7,9.41,1.023,-0.281,0.0,0.873,0.695,1,liquido homogeneo com leve pelicula na superficie,0,conforme padrao,True,caracteristico do produto,,False
DLR-2501-220,Detergente Liquido para Roupas,3,Luz Solar,15,9.45,1.023,-0.565,0.0,1.719,1.369,0,"liquido homogeneo, limpido",1,"levemente diferente do padrao, conforme",True,caracteristico do produto,,False
DLR-2501-220,Detergente Liquido para Roupas,3,Luz Solar,30,9.4,1.022,-1.012,0.0,2.961,2.357,0,"liquido homogeneo, sem alteracao",2,perceptivelmente mais escura que o padrao,True,caracteristico do produto,,False
DLR-2501-220,Detergente Liquido para Roupas,3,Luz Solar,60,9.34,1.024,-1.654,0.0,4.546,3.616,1,"homogeneo, leve turvacao em relacao ao padrao",3,amarelada em relacao ao padrao,True,caracteristico,,False
DLR-2501-220,Detergente Liquido para Roupas,3,Luz Solar,90,9.32,1.026,-2.082,0.0,5.457,4.344,0,"liquido homogeneo, sem alteracao",3,amarelada em relacao ao padrao,True,caracteristico,,False
DLL-2501-221,Detergente Liquido Lava-Loucas,3,Ambiente Escuro 25C,7,7.22,1.036,-0.017,0.0,0.034,0.018,1,"homogeneo, leve turvacao em relacao ao padrao",0,conforme padrao,True,caracteristico do produto,,False
DLL-2501-221,Detergente Liquido Lava-Loucas,3,Ambiente Escuro 25C,15,7.31,1.037,-0.036,0.0,0.072,0.04,1,liquido homogeneo com leve pelicula na superficie,0,conforme padrao,True,caracteristico,,False
DLL-2501-221,Detergente Liquido Lava-Loucas,3,Ambiente Escuro 25C,30,7.22,1.038,-0.072,0.0,0.144,0.079,0,"liquido homogeneo, limpido",0,conforme padrao,True,caracteristico do produto,,False
DLL-2501-221,Detergente Liquido Lava-Loucas,3,Ambiente Escuro 25C,60,7.27,1.038,-0.144,0.0,0.288,0.158,1,liquido homogeneo com leve pelicula na superficie,0,conforme padrao,True,caracteristico,,False
DLL-2501-221,Detergente Liquido Lava-Loucas,3,Ambiente Escuro 25C,90,7.22,1.035,-0.216,0.0,0.432,0.237,1,"homogeneo, leve turvacao em relacao ao padrao",0,conforme padrao,True,caracteristico do produto,,False
DLL-2501-221,Detergente Liquido Lava-Loucas,3,Estufa 40C,7,7.27,1.036,-0.079,0.0,0.158,0.086,1,"homogeneo, leve turvacao em relacao ao padrao",0,conforme padrao,True,caracteristico,,False
DLL-2501-221,Detergente Liquido Lava-Loucas,3,Estufa 40C,15,7.22,1.04,-0.169,0.0,0.338,0.185,1,"homogeneo, leve turvacao em relacao ao padrao",0,conforme padrao,True,caracteristico do produto,,False
DLL-2501-221,Detergente Liquido Lava-Loucas,3,Estufa 40C,30,7.19,1.039,-0.338,0.0,0.676,0.37,0,"liquido homogeneo, limpido",0,conforme padrao,True,caracteristico do produto,,False
DLL-2501-221,Detergente Liquido Lava-Loucas,3,Estufa 40C,60,7.08,1.043,-0.676,0.0,1.351,0.736,1,"homogeneo, leve turvacao em relacao ao padrao",0,conforme padrao,True,caracteristico,,False
DLL-2501-221,Detergente Liquido Lava-Loucas,3,Estufa 40C,90,6.97,1.045,-1.014,0.0,2.027,1.1,0,"liquido homogeneo, limpido",1,"levemente diferente do padrao, conforme",True,caracteristico do produto,,False
DLL-2501-221,Detergente Liquido Lava-Loucas,3,Geladeira 5C,7,7.26,1.039,-0.002,0.0,0.003,0.002,0,"liquido homogeneo, sem alteracao",0,conforme padrao,True,caracteristico do produto,,False
DLL-2501-221,Detergente Liquido Lava-Loucas,3,Geladeira 5C,15,7.27,1.04,-0.004,0.0,0.007,0.004,1,liquido homogeneo com leve pelicula na superficie,0,conforme padrao,True,caracteristico,,False
DLL-2501-221,Detergente Liquido Lava-Loucas,3,Geladeira 5C,30,7.35,1.039,-0.007,0.0,0.014,0.008,1,liquido homogeneo com leve pelicula na superficie,0,conforme padrao,True,caracteristico do produto,,False
DLL-2501-221,Detergente Liquido Lava-Loucas,3,Geladeira 5C,60,7.27,1.036,-0.014,0.0,0.028,0.016,1,liquido homogeneo com leve pelicula na superficie,0,conforme padrao,True,caracteristico do produto,,False
DLL-2501-221,Detergente Liquido Lava-Loucas,3,Geladeira 5C,90,7.26,1.038,-0.021,0.0,0.042,0.023,0,"liquido homogeneo, sem alteracao",0,conforme padrao,True,caracteristico do produto,,False
DLL-2501-221,Detergente Liquido Lava-Loucas,3,Luz Solar,7,7.29,1.037,-0.256,0.0,0.794,0.388,1,liquido homogeneo com leve pelicula na superficie,0,conforme padrao,True,caracteristico do produto,,False
DLL-2501-221,Detergente Liquido Lava-Loucas,3,Luz Solar,15,7.32,1.037,-0.515,0.0,1.564,0.763,1,"homogeneo, leve turvacao em relacao ao padrao",0,conforme padrao,True,caracteristico,,False
DLL-2501-221,Detergente Liquido Lava-Loucas,3,Luz Solar,30,7.24,1.037,-0.921,0.0,2.695,1.313,1,liquido homogeneo com leve pelicula na superficie,1,"levemente diferente do padrao, conforme",True,caracteristico,,False
DLL-2501-221,Detergente Liquido Lava-Loucas,3,Luz Solar,60,7.18,1.037,-1.507,0.0,4.14,2.023,1,liquido homogeneo com leve pelicula na superficie,2,perceptivelmente mais escura que o padrao,True,caracteristico do produto,,False
DLL-2501-221,Detergente Liquido Lava-Loucas,3,Luz Solar,90,7.2,1.04,-1.898,0.0,4.972,2.443,1,liquido homogeneo com leve pelicula na superficie,2,perceptivelmente mais escura que o padrao,True,caracteristico,,False
DLL-2501-222,Detergente Liquido Lava-Loucas,3,Ambiente Escuro 25C,7,7.49,1.04,-0.017,0.0,0.034,0.018,2,"leve cremeacao na superficie, porem conforme",0,conforme padrao,True,caracteristico do produto,,False
DLL-2501-222,Detergente Liquido Lava-Loucas,3,Ambiente Escuro 25C,15,7.52,1.038,-0.036,0.0,0.072,0.039,2,"cremeacao visivel na superficie, reversivel a agitacao",0,conforme padrao,True,caracteristico do produto,,False
DLL-2501-222,Detergente Liquido Lava-Loucas,3,Ambiente Escuro 25C,30,7.51,1.038,-0.072,0.0,0.144,0.079,2,"cremeacao visivel na superficie, reversivel a agitacao",0,conforme padrao,True,caracteristico do produto,,False
DLL-2501-222,Detergente Liquido Lava-Loucas,3,Ambiente Escuro 25C,60,7.45,1.035,-0.144,0.0,0.288,0.157,1,"homogeneo, leve turvacao em relacao ao padrao",0,conforme padrao,True,caracteristico,,False
DLL-2501-222,Detergente Liquido Lava-Loucas,3,Ambiente Escuro 25C,90,7.44,1.038,-0.216,0.0,0.432,0.236,2,"leve cremeacao na superficie, porem conforme",0,conforme padrao,True,caracteristico,,False
DLL-2501-222,Detergente Liquido Lava-Loucas,3,Estufa 40C,7,7.5,1.038,-0.079,0.0,0.158,0.086,2,"leve cremeacao na superficie, porem conforme",0,conforme padrao,True,caracteristico do produto,,False
DLL-2501-222,Detergente Liquido Lava-Loucas,3,Estufa 40C,15,7.47,1.038,-0.169,0.0,0.338,0.184,1,"homogeneo, leve turvacao em relacao ao padrao",0,conforme padrao,True,caracteristico do produto,,False
DLL-2501-222,Detergente Liquido Lava-Loucas,3,Estufa 40C,30,7.41,1.041,-0.338,0.0,0.676,0.368,2,"leve cremeacao na superficie, porem conforme",0,conforme padrao,True,caracteristico do produto,,False
DLL-2501-222,Detergente Liquido Lava-Loucas,3,Estufa 40C,60,7.28,1.043,-0.676,0.0,1.351,0.734,3,sedimento no fundo nao reincorporavel,0,conforme padrao,True,caracteristico,aspecto nao conforme,True
DLL-2501-222,Detergente Liquido Lava-Loucas,3,Estufa 40C,90,7.13,1.043,-1.014,0.0,2.027,1.096,4,separacao franca de fases; coalescencia evidente,1,"levemente diferente do padrao, conforme",True,caracteristico,aspecto nao conforme,True
DLL-2501-222,Detergente Liquido Lava-Loucas,3,Geladeira 5C,7,7.59,1.036,-0.002,0.0,0.003,0.002,1,liquido homogeneo com leve pelicula na superficie,0,conforme padrao,True,caracteristico,,False
DLL-2501-222,Detergente Liquido Lava-Loucas,3,Geladeira 5C,15,7.58,1.036,-0.004,0.0,0.007,0.004,2,"leve cremeacao na superficie, porem conforme",0,conforme padrao,True,caracteristico do produto,,False
DLL-2501-222,Detergente Liquido Lava-Loucas,3,Geladeira 5C,30,7.54,1.038,-0.007,0.0,0.014,0.008,1,"homogeneo, leve turvacao em relacao ao padrao",0,conforme padrao,True,caracteristico do produto,,False
DLL-2501-222,Detergente Liquido Lava-Loucas,3,Geladeira 5C,60,7.58,1.038,-0.014,0.0,0.028,0.015,1,"homogeneo, leve turvacao em relacao ao padrao",0,conforme padrao,True,caracteristico do produto,,False
DLL-2501-222,Detergente Liquido Lava-Loucas,3,Geladeira 5C,90,7.55,1.039,-0.021,0.0,0.042,0.023,2,"cremeacao visivel na superficie, reversivel a agitacao",0,conforme padrao,True,caracteristico,,False
DLL-2501-222,Detergente Liquido Lava-Loucas,3,Luz Solar,7,7.54,1.037,-0.256,0.0,0.794,0.386,1,liquido homogeneo com leve pelicula na superficie,0,conforme padrao,True,caracteristico do produto,,False
DLL-2501-222,Detergente Liquido Lava-Loucas,3,Luz Solar,15,7.47,1.037,-0.515,0.0,1.564,0.758,1,liquido homogeneo com leve pelicula na superficie,0,conforme padrao,True,caracteristico do produto,,False
DLL-2501-222,Detergente Liquido Lava-Loucas,3,Luz Solar,30,7.46,1.038,-0.921,0.0,2.695,1.305,2,"leve cremeacao na superficie, porem conforme",1,"levemente diferente do padrao, conforme",False,"caracteristico, porem alterado",odor alterado,True
DLL-2501-222,Detergente Liquido Lava-Loucas,3,Luz Solar,60,7.4,1.039,-1.507,0.0,4.14,2.011,1,"homogeneo, leve turvacao em relacao ao padrao",2,perceptivelmente mais escura que o padrao,True,caracteristico,,False
DLL-2501-222,Detergente Liquido Lava-Loucas,3,Luz Solar,90,7.4,1.04,-1.898,0.0,4.972,2.431,2,"leve cremeacao na superficie, porem conforme",2,perceptivelmente mais escura que o padrao,True,caracteristico,,False
AMA-2501-223,Amaciante de Roupas (esterquat),3,Ambiente Escuro 25C,7,3.09,1.002,-0.02,0.0,0.039,0.034,1,"homogeneo, leve turvacao em relacao ao padrao",0,conforme padrao,True,caracteristico do produto,,False
AMA-2501-223,Amaciante de Roupas (esterquat),3,Ambiente Escuro 25C,15,3.13,0.998,-0.042,0.0,0.084,0.073,2,"leve cremeacao na superficie, porem conforme",0,conforme padrao,True,caracteristico do produto,,False
AMA-2501-223,Amaciante de Roupas (esterquat),3,Ambiente Escuro 25C,30,3.07,0.998,-0.084,0.0,0.168,0.147,2,"leve cremeacao na superficie, porem conforme",0,conforme padrao,True,caracteristico do produto,,False
AMA-2501-223,Amaciante de Roupas (esterquat),3,Ambiente Escuro 25C,60,3.01,1.001,-0.168,0.0,0.336,0.294,2,"leve cremeacao na superficie, porem conforme",0,conforme padrao,True,caracteristico,,False
AMA-2501-223,Amaciante de Roupas (esterquat),3,Ambiente Escuro 25C,90,3.02,0.999,-0.252,0.0,0.504,0.442,2,"leve cremeacao na superficie, porem conforme",0,conforme padrao,True,caracteristico,,False
AMA-2501-223,Amaciante de Roupas (esterquat),3,Estufa 40C,7,3.02,0.998,-0.092,0.0,0.184,0.161,2,"leve cremeacao na superficie, porem conforme",0,conforme padrao,True,caracteristico,,False
AMA-2501-223,Amaciante de Roupas (esterquat),3,Estufa 40C,15,2.94,1.001,-0.197,0.0,0.394,0.345,2,"leve cremeacao na superficie, porem conforme",0,conforme padrao,True,caracteristico,,False
AMA-2501-223,Amaciante de Roupas (esterquat),3,Estufa 40C,30,2.88,1.001,-0.394,0.0,0.788,0.694,2,"cremeacao visivel na superficie, reversivel a agitacao",0,conforme padrao,True,caracteristico,,False
AMA-2501-223,Amaciante de Roupas (esterquat),3,Estufa 40C,60,2.63,1.005,-0.788,0.0,1.577,1.4,2,"leve cremeacao na superficie, porem conforme",1,"levemente diferente do padrao, conforme",True,caracteristico,,False
AMA-2501-223,Amaciante de Roupas (esterquat),3,Estufa 40C,90,2.45,1.005,-1.182,0.0,2.365,2.118,2,"cremeacao visivel na superficie, reversivel a agitacao",2,perceptivelmente mais escura que o padrao,True,caracteristico,pH fora de faixa,True
AMA-2501-223,Amaciante de Roupas (esterquat),3,Geladeira 5C,7,3.14,0.997,-0.002,0.0,0.004,0.003,2,"cremeacao visivel na superficie, reversivel a agitacao",0,conforme padrao,True,caracteristico,,False
AMA-2501-223,Amaciante de Roupas (esterquat),3,Geladeira 5C,15,3.08,0.998,-0.004,0.0,0.008,0.007,1,"homogeneo, leve turvacao em relacao ao padrao",0,conforme padrao,True,caracteristico,,False
AMA-2501-223,Amaciante de Roupas (esterquat),3,Geladeira 5C,30,3.1,0.997,-0.008,0.0,0.017,0.014,1,"homogeneo, leve turvacao em relacao ao padrao",0,conforme padrao,True,caracteristico do produto,,False
AMA-2501-223,Amaciante de Roupas (esterquat),3,Geladeira 5C,60,3.1,0.997,-0.017,0.0,0.033,0.029,2,"leve cremeacao na superficie, porem conforme",0,conforme padrao,True,caracteristico,,False
AMA-2501-223,Amaciante de Roupas (esterquat),3,Geladeira 5C,90,3.07,0.998,-0.025,0.0,0.05,0.043,2,"cremeacao visivel na superficie, reversivel a agitacao",0,conforme padrao,True,caracteristico do produto,,False
AMA-2501-223,Amaciante de Roupas (esterquat),3,Luz Solar,7,3.12,1.001,-0.226,0.0,0.693,0.587,2,"leve cremeacao na superficie, porem conforme",0,conforme padrao,True,caracteristico,,False
AMA-2501-223,Amaciante de Roupas (esterquat),3,Luz Solar,15,3.07,0.998,-0.457,0.0,1.368,1.169,1,"homogeneo, leve turvacao em relacao ao padrao",1,"levemente diferente do padrao, conforme",True,caracteristico,,False
AMA-2501-223,Amaciante de Roupas (esterquat),3,Luz Solar,30,3.04,0.997,-0.822,0.0,2.369,2.053,2,"leve cremeacao na superficie, porem conforme",2,perceptivelmente mais escura que o padrao,True,caracteristico do produto,,False
AMA-2501-223,Amaciante de Roupas (esterquat),3,Luz Solar,60,2.97,1.001,-1.359,0.0,3.674,3.236,1,liquido homogeneo com leve pelicula na superficie,3,amarelada em relacao ao padrao,True,caracteristico do produto,,False
AMA-2501-223,Amaciante de Roupas (esterquat),3,Luz Solar,90,2.88,1.0,-1.73,0.0,4.46,3.963,2,"cremeacao visivel na superficie, reversivel a agitacao",3,amarelada em relacao ao padrao,True,caracteristico,,False
DLR-2501-224,Detergente Liquido para Roupas,3,Ambiente Escuro 25C,7,9.92,1.022,-0.018,0.0,0.036,0.031,1,"homogeneo, leve turvacao em relacao ao padrao",0,conforme padrao,True,caracteristico,,False
DLR-2501-224,Detergente Liquido para Roupas,3,Ambiente Escuro 25C,15,9.92,1.023,-0.039,0.0,0.078,0.065,2,"cremeacao visivel na superficie, reversivel a agitacao",0,conforme padrao,True,caracteristico,,False
DLR-2501-224,Detergente Liquido para Roupas,3,Ambiente Escuro 25C,30,9.89,1.021,-0.078,0.0,0.156,0.131,2,"leve cremeacao na superficie, porem conforme",0,conforme padrao,True,caracteristico,,False
DLR-2501-224,Detergente Liquido para Roupas,3,Ambiente Escuro 25C,60,9.93,1.023,-0.156,0.0,0.312,0.262,1,liquido homogeneo com leve pelicula na superficie,0,conforme padrao,False,"alterado, notas rancosas",odor alterado,True
DLR-2501-224,Detergente Liquido para Roupas,3,Ambiente Escuro 25C,90,9.87,1.025,-0.234,0.0,0.468,0.392,2,"cremeacao visivel na superficie, reversivel a agitacao",0,conforme padrao,True,caracteristico do produto,,False
DLR-2501-224,Detergente Liquido para Roupas,3,Estufa 40C,7,9.88,1.026,-0.085,0.0,0.171,0.143,2,"leve cremeacao na superficie, porem conforme",0,conforme padrao,True,caracteristico,,False
DLR-2501-224,Detergente Liquido para Roupas,3,Estufa 40C,15,9.89,1.023,-0.183,0.0,0.366,0.307,2,"leve cremeacao na superficie, porem conforme",0,conforme padrao,True,caracteristico do produto,,False
DLR-2501-224,Detergente Liquido para Roupas,3,Estufa 40C,30,9.8,1.024,-0.366,0.0,0.732,0.614,2,"leve cremeacao na superficie, porem conforme",0,conforme padrao,False,"caracteristico, porem alterado",odor alterado,True
DLR-2501-224,Detergente Liquido para Roupas,3,Estufa 40C,60,9.67,1.024,-0.732,0.0,1.464,1.227,3,"separacao parcial de fase, camada superior definida",1,"levemente diferente do padrao, conforme",True,caracteristico do produto,aspecto nao conforme,True
DLR-2501-224,Detergente Liquido para Roupas,3,Estufa 40C,90,9.53,1.025,-1.098,0.0,2.196,1.84,3,sedimento no fundo nao reincorporavel,2,perceptivelmente mais escura que o padrao,True,caracteristico,aspecto nao conforme,True
DLR-2501-224,Detergente Liquido para Roupas,3,Geladeira 5C,7,9.96,1.023,-0.002,0.0,0.004,0.003,2,"cremeacao visivel na superficie, reversivel a agitacao",0,conforme padrao,True,caracteristico do produto,,False
DLR-2501-224,Detergente Liquido para Roupas,3,Geladeira 5C,15,9.93,1.02,-0.004,0.0,0.008,0.006,2,"cremeacao visivel na superficie, reversivel a agitacao",0,conforme padrao,True,caracteristico,,False
DLR-2501-224,Detergente Liquido para Roupas,3,Geladeira 5C,30,9.95,1.021,-0.008,0.0,0.015,0.013,1,"homogeneo, leve turvacao em relacao ao padrao",0,conforme padrao,True,caracteristico do produto,,False
DLR-2501-224,Detergente Liquido para Roupas,3,Geladeira 5C,60,10.02,1.023,-0.015,0.0,0.031,0.026,1,liquido homogeneo com leve pelicula na superficie,0,conforme padrao,False,"alterado, notas rancosas",odor alterado,True
DLR-2501-224,Detergente Liquido para Roupas,3,Geladeira 5C,90,9.94,1.021,-0.023,0.0,0.046,0.039,2,"leve cremeacao na superficie, porem conforme",0,conforme padrao,True,caracteristico,,False
DLR-2501-224,Detergente Liquido para Roupas,3,Luz Solar,7,9.9,1.023,-0.281,0.0,0.873,0.695,1,liquido homogeneo com leve pelicula na superficie,0,conforme padrao,True,caracteristico do produto,,False
DLR-2501-224,Detergente Liquido para Roupas,3,Luz Solar,15,9.97,1.024,-0.565,0.0,1.719,1.371,1,liquido homogeneo com leve pelicula na superficie,1,"levemente diferente do padrao, conforme",True,caracteristico,,False
DLR-2501-224,Detergente Liquido para Roupas,3,Luz Solar,30,9.87,1.02,-1.012,0.0,2.961,2.366,1,liquido homogeneo com leve pelicula na superficie,2,perceptivelmente mais escura que o padrao,True,caracteristico,,False
DLR-2501-224,Detergente Liquido para Roupas,3,Luz Solar,60,9.86,1.023,-1.654,0.0,4.546,3.639,2,"cremeacao visivel na superficie, reversivel a agitacao",3,amarelada em relacao ao padrao,True,caracteristico do produto,,False
DLR-2501-224,Detergente Liquido para Roupas,3,Luz Solar,90,9.76,1.022,-2.082,0.0,5.457,4.378,2,"cremeacao visivel na superficie, reversivel a agitacao",3,amarelada em relacao ao padrao,True,caracteristico,,False
DES-2502-227,Desinfetante Quaternario Concentrado,3,Ambiente Escuro 25C,7,7.05,1.013,-0.015,0.0,0.031,0.018,0,"liquido homogeneo, levemente opalescente",0,conforme padrao,True,caracteristico do produto,,False
DES-2502-227,Desinfetante Quaternario Concentrado,3,Ambiente Escuro 25C,15,7.0,1.013,-0.033,0.0,0.066,0.038,1,"homogeneo, leve turvacao em relacao ao padrao",0,conforme padrao,True,caracteristico do produto,,False
DES-2502-227,Desinfetante Quaternario Concentrado,3,Ambiente Escuro 25C,30,7.01,1.013,-0.066,0.0,0.132,0.076,1,liquido homogeneo com leve pelicula na superficie,0,conforme padrao,True,caracteristico do produto,,False
DES-2502-227,Desinfetante Quaternario Concentrado,3,Ambiente Escuro 25C,60,6.99,1.017,-0.132,0.0,0.264,0.151,0,"liquido homogeneo, limpido",0,conforme padrao,True,caracteristico do produto,,False
DES-2502-227,Desinfetante Quaternario Concentrado,3,Ambiente Escuro 25C,90,6.95,1.014,-0.198,0.0,0.396,0.227,0,"liquido homogeneo, levemente opalescente",0,conforme padrao,True,caracteristico,,False
DES-2502-227,Desinfetante Quaternario Concentrado,3,Estufa 40C,7,7.04,1.017,-0.072,0.0,0.145,0.083,0,"liquido homogeneo, sem alteracao",0,conforme padrao,True,caracteristico,,False
DES-2502-227,Desinfetante Quaternario Concentrado,3,Estufa 40C,15,7.03,1.015,-0.155,0.0,0.31,0.178,1,liquido homogeneo com leve pelicula na superficie,0,conforme padrao,True,caracteristico,,False
DES-2502-227,Desinfetante Quaternario Concentrado,3,Estufa 40C,30,6.96,1.017,-0.31,0.0,0.619,0.356,1,liquido homogeneo com leve pelicula na superficie,0,conforme padrao,True,caracteristico do produto,,False
DES-2502-227,Desinfetante Quaternario Concentrado,3,Estufa 40C,60,6.88,1.017,-0.619,0.0,1.239,0.717,1,liquido homogeneo com leve pelicula na superficie,0,conforme padrao,True,caracteristico,,False
DES-2502-227,Desinfetante Quaternario Concentrado,3,Estufa 40C,90,6.8,1.017,-0.929,0.0,1.858,1.083,1,liquido homogeneo com leve pelicula na superficie,1,"levemente diferente do padrao, conforme",True,caracteristico,,False
DES-2502-227,Desinfetante Quaternario Concentrado,3,Geladeira 5C,7,7.02,1.013,-0.002,0.0,0.003,0.002,1,liquido homogeneo com leve pelicula na superficie,0,conforme padrao,True,caracteristico do produto,,False
DES-2502-227,Desinfetante Quaternario Concentrado,3,Geladeira 5C,15,7.08,1.015,-0.003,0.0,0.006,0.004,0,"liquido homogeneo, sem alteracao",0,conforme padrao,True,caracteristico do produto,,False
DES-2502-227,Desinfetante Quaternario Concentrado,3,Geladeira 5C,30,7.04,1.014,-0.006,0.0,0.013,0.007,1,liquido homogeneo com leve pelicula na superficie,0,conforme padrao,True,caracteristico do produto,,False
DES-2502-227,Desinfetante Quaternario Concentrado,3,Geladeira 5C,60,7.02,1.016,-0.013,0.0,0.026,0.015,0,"liquido homogeneo, sem alteracao",0,conforme padrao,True,caracteristico,,False
DES-2502-227,Desinfetante Quaternario Concentrado,3,Geladeira 5C,90,7.01,1.015,-0.019,0.0,0.039,0.022,0,"liquido homogeneo, levemente opalescente",0,conforme padrao,True,caracteristico do produto,,False
DES-2502-227,Desinfetante Quaternario Concentrado,3,Luz Solar,7,7.06,1.015,-0.344,0.0,1.084,0.524,1,"homogeneo, leve turvacao em relacao ao padrao",0,conforme padrao,True,caracteristico,,False
DES-2502-227,Desinfetante Quaternario Concentrado,3,Luz Solar,15,7.02,1.014,-0.691,0.0,2.131,1.051,0,"liquido homogeneo, levemente opalescente",1,"levemente diferente do padrao, conforme",True,caracteristico do produto,,False
DES-2502-227,Desinfetante Quaternario Concentrado,3,Luz Solar,30,6.93,1.015,-1.231,0.0,3.655,1.862,1,liquido homogeneo com leve pelicula na superficie,2,perceptivelmente mais escura que o padrao,True,caracteristico do produto,,False
DES-2502-227,Desinfetante Quaternario Concentrado,3,Luz Solar,60,6.96,1.018,-1.991,0.0,5.559,2.965,0,"liquido homogeneo, levemente opalescente",2,perceptivelmente mais escura que o padrao,True,caracteristico do produto,,False
DES-2502-227,Desinfetante Quaternario Concentrado,3,Luz Solar,90,7.0,1.015,-2.479,0.0,6.606,3.631,0,"liquido homogeneo, levemente opalescente",3,amarelada em relacao ao padrao,True,caracteristico,,False
LMU-2502-229,Limpador Multiuso Alcalino,3,Ambiente Escuro 25C,7,10.17,1.005,-0.021,0.0,0.042,0.03,1,"homogeneo, leve turvacao em relacao ao padrao",0,conforme padrao,True,caracteristico,,False
LMU-2502-229,Limpador Multiuso Alcalino,3,Ambiente Escuro 25C,15,10.09,1.007,-0.045,0.0,0.09,0.065,1,liquido homogeneo com leve pelicula na superficie,0,conforme padrao,True,caracteristico,,False
LMU-2502-229,Limpador Multiuso Alcalino,3,Ambiente Escuro 25C,30,10.1,1.007,-0.09,0.0,0.18,0.129,0,"liquido homogeneo, levemente opalescente",0,conforme padrao,True,caracteristico,,False
LMU-2502-229,Limpador Multiuso Alcalino,3,Ambiente Escuro 25C,60,10.08,1.007,-0.18,0.0,0.36,0.258,1,liquido homogeneo com leve pelicula na superficie,0,conforme padrao,True,caracteristico do produto,,False
LMU-2502-229,Limpador Multiuso Alcalino,3,Ambiente Escuro 25C,90,10.04,1.008,-0.27,0.0,0.54,0.387,1,liquido homogeneo com leve pelicula na superficie,0,conforme padrao,True,caracteristico do produto,,False
LMU-2502-229,Limpador Multiuso Alcalino,3,Estufa 40C,7,10.07,1.005,-0.099,0.0,0.197,0.141,1,liquido homogeneo com leve pelicula na superficie,0,conforme padrao,True,caracteristico,,False
LMU-2502-229,Limpador Multiuso Alcalino,3,Estufa 40C,15,10.06,1.006,-0.211,0.0,0.422,0.303,1,"homogeneo, leve turvacao em relacao ao padrao",0,conforme padrao,True,caracteristico do produto,,False
LMU-2502-229,Limpador Multiuso Alcalino,3,Estufa 40C,30,9.92,1.01,-0.422,0.0,0.845,0.604,1,"homogeneo, leve turvacao em relacao ao padrao",0,conforme padrao,True,caracteristico do produto,,False
LMU-2502-229,Limpador Multiuso Alcalino,3,Estufa 40C,60,9.8,1.01,-0.845,0.0,1.689,1.203,0,"liquido homogeneo, levemente opalescente",1,"levemente diferente do padrao, conforme",True,caracteristico,,False
LMU-2502-229,Limpador Multiuso Alcalino,3,Estufa 40C,90,9.66,1.01,-1.267,0.0,2.534,1.797,1,liquido homogeneo com leve pelicula na superficie,2,perceptivelmente mais escura que o padrao,True,caracteristico,,False
LMU-2502-229,Limpador Multiuso Alcalino,3,Geladeira 5C,7,10.16,1.003,-0.002,0.0,0.004,0.003,1,"homogeneo, leve turvacao em relacao ao padrao",0,conforme padrao,True,caracteristico do produto,,False
LMU-2502-229,Limpador Multiuso Alcalino,3,Geladeira 5C,15,10.14,1.007,-0.004,0.0,0.009,0.006,1,"homogeneo, leve turvacao em relacao ao padrao",0,conforme padrao,True,caracteristico,,False
LMU-2502-229,Limpador Multiuso Alcalino,3,Geladeira 5C,30,10.19,1.008,-0.009,0.0,0.018,0.013,1,liquido homogeneo com leve pelicula na superficie,0,conforme padrao,True,caracteristico,,False
LMU-2502-229,Limpador Multiuso Alcalino,3,Geladeira 5C,60,10.13,1.005,-0.018,0.0,0.035,0.025,1,liquido homogeneo com leve pelicula na superficie,0,conforme padrao,True,caracteristico,,False
LMU-2502-229,Limpador Multiuso Alcalino,3,Geladeira 5C,90,10.15,1.006,-0.027,0.0,0.053,0.038,0,"liquido homogeneo, limpido",0,conforme padrao,True,caracteristico,,False
LMU-2502-229,Limpador Multiuso Alcalino,3,Luz Solar,7,10.12,1.007,-0.32,0.0,0.993,0.648,1,liquido homogeneo com leve pelicula na superficie,0,conforme padrao,True,caracteristico,,False
LMU-2502-229,Limpador Multiuso Alcalino,3,Luz Solar,15,10.12,1.005,-0.644,0.0,1.955,1.272,1,"homogeneo, leve turvacao em relacao ao padrao",1,"levemente diferente do padrao, conforme",True,caracteristico do produto,,False
LMU-2502-229,Limpador Multiuso Alcalino,3,Luz Solar,30,10.07,1.005,-1.152,0.0,3.369,2.186,1,liquido homogeneo com leve pelicula na superficie,2,perceptivelmente mais escura que o padrao,True,caracteristico,,False
LMU-2502-229,Limpador Multiuso Alcalino,3,Luz Solar,60,9.99,1.007,-1.884,0.0,5.175,3.356,1,"homogeneo, leve turvacao em relacao ao padrao",3,amarelada em relacao ao padrao,False,"caracteristico, porem alterado",odor alterado,True
LMU-2502-229,Limpador Multiuso Alcalino,3,Luz Solar,90,9.96,1.006,-2.372,0.0,6.216,4.043,1,liquido homogeneo com leve pelicula na superficie,3,amarelada em relacao ao padrao,True,caracteristico,,False
LMU-2502-230,Limpador Multiuso Alcalino,3,Ambiente Escuro 25C,7,10.32,1.023,-0.021,0.0,0.042,0.03,2,"leve cremeacao na superficie, porem conforme",0,conforme padrao,True,caracteristico do produto,,False
LMU-2502-230,Limpador Multiuso Alcalino,3,Ambiente Escuro 25C,15,10.23,1.022,-0.045,0.0,0.09,0.064,2,"cremeacao visivel na superficie, reversivel a agitacao",0,conforme padrao,True,caracteristico do produto,,False
LMU-2502-230,Limpador Multiuso Alcalino,3,Ambiente Escuro 25C,30,10.25,1.022,-0.09,0.0,0.18,0.128,2,"cremeacao visivel na superficie, reversivel a agitacao",0,conforme padrao,True,caracteristico do produto,,False
LMU-2502-230,Limpador Multiuso Alcalino,3,Ambiente Escuro 25C,60,10.23,1.021,-0.18,0.0,0.36,0.257,2,"leve cremeacao na superficie, porem conforme",0,conforme padrao,True,caracteristico,,False
LMU-2502-230,Limpador Multiuso Alcalino,3,Ambiente Escuro 25C,90,10.15,1.024,-0.27,0.0,0.54,0.385,2,"cremeacao visivel na superficie, reversivel a agitacao",0,conforme padrao,True,caracteristico do produto,,False
LMU-2502-230,Limpador Multiuso Alcalino,3,Estufa 40C,7,10.26,1.022,-0.099,0.0,0.197,0.141,2,"cremeacao visivel na superficie, reversivel a agitacao",0,conforme padrao,True,caracteristico,,False
LMU-2502-230,Limpador Multiuso Alcalino,3,Estufa 40C,15,10.22,1.02,-0.211,0.0,0.422,0.301,3,"separacao parcial de fase, camada superior definida",0,conforme padrao,True,caracteristico,aspecto nao conforme,True
LMU-2502-230,Limpador Multiuso Alcalino,3,Estufa 40C,30,10.09,1.024,-0.422,0.0,0.845,0.601,2,"cremeacao visivel na superficie, reversivel a agitacao",0,conforme padrao,True,caracteristico,,False
LMU-2502-230,Limpador Multiuso Alcalino,3,Estufa 40C,60,9.9,1.026,-0.845,0.0,1.689,1.196,3,sedimento no fundo nao reincorporavel,1,"levemente diferente do padrao, conforme",True,caracteristico,densidade fora de faixa; aspecto nao conforme,True
LMU-2502-230,Limpador Multiuso Alcalino,3,Estufa 40C,90,9.67,1.024,-1.267,0.0,2.534,1.787,4,quebra de emulsao com sobrenadante limpido,2,perceptivelmente mais escura que o padrao,True,caracteristico,aspecto nao conforme,True
LMU-2502-230,Limpador Multiuso Alcalino,3,Geladeira 5C,7,10.31,1.024,-0.002,0.0,0.004,0.003,1,"homogeneo, leve turvacao em relacao ao padrao",0,conforme padrao,True,caracteristico,,False
LMU-2502-230,Limpador Multiuso Alcalino,3,Geladeira 5C,15,10.31,1.022,-0.004,0.0,0.009,0.006,1,liquido homogeneo com leve pelicula na superficie,0,conforme padrao,True,caracteristico do produto,,False
LMU-2502-230,Limpador Multiuso Alcalino,3,Geladeira 5C,30,10.26,1.021,-0.009,0.0,0.018,0.013,2,"leve cremeacao na superficie, porem conforme",0,conforme padrao,True,caracteristico,,False
LMU-2502-230,Limpador Multiuso Alcalino,3,Geladeira 5C,60,10.28,1.022,-0.018,0.0,0.035,0.025,2,"cremeacao visivel na superficie, reversivel a agitacao",0,conforme padrao,True,caracteristico do produto,,False
LMU-2502-230,Limpador Multiuso Alcalino,3,Geladeira 5C,90,10.31,1.024,-0.027,0.0,0.053,0.038,1,"homogeneo, leve turvacao em relacao ao padrao",0,conforme padrao,True,caracteristico do produto,,False
LMU-2502-230,Limpador Multiuso Alcalino,3,Luz Solar,7,10.22,1.019,-0.32,0.0,0.993,0.645,2,"cremeacao visivel na superficie, reversivel a agitacao",0,conforme padrao,True,caracteristico,,False
LMU-2502-230,Limpador Multiuso Alcalino,3,Luz Solar,15,10.29,1.02,-0.644,0.0,1.955,1.266,2,"leve cremeacao na superficie, porem conforme",1,"levemente diferente do padrao, conforme",True,caracteristico,,False
LMU-2502-230,Limpador Multiuso Alcalino,3,Luz Solar,30,10.22,1.025,-1.152,0.0,3.369,2.174,2,"cremeacao visivel na superficie, reversivel a agitacao",2,perceptivelmente mais escura que o padrao,True,caracteristico,,False
LMU-2502-230,Limpador Multiuso Alcalino,3,Luz Solar,60,10.14,1.024,-1.884,0.0,5.175,3.338,2,"cremeacao visivel na superficie, reversivel a agitacao",3,amarelada em relacao ao padrao,True,caracteristico do produto,,False
LMU-2502-230,Limpador Multiuso Alcalino,3,Luz Solar,90,10.09,1.023,-2.372,0.0,6.216,4.021,2,"cremeacao visivel na superficie, reversivel a agitacao",3,amarelada em relacao ao padrao,True,caracteristico,,False
DLL-2502-232,Detergente Liquido Lava-Loucas,3,Ambiente Escuro 25C,7,7.41,1.025,-0.017,0.0,0.034,0.019,1,liquido homogeneo com leve pelicula na superficie,0,conforme padrao,True,caracteristico do produto,,False
DLL-2502-232,Detergente Liquido Lava-Loucas,3,Ambiente Escuro 25C,15,7.45,1.027,-0.036,0.0,0.072,0.04,1,liquido homogeneo com leve pelicula na superficie,0,conforme padrao,True,caracteristico do produto,,False
DLL-2502-232,Detergente Liquido Lava-Loucas,3,Ambiente Escuro 25C,30,7.45,1.026,-0.072,0.0,0.144,0.08,1,"homogeneo, leve turvacao em relacao ao padrao",0,conforme padrao,True,caracteristico,,False
DLL-2502-232,Detergente Liquido Lava-Loucas,3,Ambiente Escuro 25C,60,7.44,1.024,-0.144,0.0,0.288,0.16,1,liquido homogeneo com leve pelicula na superficie,0,conforme padrao,True,caracteristico do produto,,False
DLL-2502-232,Detergente Liquido Lava-Loucas,3,Ambiente Escuro 25C,90,7.33,1.026,-0.216,0.0,0.432,0.24,1,liquido homogeneo com leve pelicula na superficie,0,conforme padrao,True,caracteristico do produto,,False
DLL-2502-232,Detergente Liquido Lava-Loucas,3,Estufa 40C,7,7.46,1.025,-0.079,0.0,0.158,0.088,0,"liquido homogeneo, limpido",0,conforme padrao,True,caracteristico do produto,,False
DLL-2502-232,Detergente Liquido Lava-Loucas,3,Estufa 40C,15,7.35,1.025,-0.169,0.0,0.338,0.188,1,"homogeneo, leve turvacao em relacao ao padrao",0,conforme padrao,True,caracteristico,,False
DLL-2502-232,Detergente Liquido Lava-Loucas,3,Estufa 40C,30,7.36,1.025,-0.338,0.0,0.676,0.374,0,"liquido homogeneo, sem alteracao",0,conforme padrao,True,caracteristico,,False
DLL-2502-232,Detergente Liquido Lava-Loucas,3,Estufa 40C,60,7.26,1.031,-0.676,0.0,1.351,0.746,1,liquido homogeneo com leve pelicula na superficie,0,conforme padrao,True,caracteristico do produto,,False
DLL-2502-232,Detergente Liquido Lava-Loucas,3,Estufa 40C,90,7.11,1.035,-1.014,0.0,2.027,1.114,1,liquido homogeneo com leve pelicula na superficie,1,"levemente diferente do padrao, conforme",True,caracteristico,,False
DLL-2502-232,Detergente Liquido Lava-Loucas,3,Geladeira 5C,7,7.46,1.026,-0.002,0.0,0.003,0.002,1,liquido homogeneo com leve pelicula na superficie,0,conforme padrao,True,caracteristico do produto,,False
DLL-2502-232,Detergente Liquido Lava-Loucas,3,Geladeira 5C,15,7.48,1.022,-0.004,0.0,0.007,0.004,0,"liquido homogeneo, levemente opalescente",0,conforme padrao,True,caracteristico do produto,,False
DLL-2502-232,Detergente Liquido Lava-Loucas,3,Geladeira 5C,30,7.49,1.023,-0.007,0.0,0.014,0.008,1,liquido homogeneo com leve pelicula na superficie,0,conforme padrao,True,caracteristico do produto,,False
DLL-2502-232,Detergente Liquido Lava-Loucas,3,Geladeira 5C,60,7.43,1.022,-0.014,0.0,0.028,0.016,1,liquido homogeneo com leve pelicula na superficie,0,conforme padrao,True,caracteristico do produto,,False
DLL-2502-232,Detergente Liquido Lava-Loucas,3,Geladeira 5C,90,7.48,1.025,-0.021,0.0,0.042,0.024,1,"homogeneo, leve turvacao em relacao ao padrao",0,conforme padrao,True,caracteristico,,False
DLL-2502-232,Detergente Liquido Lava-Loucas,3,Luz Solar,7,7.45,1.023,-0.256,0.0,0.794,0.393,1,"homogeneo, leve turvacao em relacao ao padrao",0,conforme padrao,True,caracteristico,,False
DLL-2502-232,Detergente Liquido Lava-Loucas,3,Luz Solar,15,7.4,1.025,-0.515,0.0,1.564,0.773,0,"liquido homogeneo, limpido",0,conforme padrao,True,caracteristico,,False
DLL-2502-232,Detergente Liquido Lava-Loucas,3,Luz Solar,30,7.39,1.025,-0.921,0.0,2.695,1.33,1,liquido homogeneo com leve pelicula na superficie,1,"levemente diferente do padrao, conforme",True,caracteristico do produto,,False
DLL-2502-232,Detergente Liquido Lava-Loucas,3,Luz Solar,60,7.38,1.028,-1.507,0.0,4.14,2.048,1,"homogeneo, leve turvacao em relacao ao padrao",2,perceptivelmente mais escura que o padrao,True,caracteristico,,False
DLL-2502-232,Detergente Liquido Lava-Loucas,3,Luz Solar,90,7.31,1.028,-1.898,0.0,4.972,2.474,1,liquido homogeneo com leve pelicula na superficie,2,perceptivelmente mais escura que o padrao,True,caracteristico,,False
DLL-2502-236,Detergente Liquido Lava-Loucas,3,Ambiente Escuro 25C,7,7.55,1.031,-0.017,0.0,0.034,0.018,0,"liquido homogeneo, sem alteracao",0,conforme padrao,True,caracteristico do produto,,False
DLL-2502-236,Detergente Liquido Lava-Loucas,3,Ambiente Escuro 25C,15,7.46,1.03,-0.036,0.0,0.072,0.04,0,"liquido homogeneo, limpido",0,conforme padrao,True,caracteristico do produto,,False
DLL-2502-236,Detergente Liquido Lava-Loucas,3,Ambiente Escuro 25C,30,7.56,1.031,-0.072,0.0,0.144,0.079,0,"liquido homogeneo, limpido",0,conforme padrao,True,caracteristico,,False
DLL-2502-236,Detergente Liquido Lava-Loucas,3,Ambiente Escuro 25C,60,7.49,1.03,-0.144,0.0,0.288,0.158,0,"liquido homogeneo, limpido",0,conforme padrao,True,caracteristico,,False
DLL-2502-236,Detergente Liquido Lava-Loucas,3,Ambiente Escuro 25C,90,7.53,1.033,-0.216,0.0,0.432,0.237,0,"liquido homogeneo, limpido",0,conforme padrao,True,caracteristico,,False
DLL-2502-236,Detergente Liquido Lava-Loucas,3,Estufa 40C,7,7.5,1.031,-0.079,0.0,0.158,0.087,0,"liquido homogeneo, levemente opalescente",0,conforme padrao,True,caracteristico do produto,,False
DLL-2502-236,Detergente Liquido Lava-Loucas,3,Estufa 40C,15,7.5,1.033,-0.169,0.0,0.338,0.186,0,"liquido homogeneo, sem alteracao",0,conforme padrao,True,caracteristico,,False
DLL-2502-236,Detergente Liquido Lava-Loucas,3,Estufa 40C,30,7.45,1.034,-0.338,0.0,0.676,0.37,0,"liquido homogeneo, levemente opalescente",0,conforme padrao,True,caracteristico do produto,,False
DLL-2502-236,Detergente Liquido Lava-Loucas,3,Estufa 40C,60,7.37,1.036,-0.676,0.0,1.351,0.738,0,"liquido homogeneo, sem alteracao",0,conforme padrao,True,caracteristico,,False
DLL-2502-236,Detergente Liquido Lava-Loucas,3,Estufa 40C,90,7.36,1.035,-1.014,0.0,2.027,1.102,0,"liquido homogeneo, limpido",1,"levemente diferente do padrao, conforme",True,caracteristico do produto,,False
DLL-2502-236,Detergente Liquido Lava-Loucas,3,Geladeira 5C,7,7.5,1.033,-0.002,0.0,0.003,0.002,0,"liquido homogeneo, limpido",0,conforme padrao,True,caracteristico do produto,,False
DLL-2502-236,Detergente Liquido Lava-Loucas,3,Geladeira 5C,15,7.51,1.032,-0.004,0.0,0.007,0.004,0,"liquido homogeneo, levemente opalescente",0,conforme padrao,True,caracteristico do produto,,False
DLL-2502-236,Detergente Liquido Lava-Loucas,3,Geladeira 5C,30,7.54,1.031,-0.007,0.0,0.014,0.008,0,"liquido homogeneo, sem alteracao",0,conforme padrao,True,caracteristico do produto,,False
DLL-2502-236,Detergente Liquido Lava-Loucas,3,Geladeira 5C,60,7.47,1.031,-0.014,0.0,0.028,0.016,0,"liquido homogeneo, sem alteracao",0,conforme padrao,True,caracteristico,,False
DLL-2502-236,Detergente Liquido Lava-Loucas,3,Geladeira 5C,90,7.48,1.028,-0.021,0.0,0.042,0.023,0,"liquido homogeneo, sem alteracao",0,conforme padrao,True,caracteristico do produto,,False
DLL-2502-236,Detergente Liquido Lava-Loucas,3,Luz Solar,7,7.54,1.03,-0.256,0.0,0.794,0.389,0,"liquido homogeneo, sem alteracao",0,conforme padrao,True,caracteristico,,False
DLL-2502-236,Detergente Liquido Lava-Loucas,3,Luz Solar,15,7.51,1.03,-0.515,0.0,1.564,0.765,0,"liquido homogeneo, levemente opalescente",0,conforme padrao,True,caracteristico,,False
DLL-2502-236,Detergente Liquido Lava-Loucas,3,Luz Solar,30,7.55,1.032,-0.921,0.0,2.695,1.316,0,"liquido homogeneo, limpido",1,"levemente diferente do padrao, conforme",True,caracteristico,,False
DLL-2502-236,Detergente Liquido Lava-Loucas,3,Luz Solar,60,7.47,1.032,-1.507,0.0,4.14,2.027,0,"liquido homogeneo, limpido",2,perceptivelmente mais escura que o padrao,True,caracteristico do produto,,False
DLL-2502-236,Detergente Liquido Lava-Loucas,3,Luz Solar,90,7.44,1.032,-1.898,0.0,4.972,2.448,0,"liquido homogeneo, limpido",2,perceptivelmente mais escura que o padrao,True,caracteristico do produto,,False
AMA-2502-237,Amaciante de Roupas (esterquat),3,Ambiente Escuro 25C,7,3.6,1.006,-0.02,0.0,0.039,0.034,1,"homogeneo, leve turvacao em relacao ao padrao",0,conforme padrao,True,caracteristico,,False
AMA-2502-237,Amaciante de Roupas (esterquat),3,Ambiente Escuro 25C,15,3.48,1.01,-0.042,0.0,0.084,0.074,1,liquido homogeneo com leve pelicula na superficie,0,conforme padrao,True,caracteristico,,False
AMA-2502-237,Amaciante de Roupas (esterquat),3,Ambiente Escuro 25C,30,3.51,1.007,-0.084,0.0,0.168,0.147,1,liquido homogeneo com leve pelicula na superficie,0,conforme padrao,True,caracteristico do produto,,False
AMA-2502-237,Amaciante de Roupas (esterquat),3,Ambiente Escuro 25C,60,3.47,1.008,-0.168,0.0,0.336,0.295,1,liquido homogeneo com leve pelicula na superficie,0,conforme padrao,True,caracteristico do produto,,False
AMA-2502-237,Amaciante de Roupas (esterquat),3,Ambiente Escuro 25C,90,3.41,1.011,-0.252,0.0,0.504,0.444,1,liquido homogeneo com leve pelicula na superficie,0,conforme padrao,True,caracteristico,densidade fora de faixa,True
AMA-2502-237,Amaciante de Roupas (esterquat),3,Estufa 40C,7,3.48,1.006,-0.092,0.0,0.184,0.161,1,liquido homogeneo com leve pelicula na superficie,0,conforme padrao,True,caracteristico do produto,,False
AMA-2502-237,Amaciante de Roupas (esterquat),3,Estufa 40C,15,3.42,1.008,-0.197,0.0,0.394,0.347,1,"homogeneo, leve turvacao em relacao ao padrao",0,conforme padrao,True,caracteristico do produto,,False
AMA-2502-237,Amaciante de Roupas (esterquat),3,Estufa 40C,30,3.36,1.012,-0.394,0.0,0.788,0.697,1,"homogeneo, leve turvacao em relacao ao padrao",0,conforme padrao,True,caracteristico,densidade fora de faixa,True
AMA-2502-237,Amaciante de Roupas (esterquat),3,Estufa 40C,60,3.13,1.015,-0.788,0.0,1.577,1.407,1,liquido homogeneo com leve pelicula na superficie,1,"levemente diferente do padrao, conforme",True,caracteristico do produto,densidade fora de faixa,True
AMA-2502-237,Amaciante de Roupas (esterquat),3,Estufa 40C,90,2.89,1.012,-1.182,0.0,2.365,2.128,1,"homogeneo, leve turvacao em relacao ao padrao",2,perceptivelmente mais escura que o padrao,True,caracteristico,densidade fora de faixa,True
AMA-2502-237,Amaciante de Roupas (esterquat),3,Geladeira 5C,7,3.56,1.004,-0.002,0.0,0.004,0.003,1,liquido homogeneo com leve pelicula na superficie,0,conforme padrao,True,caracteristico do produto,,False
AMA-2502-237,Amaciante de Roupas (esterquat),3,Geladeira 5C,15,3.54,1.009,-0.004,0.0,0.008,0.007,1,liquido homogeneo com leve pelicula na superficie,0,conforme padrao,True,caracteristico do produto,,False
AMA-2502-237,Amaciante de Roupas (esterquat),3,Geladeira 5C,30,3.56,1.008,-0.008,0.0,0.017,0.014,1,"homogeneo, leve turvacao em relacao ao padrao",0,conforme padrao,True,caracteristico do produto,,False
AMA-2502-237,Amaciante de Roupas (esterquat),3,Geladeira 5C,60,3.53,1.01,-0.017,0.0,0.033,0.029,1,liquido homogeneo com leve pelicula na superficie,0,conforme padrao,True,caracteristico,,False
AMA-2502-237,Amaciante de Roupas (esterquat),3,Geladeira 5C,90,3.53,1.004,-0.025,0.0,0.05,0.043,1,liquido homogeneo com leve pelicula na superficie,0,conforme padrao,True,caracteristico do produto,,False
AMA-2502-237,Amaciante de Roupas (esterquat),3,Luz Solar,7,3.52,1.01,-0.226,0.0,0.693,0.589,1,liquido homogeneo com leve pelicula na superficie,0,conforme padrao,True,caracteristico,,False
AMA-2502-237,Amaciante de Roupas (esterquat),3,Luz Solar,15,3.49,1.006,-0.457,0.0,1.368,1.175,0,"liquido homogeneo, sem alteracao",1,"levemente diferente do padrao, conforme",True,caracteristico,,False
AMA-2502-237,Amaciante de Roupas (esterquat),3,Luz Solar,30,3.43,1.008,-0.822,0.0,2.369,2.063,1,liquido homogeneo com leve pelicula na superficie,2,perceptivelmente mais escura que o padrao,True,caracteristico,,False
AMA-2502-237,Amaciante de Roupas (esterquat),3,Luz Solar,60,3.32,1.009,-1.359,0.0,3.674,3.254,1,"homogeneo, leve turvacao em relacao ao padrao",3,amarelada em relacao ao padrao,True,caracteristico,,False
AMA-2502-237,Amaciante de Roupas (esterquat),3,Luz Solar,90,3.33,1.01,-1.73,0.0,4.46,3.984,1,liquido homogeneo com leve pelicula na superficie,3,amarelada em relacao ao padrao,True,caracteristico do produto,,False
DLL-2502-238,Detergente Liquido Lava-Loucas,3,Ambiente Escuro 25C,7,7.69,1.038,-0.017,0.0,0.034,0.019,0,"liquido homogeneo, levemente opalescente",0,conforme padrao,True,caracteristico do produto,,False
DLL-2502-238,Detergente Liquido Lava-Loucas,3,Ambiente Escuro 25C,15,7.55,1.038,-0.036,0.0,0.072,0.04,0,"liquido homogeneo, levemente opalescente",0,conforme padrao,True,caracteristico,,False
DLL-2502-238,Detergente Liquido Lava-Loucas,3,Ambiente Escuro 25C,30,7.62,1.04,-0.072,0.0,0.144,0.081,0,"liquido homogeneo, levemente opalescente",0,conforme padrao,True,caracteristico,,False
DLL-2502-238,Detergente Liquido Lava-Loucas,3,Ambiente Escuro 25C,60,7.57,1.039,-0.144,0.0,0.288,0.162,0,"liquido homogeneo, limpido",0,conforme padrao,True,caracteristico do produto,,False
DLL-2502-238,Detergente Liquido Lava-Loucas,3,Ambiente Escuro 25C,90,7.55,1.039,-0.216,0.0,0.432,0.242,0,"liquido homogeneo, levemente opalescente",0,conforme padrao,True,caracteristico,,False
DLL-2502-238,Detergente Liquido Lava-Loucas,3,Estufa 40C,7,7.6,1.038,-0.079,0.0,0.158,0.089,0,"liquido homogeneo, limpido",0,conforme padrao,True,caracteristico,,False
DLL-2502-238,Detergente Liquido Lava-Loucas,3,Estufa 40C,15,7.62,1.04,-0.169,0.0,0.338,0.189,0,"liquido homogeneo, levemente opalescente",0,conforme padrao,True,caracteristico do produto,,False
DLL-2502-238,Detergente Liquido Lava-Loucas,3,Estufa 40C,30,7.6,1.039,-0.338,0.0,0.676,0.378,0,"liquido homogeneo, limpido",0,conforme padrao,True,caracteristico do produto,,False
DLL-2502-238,Detergente Liquido Lava-Loucas,3,Estufa 40C,60,7.45,1.045,-0.676,0.0,1.351,0.753,0,"liquido homogeneo, levemente opalescente",0,conforme padrao,True,caracteristico do produto,,False
DLL-2502-238,Detergente Liquido Lava-Loucas,3,Estufa 40C,90,7.41,1.046,-1.014,0.0,2.027,1.125,0,"liquido homogeneo, levemente opalescente",1,"levemente diferente do padrao, conforme",True,caracteristico do produto,densidade fora de faixa,True
DLL-2502-238,Detergente Liquido Lava-Loucas,3,Geladeira 5C,7,7.57,1.039,-0.002,0.0,0.003,0.002,0,"liquido homogeneo, levemente opalescente",0,conforme padrao,True,caracteristico do produto,,False
DLL-2502-238,Detergente Liquido Lava-Loucas,3,Geladeira 5C,15,7.62,1.042,-0.004,0.0,0.007,0.004,0,"liquido homogeneo, sem alteracao",0,conforme padrao,True,caracteristico,,False
DLL-2502-238,Detergente Liquido Lava-Loucas,3,Geladeira 5C,30,7.65,1.037,-0.007,0.0,0.014,0.008,0,"liquido homogeneo, sem alteracao",0,conforme padrao,True,caracteristico do produto,,False
DLL-2502-238,Detergente Liquido Lava-Loucas,3,Geladeira 5C,60,7.66,1.039,-0.014,0.0,0.028,0.016,0,"liquido homogeneo, levemente opalescente",0,conforme padrao,True,caracteristico do produto,,False
DLL-2502-238,Detergente Liquido Lava-Loucas,3,Geladeira 5C,90,7.56,1.041,-0.021,0.0,0.042,0.024,0,"liquido homogeneo, levemente opalescente",0,conforme padrao,True,caracteristico,,False
DLL-2502-238,Detergente Liquido Lava-Loucas,3,Luz Solar,7,7.65,1.04,-0.256,0.0,0.794,0.398,0,"liquido homogeneo, levemente opalescente",0,conforme padrao,True,caracteristico,,False
DLL-2502-238,Detergente Liquido Lava-Loucas,3,Luz Solar,15,7.62,1.04,-0.515,0.0,1.564,0.783,0,"liquido homogeneo, limpido",0,conforme padrao,True,caracteristico do produto,,False
DLL-2502-238,Detergente Liquido Lava-Loucas,3,Luz Solar,30,7.58,1.04,-0.921,0.0,2.695,1.346,0,"liquido homogeneo, sem alteracao",1,"levemente diferente do padrao, conforme",True,caracteristico do produto,,False
DLL-2502-238,Detergente Liquido Lava-Loucas,3,Luz Solar,60,7.59,1.039,-1.507,0.0,4.14,2.072,0,"liquido homogeneo, limpido",2,perceptivelmente mais escura que o padrao,True,caracteristico do produto,,False
DLL-2502-238,Detergente Liquido Lava-Loucas,3,Luz Solar,90,7.57,1.04,-1.898,0.0,4.972,2.502,0,"liquido homogeneo, limpido",2,perceptivelmente mais escura que o padrao,True,caracteristico,,False
ALV-2502-239,Alvejante Liquido sem Cloro,3,Ambiente Escuro 25C,7,3.71,1.051,-0.014,0.0,0.028,0.026,0,"liquido homogeneo, sem alteracao",0,conforme padrao,True,caracteristico do produto,,False
ALV-2502-239,Alvejante Liquido sem Cloro,3,Ambiente Escuro 25C,15,3.69,1.051,-0.03,0.0,0.06,0.055,0,"liquido homogeneo, sem alteracao",0,conforme padrao,True,caracteristico do produto,,False
ALV-2502-239,Alvejante Liquido sem Cloro,3,Ambiente Escuro 25C,30,3.69,1.052,-0.06,0.0,0.12,0.11,0,"liquido homogeneo, levemente opalescente",0,conforme padrao,True,caracteristico do produto,,False
ALV-2502-239,Alvejante Liquido sem Cloro,3,Ambiente Escuro 25C,60,3.65,1.052,-0.12,0.0,0.24,0.22,0,"liquido homogeneo, sem alteracao",0,conforme padrao,True,caracteristico,,False
ALV-2502-239,Alvejante Liquido sem Cloro,3,Ambiente Escuro 25C,90,3.69,1.053,-0.18,0.0,0.36,0.329,0,"liquido homogeneo, limpido",0,conforme padrao,True,caracteristico do produto,,False
ALV-2502-239,Alvejante Liquido sem Cloro,3,Estufa 40C,7,3.7,1.052,-0.066,0.0,0.131,0.121,0,"liquido homogeneo, limpido",0,conforme padrao,True,caracteristico,,False
ALV-2502-239,Alvejante Liquido sem Cloro,3,Estufa 40C,15,3.65,1.055,-0.141,0.0,0.282,0.258,0,"liquido homogeneo, sem alteracao",0,conforme padrao,True,caracteristico,,False
ALV-2502-239,Alvejante Liquido sem Cloro,3,Estufa 40C,30,3.59,1.054,-0.282,0.0,0.563,0.513,0,"liquido homogeneo, sem alteracao",0,conforme padrao,True,caracteristico do produto,,False
ALV-2502-239,Alvejante Liquido sem Cloro,3,Estufa 40C,60,3.46,1.057,-0.563,0.0,1.126,1.018,0,"liquido homogeneo, limpido",1,"levemente diferente do padrao, conforme",True,caracteristico do produto,pH fora de faixa,True
ALV-2502-239,Alvejante Liquido sem Cloro,3,Estufa 40C,90,3.32,1.059,-0.845,0.0,1.689,1.513,0,"liquido homogeneo, sem alteracao",1,"levemente diferente do padrao, conforme",True,caracteristico do produto,pH fora de faixa,True
ALV-2502-239,Alvejante Liquido sem Cloro,3,Geladeira 5C,7,3.73,1.052,-0.001,0.0,0.003,0.003,0,"liquido homogeneo, levemente opalescente",0,conforme padrao,True,caracteristico do produto,,False
ALV-2502-239,Alvejante Liquido sem Cloro,3,Geladeira 5C,15,3.76,1.052,-0.003,0.0,0.006,0.005,0,"liquido homogeneo, sem alteracao",0,conforme padrao,True,caracteristico do produto,,False
ALV-2502-239,Alvejante Liquido sem Cloro,3,Geladeira 5C,30,3.71,1.051,-0.006,0.0,0.012,0.011,0,"liquido homogeneo, levemente opalescente",0,conforme padrao,True,caracteristico,,False
ALV-2502-239,Alvejante Liquido sem Cloro,3,Geladeira 5C,60,3.71,1.053,-0.012,0.0,0.024,0.022,0,"liquido homogeneo, sem alteracao",0,conforme padrao,True,caracteristico,,False
ALV-2502-239,Alvejante Liquido sem Cloro,3,Geladeira 5C,90,3.73,1.051,-0.018,0.0,0.035,0.032,0,"liquido homogeneo, sem alteracao",0,conforme padrao,True,caracteristico,,False
ALV-2502-239,Alvejante Liquido sem Cloro,3,Luz Solar,7,3.68,1.052,-0.376,0.0,1.19,1.037,0,"liquido homogeneo, levemente opalescente",1,"levemente diferente do padrao, conforme",True,caracteristico,,False
ALV-2502-239,Alvejante Liquido sem Cloro,3,Luz Solar,15,3.8,1.052,-0.754,0.0,2.337,2.001,0,"liquido homogeneo, sem alteracao",2,perceptivelmente mais escura que o padrao,True,caracteristico do produto,,False
ALV-2502-239,Alvejante Liquido sem Cloro,3,Luz Solar,30,3.67,1.053,-1.34,0.0,4.002,3.342,0,"liquido homogeneo, levemente opalescente",3,amarelada em relacao ao padrao,True,caracteristico do produto,,False
ALV-2502-239,Alvejante Liquido sem Cloro,3,Luz Solar,60,3.62,1.053,-2.16,0.0,6.066,4.922,0,"liquido homogeneo, levemente opalescente",3,amarelada em relacao ao padrao,True,caracteristico do produto,,False
ALV-2502-239,Alvejante Liquido sem Cloro,3,Luz Solar,90,3.55,1.056,-2.678,0.0,7.18,5.747,0,"liquido homogeneo, limpido",3,amarelada em relacao ao padrao,True,caracteristico do produto,,False
DES-2503-240,Desinfetante Quaternario Concentrado,3,Ambiente Escuro 25C,7,7.17,1.012,-0.015,0.0,0.031,0.017,2,"leve cremeacao na superficie, porem conforme",0,conforme padrao,True,caracteristico do produto,,False
DES-2503-240,Desinfetante Quaternario Concentrado,3,Ambiente Escuro 25C,15,7.2,1.011,-0.033,0.0,0.066,0.037,2,"cremeacao visivel na superficie, reversivel a agitacao",0,conforme padrao,True,caracteristico do produto,,False
DES-2503-240,Desinfetante Quaternario Concentrado,3,Ambiente Escuro 25C,30,7.16,1.012,-0.066,0.0,0.132,0.074,2,"cremeacao visivel na superficie, reversivel a agitacao",0,conforme padrao,True,caracteristico do produto,,False
DES-2503-240,Desinfetante Quaternario Concentrado,3,Ambiente Escuro 25C,60,7.16,1.011,-0.132,0.0,0.264,0.148,2,"leve cremeacao na superficie, porem conforme",0,conforme padrao,True,caracteristico do produto,,False
DES-2503-240,Desinfetante Quaternario Concentrado,3,Ambiente Escuro 25C,90,7.1,1.013,-0.198,0.0,0.396,0.223,2,"leve cremeacao na superficie, porem conforme",0,conforme padrao,True,caracteristico,,False
DES-2503-240,Desinfetante Quaternario Concentrado,3,Estufa 40C,7,7.11,1.011,-0.072,0.0,0.145,0.081,2,"cremeacao visivel na superficie, reversivel a agitacao",0,conforme padrao,True,caracteristico do produto,,False
DES-2503-240,Desinfetante Quaternario Concentrado,3,Estufa 40C,15,7.15,1.014,-0.155,0.0,0.31,0.174,2,"cremeacao visivel na superficie, reversivel a agitacao",0,conforme padrao,True,caracteristico do produto,,False
DES-2503-240,Desinfetante Quaternario Concentrado,3,Estufa 40C,30,7.01,1.013,-0.31,0.0,0.619,0.349,2,"leve cremeacao na superficie, porem conforme",0,conforme padrao,True,caracteristico do produto,,False
DES-2503-240,Desinfetante Quaternario Concentrado,3,Estufa 40C,60,6.87,1.014,-0.619,0.0,1.239,0.703,3,sedimento no fundo nao reincorporavel,0,conforme padrao,True,caracteristico,aspecto nao conforme,True
DES-2503-240,Desinfetante Quaternario Concentrado,3,Estufa 40C,90,6.76,1.017,-0.929,0.0,1.858,1.061,4,quebra de emulsao com sobrenadante limpido,1,"levemente diferente do padrao, conforme",True,caracteristico do produto,aspecto nao conforme,True
DES-2503-240,Desinfetante Quaternario Concentrado,3,Geladeira 5C,7,7.15,1.01,-0.002,0.0,0.003,0.002,2,"leve cremeacao na superficie, porem conforme",0,conforme padrao,True,caracteristico,,False
DES-2503-240,Desinfetante Quaternario Concentrado,3,Geladeira 5C,15,7.14,1.013,-0.003,0.0,0.006,0.004,1,liquido homogeneo com leve pelicula na superficie,0,conforme padrao,True,caracteristico,,False
DES-2503-240,Desinfetante Quaternario Concentrado,3,Geladeira 5C,30,7.2,1.014,-0.006,0.0,0.013,0.007,2,"leve cremeacao na superficie, porem conforme",0,conforme padrao,True,caracteristico do produto,,False
DES-2503-240,Desinfetante Quaternario Concentrado,3,Geladeira 5C,60,7.14,1.014,-0.013,0.0,0.026,0.015,2,"leve cremeacao na superficie, porem conforme",0,conforme padrao,True,caracteristico do produto,,False
DES-2503-240,Desinfetante Quaternario Concentrado,3,Geladeira 5C,90,7.21,1.012,-0.019,0.0,0.039,0.022,2,"cremeacao visivel na superficie, reversivel a agitacao",0,conforme padrao,True,caracteristico,,False
DES-2503-240,Desinfetante Quaternario Concentrado,3,Luz Solar,7,7.13,1.011,-0.344,0.0,1.084,0.511,2,"leve cremeacao na superficie, porem conforme",0,conforme padrao,True,caracteristico do produto,,False
DES-2503-240,Desinfetante Quaternario Concentrado,3,Luz Solar,15,7.11,1.01,-0.691,0.0,2.131,1.024,2,"leve cremeacao na superficie, porem conforme",1,"levemente diferente do padrao, conforme",True,caracteristico,,False
DES-2503-240,Desinfetante Quaternario Concentrado,3,Luz Solar,30,7.07,1.011,-1.231,0.0,3.655,1.813,2,"cremeacao visivel na superficie, reversivel a agitacao",2,perceptivelmente mais escura que o padrao,True,caracteristico,,False
DES-2503-240,Desinfetante Quaternario Concentrado,3,Luz Solar,60,7.09,1.011,-1.991,0.0,5.559,2.887,4,separacao franca de fases; coalescencia evidente,2,perceptivelmente mais escura que o padrao,True,caracteristico do produto,aspecto nao conforme,True
DES-2503-240,Desinfetante Quaternario Concentrado,3,Luz Solar,90,7.02,1.013,-2.479,0.0,6.606,3.535,3,"separacao parcial de fase, camada superior definida",3,amarelada em relacao ao padrao,True,caracteristico do produto,aspecto nao conforme,True
DES-2503-241,Desinfetante Quaternario Concentrado,3,Ambiente Escuro 25C,7,6.88,1.007,-0.015,0.0,0.031,0.017,0,"liquido homogeneo, limpido",0,conforme padrao,True,caracteristico do produto,,False
DES-2503-241,Desinfetante Quaternario Concentrado,3,Ambiente Escuro 25C,15,6.93,1.006,-0.033,0.0,0.066,0.037,0,"liquido homogeneo, limpido",0,conforme padrao,True,caracteristico do produto,,False
DES-2503-241,Desinfetante Quaternario Concentrado,3,Ambiente Escuro 25C,30,6.91,1.009,-0.066,0.0,0.132,0.074,0,"liquido homogeneo, levemente opalescente",0,conforme padrao,True,caracteristico do produto,,False
DES-2503-241,Desinfetante Quaternario Concentrado,3,Ambiente Escuro 25C,60,6.88,1.008,-0.132,0.0,0.264,0.148,0,"liquido homogeneo, limpido",0,conforme padrao,True,caracteristico,,False
DES-2503-241,Desinfetante Quaternario Concentrado,3,Ambiente Escuro 25C,90,6.85,1.005,-0.198,0.0,0.396,0.222,0,"liquido homogeneo, sem alteracao",0,conforme padrao,True,caracteristico do produto,,False
DES-2503-241,Desinfetante Quaternario Concentrado,3,Estufa 40C,7,6.89,1.009,-0.072,0.0,0.145,0.081,0,"liquido homogeneo, limpido",0,conforme padrao,True,caracteristico,,False
DES-2503-241,Desinfetante Quaternario Concentrado,3,Estufa 40C,15,6.83,1.009,-0.155,0.0,0.31,0.173,0,"liquido homogeneo, levemente opalescente",0,conforme padrao,True,caracteristico,,False
DES-2503-241,Desinfetante Quaternario Concentrado,3,Estufa 40C,30,6.83,1.009,-0.31,0.0,0.619,0.348,0,"liquido homogeneo, levemente opalescente",0,conforme padrao,True,caracteristico do produto,,False
DES-2503-241,Desinfetante Quaternario Concentrado,3,Estufa 40C,60,6.77,1.008,-0.619,0.0,1.239,0.7,0,"liquido homogeneo, sem alteracao",0,conforme padrao,True,caracteristico,,False
DES-2503-241,Desinfetante Quaternario Concentrado,3,Estufa 40C,90,6.69,1.011,-0.929,0.0,1.858,1.056,0,"liquido homogeneo, limpido",1,"levemente diferente do padrao, conforme",True,caracteristico do produto,,False
DES-2503-241,Desinfetante Quaternario Concentrado,3,Geladeira 5C,7,6.88,1.005,-0.002,0.0,0.003,0.002,0,"liquido homogeneo, sem alteracao",0,conforme padrao,True,caracteristico do produto,,False
DES-2503-241,Desinfetante Quaternario Concentrado,3,Geladeira 5C,15,6.94,1.006,-0.003,0.0,0.006,0.004,0,"liquido homogeneo, levemente opalescente",0,conforme padrao,True,caracteristico,,False
DES-2503-241,Desinfetante Quaternario Concentrado,3,Geladeira 5C,30,6.91,1.006,-0.006,0.0,0.013,0.007,0,"liquido homogeneo, levemente opalescente",0,conforme padrao,True,caracteristico,,False
DES-2503-241,Desinfetante Quaternario Concentrado,3,Geladeira 5C,60,6.96,1.006,-0.013,0.0,0.026,0.014,0,"liquido homogeneo, levemente opalescente",0,conforme padrao,True,caracteristico,,False
DES-2503-241,Desinfetante Quaternario Concentrado,3,Geladeira 5C,90,6.9,1.006,-0.019,0.0,0.039,0.022,0,"liquido homogeneo, levemente opalescente",0,conforme padrao,True,caracteristico do produto,,False
DES-2503-241,Desinfetante Quaternario Concentrado,3,Luz Solar,7,6.89,1.007,-0.344,0.0,1.084,0.506,0,"liquido homogeneo, levemente opalescente",0,conforme padrao,True,caracteristico,,False
DES-2503-241,Desinfetante Quaternario Concentrado,3,Luz Solar,15,6.93,1.007,-0.691,0.0,2.131,1.014,0,"liquido homogeneo, sem alteracao",1,"levemente diferente do padrao, conforme",True,caracteristico do produto,,False
DES-2503-241,Desinfetante Quaternario Concentrado,3,Luz Solar,30,6.83,1.01,-1.231,0.0,3.655,1.795,0,"liquido homogeneo, limpido",2,perceptivelmente mais escura que o padrao,True,caracteristico,,False
DES-2503-241,Desinfetante Quaternario Concentrado,3,Luz Solar,60,6.82,1.005,-1.991,0.0,5.559,2.858,0,"liquido homogeneo, sem alteracao",2,perceptivelmente mais escura que o padrao,True,caracteristico,,False
DES-2503-241,Desinfetante Quaternario Concentrado,3,Luz Solar,90,6.83,1.009,-2.479,0.0,6.606,3.5,0,"liquido homogeneo, levemente opalescente",3,amarelada em relacao ao padrao,True,caracteristico,,False
AMA-2503-242,Amaciante de Roupas (esterquat),3,Ambiente Escuro 25C,7,3.24,0.991,-0.02,0.0,0.039,0.034,0,"liquido homogeneo, sem alteracao",0,conforme padrao,True,caracteristico do produto,,False
AMA-2503-242,Amaciante de Roupas (esterquat),3,Ambiente Escuro 25C,15,3.22,0.99,-0.042,0.0,0.084,0.072,1,"homogeneo, leve turvacao em relacao ao padrao",0,conforme padrao,True,caracteristico,,False
AMA-2503-242,Amaciante de Roupas (esterquat),3,Ambiente Escuro 25C,30,3.14,0.988,-0.084,0.0,0.168,0.145,0,"liquido homogeneo, sem alteracao",0,conforme padrao,True,caracteristico,,False
AMA-2503-242,Amaciante de Roupas (esterquat),3,Ambiente Escuro 25C,60,3.18,0.989,-0.168,0.0,0.336,0.291,0,"liquido homogeneo, levemente opalescente",0,conforme padrao,True,caracteristico,,False
AMA-2503-242,Amaciante de Roupas (esterquat),3,Ambiente Escuro 25C,90,3.13,0.993,-0.252,0.0,0.504,0.437,0,"liquido homogeneo, sem alteracao",0,conforme padrao,True,caracteristico,,False
AMA-2503-242,Amaciante de Roupas (esterquat),3,Estufa 40C,7,3.23,0.989,-0.092,0.0,0.184,0.159,1,liquido homogeneo com leve pelicula na superficie,0,conforme padrao,True,caracteristico,,False
AMA-2503-242,Amaciante de Roupas (esterquat),3,Estufa 40C,15,3.16,0.991,-0.197,0.0,0.394,0.342,0,"liquido homogeneo, sem alteracao",0,conforme padrao,True,caracteristico,,False
AMA-2503-242,Amaciante de Roupas (esterquat),3,Estufa 40C,30,3.03,0.991,-0.394,0.0,0.788,0.687,1,liquido homogeneo com leve pelicula na superficie,0,conforme padrao,True,caracteristico do produto,,False
AMA-2503-242,Amaciante de Roupas (esterquat),3,Estufa 40C,60,2.89,0.993,-0.788,0.0,1.577,1.39,1,"homogeneo, leve turvacao em relacao ao padrao",1,"levemente diferente do padrao, conforme",True,caracteristico do produto,,False
AMA-2503-242,Amaciante de Roupas (esterquat),3,Estufa 40C,90,2.78,0.998,-1.182,0.0,2.365,2.11,0,"liquido homogeneo, sem alteracao",2,perceptivelmente mais escura que o padrao,True,caracteristico,,False
AMA-2503-242,Amaciante de Roupas (esterquat),3,Geladeira 5C,7,3.27,0.989,-0.002,0.0,0.004,0.003,0,"liquido homogeneo, limpido",0,conforme padrao,True,caracteristico do produto,,False
AMA-2503-242,Amaciante de Roupas (esterquat),3,Geladeira 5C,15,3.27,0.99,-0.004,0.0,0.008,0.007,1,liquido homogeneo com leve pelicula na superficie,0,conforme padrao,True,caracteristico,,False
AMA-2503-242,Amaciante de Roupas (esterquat),3,Geladeira 5C,30,3.28,0.989,-0.008,0.0,0.017,0.014,1,"homogeneo, leve turvacao em relacao ao padrao",0,conforme padrao,True,caracteristico,,False
AMA-2503-242,Amaciante de Roupas (esterquat),3,Geladeira 5C,60,3.21,0.99,-0.017,0.0,0.033,0.028,0,"liquido homogeneo, sem alteracao",0,conforme padrao,True,caracteristico do produto,,False
AMA-2503-242,Amaciante de Roupas (esterquat),3,Geladeira 5C,90,3.26,0.992,-0.025,0.0,0.05,0.043,1,liquido homogeneo com leve pelicula na superficie,0,conforme padrao,True,caracteristico,,False
AMA-2503-242,Amaciante de Roupas (esterquat),3,Luz Solar,7,3.24,0.99,-0.226,0.0,0.693,0.58,0,"liquido homogeneo, levemente opalescente",0,conforme padrao,True,caracteristico do produto,,False
AMA-2503-242,Amaciante de Roupas (esterquat),3,Luz Solar,15,3.13,0.991,-0.457,0.0,1.368,1.16,0,"liquido homogeneo, levemente opalescente",1,"levemente diferente do padrao, conforme",True,caracteristico do produto,,False
AMA-2503-242,Amaciante de Roupas (esterquat),3,Luz Solar,30,3.19,0.991,-0.822,0.0,2.369,2.044,0,"liquido homogeneo, limpido",2,perceptivelmente mais escura que o padrao,True,caracteristico do produto,,False
AMA-2503-242,Amaciante de Roupas (esterquat),3,Luz Solar,60,3.08,0.993,-1.359,0.0,3.674,3.244,0,"liquido homogeneo, sem alteracao",3,amarelada em relacao ao padrao,True,caracteristico do produto,,False
AMA-2503-242,Amaciante de Roupas (esterquat),3,Luz Solar,90,3.12,0.993,-1.73,0.0,4.46,3.988,0,"liquido homogeneo, limpido",3,amarelada em relacao ao padrao,True,caracteristico,,False
LMU-2503-243,Limpador Multiuso Alcalino,3,Ambiente Escuro 25C,7,10.05,1.002,-0.021,0.0,0.042,0.03,1,liquido homogeneo com leve pelicula na superficie,0,conforme padrao,True,caracteristico do produto,,False
LMU-2503-243,Limpador Multiuso Alcalino,3,Ambiente Escuro 25C,15,10.0,1.004,-0.045,0.0,0.09,0.065,0,"liquido homogeneo, levemente opalescente",0,conforme padrao,True,caracteristico,,False
LMU-2503-243,Limpador Multiuso Alcalino,3,Ambiente Escuro 25C,30,10.04,1.009,-0.09,0.0,0.18,0.129,1,liquido homogeneo com leve pelicula na superficie,0,conforme padrao,True,caracteristico,,False
LMU-2503-243,Limpador Multiuso Alcalino,3,Ambiente Escuro 25C,60,10.01,1.004,-0.18,0.0,0.36,0.258,1,liquido homogeneo com leve pelicula na superficie,0,conforme padrao,True,caracteristico,,False
LMU-2503-243,Limpador Multiuso Alcalino,3,Ambiente Escuro 25C,90,9.9,1.004,-0.27,0.0,0.54,0.387,1,"homogeneo, leve turvacao em relacao ao padrao",0,conforme padrao,True,caracteristico,,False
LMU-2503-243,Limpador Multiuso Alcalino,3,Estufa 40C,7,10.0,1.004,-0.099,0.0,0.197,0.142,1,"homogeneo, leve turvacao em relacao ao padrao",0,conforme padrao,True,caracteristico,,False
LMU-2503-243,Limpador Multiuso Alcalino,3,Estufa 40C,15,9.94,1.004,-0.211,0.0,0.422,0.303,1,liquido homogeneo com leve pelicula na superficie,0,conforme padrao,True,caracteristico,,False
LMU-2503-243,Limpador Multiuso Alcalino,3,Estufa 40C,30,9.83,1.006,-0.422,0.0,0.845,0.605,1,"homogeneo, leve turvacao em relacao ao padrao",0,conforme padrao,True,caracteristico,,False
LMU-2503-243,Limpador Multiuso Alcalino,3,Estufa 40C,60,9.67,1.009,-0.845,0.0,1.689,1.205,0,"liquido homogeneo, levemente opalescente",1,"levemente diferente do padrao, conforme",True,caracteristico,,False
LMU-2503-243,Limpador Multiuso Alcalino,3,Estufa 40C,90,9.56,1.008,-1.267,0.0,2.534,1.8,1,liquido homogeneo com leve pelicula na superficie,2,perceptivelmente mais escura que o padrao,True,caracteristico,,False
LMU-2503-243,Limpador Multiuso Alcalino,3,Geladeira 5C,7,9.97,1.006,-0.002,0.0,0.004,0.003,1,liquido homogeneo com leve pelicula na superficie,0,conforme padrao,True,caracteristico,,False
LMU-2503-243,Limpador Multiuso Alcalino,3,Geladeira 5C,15,10.03,1.003,-0.004,0.0,0.009,0.006,1,liquido homogeneo com leve pelicula na superficie,0,conforme padrao,True,caracteristico do produto,,False
LMU-2503-243,Limpador Multiuso Alcalino,3,Geladeira 5C,30,10.02,1.005,-0.009,0.0,0.018,0.013,1,"homogeneo, leve turvacao em relacao ao padrao",0,conforme padrao,True,caracteristico,,False
LMU-2503-243,Limpador Multiuso Alcalino,3,Geladeira 5C,60,10.02,1.004,-0.018,0.0,0.035,0.025,1,liquido homogeneo com leve pelicula na superficie,0,conforme padrao,True,caracteristico do produto,,False
LMU-2503-243,Limpador Multiuso Alcalino,3,Geladeira 5C,90,10.05,1.0,-0.027,0.0,0.053,0.038,0,"liquido homogeneo, levemente opalescente",0,conforme padrao,True,caracteristico do produto,,False
LMU-2503-243,Limpador Multiuso Alcalino,3,Luz Solar,7,10.01,1.004,-0.32,0.0,0.993,0.648,1,"homogeneo, leve turvacao em relacao ao padrao",0,conforme padrao,True,caracteristico do produto,,False
LMU-2503-243,Limpador Multiuso Alcalino,3,Luz Solar,15,9.99,1.007,-0.644,0.0,1.955,1.273,1,liquido homogeneo com leve pelicula na superficie,1,"levemente diferente do padrao, conforme",True,caracteristico do produto,,False
LMU-2503-243,Limpador Multiuso Alcalino,3,Luz Solar,30,9.97,1.003,-1.152,0.0,3.369,2.187,1,"homogeneo, leve turvacao em relacao ao padrao",2,perceptivelmente mais escura que o padrao,True,caracteristico,,False
LMU-2503-243,Limpador Multiuso Alcalino,3,Luz Solar,60,9.99,1.005,-1.884,0.0,5.175,3.359,1,"homogeneo, leve turvacao em relacao ao padrao",3,amarelada em relacao ao padrao,True,caracteristico do produto,,False
LMU-2503-243,Limpador Multiuso Alcalino,3,Luz Solar,90,9.86,1.004,-2.372,0.0,6.216,4.047,0,"liquido homogeneo, sem alteracao",3,amarelada em relacao ao padrao,True,caracteristico do produto,,False
DLR-2503-246,Detergente Liquido para Roupas,3,Ambiente Escuro 25C,7,9.63,1.016,-0.018,0.0,0.036,0.03,0,"liquido homogeneo, sem alteracao",0,conforme padrao,True,caracteristico,,False
DLR-2503-246,Detergente Liquido para Roupas,3,Ambiente Escuro 25C,15,9.6,1.018,-0.039,0.0,0.078,0.065,0,"liquido homogeneo, limpido",0,conforme padrao,True,caracteristico do produto,,False
DLR-2503-246,Detergente Liquido para Roupas,3,Ambiente Escuro 25C,30,9.61,1.014,-0.078,0.0,0.156,0.13,0,"liquido homogeneo, levemente opalescente",0,conforme padrao,True,caracteristico,,False
DLR-2503-246,Detergente Liquido para Roupas,3,Ambiente Escuro 25C,60,9.58,1.014,-0.156,0.0,0.312,0.26,0,"liquido homogeneo, sem alteracao",0,conforme padrao,True,caracteristico,,False
DLR-2503-246,Detergente Liquido para Roupas,3,Ambiente Escuro 25C,90,9.55,1.017,-0.234,0.0,0.468,0.39,0,"liquido homogeneo, levemente opalescente",0,conforme padrao,True,caracteristico do produto,,False
DLR-2503-246,Detergente Liquido para Roupas,3,Estufa 40C,7,9.64,1.013,-0.085,0.0,0.171,0.142,0,"liquido homogeneo, sem alteracao",0,conforme padrao,True,caracteristico,,False
DLR-2503-246,Detergente Liquido para Roupas,3,Estufa 40C,15,9.63,1.016,-0.183,0.0,0.366,0.305,0,"liquido homogeneo, limpido",0,conforme padrao,True,caracteristico,,False
DLR-2503-246,Detergente Liquido para Roupas,3,Estufa 40C,30,9.54,1.015,-0.366,0.0,0.732,0.61,0,"liquido homogeneo, limpido",0,conforme padrao,True,caracteristico do produto,,False
DLR-2503-246,Detergente Liquido para Roupas,3,Estufa 40C,60,9.5,1.018,-0.732,0.0,1.464,1.22,0,"liquido homogeneo, sem alteracao",1,"levemente diferente do padrao, conforme",True,caracteristico do produto,,False
DLR-2503-246,Detergente Liquido para Roupas,3,Estufa 40C,90,9.42,1.024,-1.098,0.0,2.196,1.828,0,"liquido homogeneo, levemente opalescente",2,perceptivelmente mais escura que o padrao,True,caracteristico do produto,,False
DLR-2503-246,Detergente Liquido para Roupas,3,Geladeira 5C,7,9.67,1.015,-0.002,0.0,0.004,0.003,0,"liquido homogeneo, limpido",0,conforme padrao,True,caracteristico do produto,,False
DLR-2503-246,Detergente Liquido para Roupas,3,Geladeira 5C,15,9.66,1.015,-0.004,0.0,0.008,0.006,0,"liquido homogeneo, levemente opalescente",0,conforme padrao,True,caracteristico,,False
DLR-2503-246,Detergente Liquido para Roupas,3,Geladeira 5C,30,9.65,1.013,-0.008,0.0,0.015,0.013,0,"liquido homogeneo, sem alteracao",0,conforme padrao,True,caracteristico do produto,,False
DLR-2503-246,Detergente Liquido para Roupas,3,Geladeira 5C,60,9.64,1.017,-0.015,0.0,0.031,0.026,0,"liquido homogeneo, levemente opalescente",0,conforme padrao,True,caracteristico,,False
DLR-2503-246,Detergente Liquido para Roupas,3,Geladeira 5C,90,9.6,1.015,-0.023,0.0,0.046,0.038,0,"liquido homogeneo, sem alteracao",0,conforme padrao,True,caracteristico,,False
DLR-2503-246,Detergente Liquido para Roupas,3,Luz Solar,7,9.67,1.016,-0.281,0.0,0.873,0.691,0,"liquido homogeneo, levemente opalescente",0,conforme padrao,True,caracteristico,,False
DLR-2503-246,Detergente Liquido para Roupas,3,Luz Solar,15,9.62,1.015,-0.565,0.0,1.719,1.362,0,"liquido homogeneo, levemente opalescente",1,"levemente diferente do padrao, conforme",True,caracteristico do produto,,False
DLR-2503-246,Detergente Liquido para Roupas,3,Luz Solar,30,9.61,1.013,-1.012,0.0,2.961,2.349,0,"liquido homogeneo, levemente opalescente",2,perceptivelmente mais escura que o padrao,True,caracteristico,,False
DLR-2503-246,Detergente Liquido para Roupas,3,Luz Solar,60,9.56,1.015,-1.654,0.0,4.546,3.611,0,"liquido homogeneo, sem alteracao",3,amarelada em relacao ao padrao,True,caracteristico do produto,,False
DLR-2503-246,Detergente Liquido para Roupas,3,Luz Solar,90,9.53,1.018,-2.082,0.0,5.457,4.342,0,"liquido homogeneo, sem alteracao",3,amarelada em relacao ao padrao,True,caracteristico do produto,,False
DLR-2503-248,Detergente Liquido para Roupas,3,Ambiente Escuro 25C,7,10.22,1.021,-0.018,0.0,0.036,0.031,1,"homogeneo, leve turvacao em relacao ao padrao",0,conforme padrao,True,caracteristico do produto,,False
DLR-2503-248,Detergente Liquido para Roupas,3,Ambiente Escuro 25C,15,10.14,1.024,-0.039,0.0,0.078,0.066,1,liquido homogeneo com leve pelicula na superficie,0,conforme padrao,True,caracteristico,,False
DLR-2503-248,Detergente Liquido para Roupas,3,Ambiente Escuro 25C,30,10.14,1.026,-0.078,0.0,0.156,0.132,1,liquido homogeneo com leve pelicula na superficie,0,conforme padrao,True,caracteristico do produto,,False
DLR-2503-248,Detergente Liquido para Roupas,3,Ambiente Escuro 25C,60,10.14,1.025,-0.156,0.0,0.312,0.264,1,"homogeneo, leve turvacao em relacao ao padrao",0,conforme padrao,True,caracteristico do produto,,False
DLR-2503-248,Detergente Liquido para Roupas,3,Ambiente Escuro 25C,90,10.13,1.024,-0.234,0.0,0.468,0.396,1,"homogeneo, leve turvacao em relacao ao padrao",0,conforme padrao,True,caracteristico do produto,,False
DLR-2503-248,Detergente Liquido para Roupas,3,Estufa 40C,7,10.09,1.025,-0.085,0.0,0.171,0.144,2,"leve cremeacao na superficie, porem conforme",0,conforme padrao,True,caracteristico do produto,,False
DLR-2503-248,Detergente Liquido para Roupas,3,Estufa 40C,15,10.12,1.021,-0.183,0.0,0.366,0.309,1,"homogeneo, leve turvacao em relacao ao padrao",0,conforme padrao,True,caracteristico,,False
DLR-2503-248,Detergente Liquido para Roupas,3,Estufa 40C,30,10.01,1.022,-0.366,0.0,0.732,0.618,1,liquido homogeneo com leve pelicula na superficie,0,conforme padrao,True,caracteristico,,False
DLR-2503-248,Detergente Liquido para Roupas,3,Estufa 40C,60,9.91,1.026,-0.732,0.0,1.464,1.234,1,"homogeneo, leve turvacao em relacao ao padrao",1,"levemente diferente do padrao, conforme",True,caracteristico do produto,,False
DLR-2503-248,Detergente Liquido para Roupas,3,Estufa 40C,90,9.73,1.027,-1.098,0.0,2.196,1.847,2,"leve cremeacao na superficie, porem conforme",2,perceptivelmente mais escura que o padrao,True,caracteristico,,False
DLR-2503-248,Detergente Liquido para Roupas,3,Geladeira 5C,7,10.18,1.023,-0.002,0.0,0.004,0.003,1,"homogeneo, leve turvacao em relacao ao padrao",0,conforme padrao,True,caracteristico do produto,,False
DLR-2503-248,Detergente Liquido para Roupas,3,Geladeira 5C,15,10.22,1.023,-0.004,0.0,0.008,0.006,1,liquido homogeneo com leve pelicula na superficie,0,conforme padrao,True,caracteristico,,False
DLR-2503-248,Detergente Liquido para Roupas,3,Geladeira 5C,30,10.18,1.023,-0.008,0.0,0.015,0.013,1,"homogeneo, leve turvacao em relacao ao padrao",0,conforme padrao,True,caracteristico do produto,,False
DLR-2503-248,Detergente Liquido para Roupas,3,Geladeira 5C,60,10.18,1.021,-0.015,0.0,0.031,0.026,2,"cremeacao visivel na superficie, reversivel a agitacao",0,conforme padrao,True,caracteristico,,False
DLR-2503-248,Detergente Liquido para Roupas,3,Geladeira 5C,90,10.18,1.025,-0.023,0.0,0.046,0.039,1,liquido homogeneo com leve pelicula na superficie,0,conforme padrao,True,caracteristico do produto,,False
DLR-2503-248,Detergente Liquido para Roupas,3,Luz Solar,7,10.17,1.023,-0.281,0.0,0.873,0.701,1,"homogeneo, leve turvacao em relacao ao padrao",0,conforme padrao,True,caracteristico do produto,,False
DLR-2503-248,Detergente Liquido para Roupas,3,Luz Solar,15,10.16,1.021,-0.565,0.0,1.719,1.378,1,"homogeneo, leve turvacao em relacao ao padrao",1,"levemente diferente do padrao, conforme",True,caracteristico,,False
DLR-2503-248,Detergente Liquido para Roupas,3,Luz Solar,30,10.12,1.023,-1.012,0.0,2.961,2.37,1,liquido homogeneo com leve pelicula na superficie,2,perceptivelmente mais escura que o padrao,True,caracteristico do produto,,False
DLR-2503-248,Detergente Liquido para Roupas,3,Luz Solar,60,10.09,1.023,-1.654,0.0,4.546,3.63,1,"homogeneo, leve turvacao em relacao ao padrao",3,amarelada em relacao ao padrao,True,caracteristico do produto,,False
DLR-2503-248,Detergente Liquido para Roupas,3,Luz Solar,90,10.1,1.025,-2.082,0.0,5.457,4.357,1,liquido homogeneo com leve pelicula na superficie,3,amarelada em relacao ao padrao,True,caracteristico do produto,,False
DLL-2503-249,Detergente Liquido Lava-Loucas,3,Ambiente Escuro 25C,7,7.65,1.026,-0.017,0.0,0.034,0.019,1,liquido homogeneo com leve pelicula na superficie,0,conforme padrao,True,caracteristico,,False
DLL-2503-249,Detergente Liquido Lava-Loucas,3,Ambiente Escuro 25C,15,7.63,1.028,-0.036,0.0,0.072,0.041,0,"liquido homogeneo, sem alteracao",0,conforme padrao,True,caracteristico do produto,,False
DLL-2503-249,Detergente Liquido Lava-Loucas,3,Ambiente Escuro 25C,30,7.62,1.032,-0.072,0.0,0.144,0.081,1,"homogeneo, leve turvacao em relacao ao padrao",0,conforme padrao,True,caracteristico do produto,,False
DLL-2503-249,Detergente Liquido Lava-Loucas,3,Ambiente Escuro 25C,60,7.63,1.029,-0.144,0.0,0.288,0.162,1,liquido homogeneo com leve pelicula na superficie,0,conforme padrao,True,caracteristico do produto,,False
DLL-2503-249,Detergente Liquido Lava-Loucas,3,Ambiente Escuro 25C,90,7.56,1.031,-0.216,0.0,0.432,0.243,1,"homogeneo, leve turvacao em relacao ao padrao",0,conforme padrao,True,caracteristico do produto,,False
DLL-2503-249,Detergente Liquido Lava-Loucas,3,Estufa 40C,7,7.64,1.027,-0.079,0.0,0.158,0.089,1,liquido homogeneo com leve pelicula na superficie,0,conforme padrao,False,"caracteristico, porem alterado",odor alterado,True
DLL-2503-249,Detergente Liquido Lava-Loucas,3,Estufa 40C,15,7.64,1.025,-0.169,0.0,0.338,0.19,0,"liquido homogeneo, levemente opalescente",0,conforme padrao,True,caracteristico,,False
DLL-2503-249,Detergente Liquido Lava-Loucas,3,Estufa 40C,30,7.56,1.026,-0.338,0.0,0.676,0.379,1,"homogeneo, leve turvacao em relacao ao padrao",0,conforme padrao,True,caracteristico do produto,,False
DLL-2503-249,Detergente Liquido Lava-Loucas,3,Estufa 40C,60,7.4,1.032,-0.676,0.0,1.351,0.755,1,liquido homogeneo com leve pelicula na superficie,0,conforme padrao,False,"caracteristico, porem alterado",odor alterado,True
DLL-2503-249,Detergente Liquido Lava-Loucas,3,Estufa 40C,90,7.41,1.032,-1.014,0.0,2.027,1.128,1,"homogeneo, leve turvacao em relacao ao padrao",1,"levemente diferente do padrao, conforme",True,caracteristico,,False
DLL-2503-249,Detergente Liquido Lava-Loucas,3,Geladeira 5C,7,7.67,1.028,-0.002,0.0,0.003,0.002,1,"homogeneo, leve turvacao em relacao ao padrao",0,conforme padrao,True,caracteristico,,False
DLL-2503-249,Detergente Liquido Lava-Loucas,3,Geladeira 5C,15,7.65,1.028,-0.004,0.0,0.007,0.004,0,"liquido homogeneo, levemente opalescente",0,conforme padrao,True,caracteristico,,False
DLL-2503-249,Detergente Liquido Lava-Loucas,3,Geladeira 5C,30,7.6,1.025,-0.007,0.0,0.014,0.008,1,"homogeneo, leve turvacao em relacao ao padrao",0,conforme padrao,True,caracteristico,,False
DLL-2503-249,Detergente Liquido Lava-Loucas,3,Geladeira 5C,60,7.68,1.027,-0.014,0.0,0.028,0.016,1,liquido homogeneo com leve pelicula na superficie,0,conforme padrao,True,caracteristico do produto,,False
DLL-2503-249,Detergente Liquido Lava-Loucas,3,Geladeira 5C,90,7.66,1.028,-0.021,0.0,0.042,0.024,1,"homogeneo, leve turvacao em relacao ao padrao",0,conforme padrao,True,caracteristico do produto,,False
DLL-2503-249,Detergente Liquido Lava-Loucas,3,Luz Solar,7,7.66,1.027,-0.256,0.0,0.794,0.4,0,"liquido homogeneo, levemente opalescente",0,conforme padrao,True,caracteristico,,False
DLL-2503-249,Detergente Liquido Lava-Loucas,3,Luz Solar,15,7.64,1.031,-0.515,0.0,1.564,0.787,1,liquido homogeneo com leve pelicula na superficie,0,conforme padrao,True,caracteristico,,False
DLL-2503-249,Detergente Liquido Lava-Loucas,3,Luz Solar,30,7.62,1.03,-0.921,0.0,2.695,1.352,1,liquido homogeneo com leve pelicula na superficie,1,"levemente diferente do padrao, conforme",True,caracteristico,,False
DLL-2503-249,Detergente Liquido Lava-Loucas,3,Luz Solar,60,7.6,1.029,-1.507,0.0,4.14,2.081,0,"liquido homogeneo, levemente opalescente",2,perceptivelmente mais escura que o padrao,True,caracteristico do produto,,False
DLL-2503-249,Detergente Liquido Lava-Loucas,3,Luz Solar,90,7.55,1.031,-1.898,0.0,4.972,2.511,1,"homogeneo, leve turvacao em relacao ao padrao",2,perceptivelmente mais escura que o padrao,True,caracteristico do produto,,False
LMU-2503-250,Limpador Multiuso Alcalino,3,Ambiente Escuro 25C,7,10.05,1.018,-0.021,0.0,0.042,0.03,0,"liquido homogeneo, sem alteracao",0,conforme padrao,True,caracteristico do produto,,False
LMU-2503-250,Limpador Multiuso Alcalino,3,Ambiente Escuro 25C,15,10.04,1.016,-0.045,0.0,0.09,0.064,0,"liquido homogeneo, sem alteracao",0,conforme padrao,True,caracteristico do produto,,False
LMU-2503-250,Limpador Multiuso Alcalino,3,Ambiente Escuro 25C,30,10.01,1.013,-0.09,0.0,0.18,0.128,0,"liquido homogeneo, levemente opalescente",0,conforme padrao,True,caracteristico,,False
LMU-2503-250,Limpador Multiuso Alcalino,3,Ambiente Escuro 25C,60,10.01,1.017,-0.18,0.0,0.36,0.256,0,"liquido homogeneo, sem alteracao",0,conforme padrao,True,caracteristico,,False
LMU-2503-250,Limpador Multiuso Alcalino,3,Ambiente Escuro 25C,90,9.96,1.016,-0.27,0.0,0.54,0.384,0,"liquido homogeneo, levemente opalescente",0,conforme padrao,True,caracteristico do produto,,False
LMU-2503-250,Limpador Multiuso Alcalino,3,Estufa 40C,7,10.01,1.015,-0.099,0.0,0.197,0.14,0,"liquido homogeneo, levemente opalescente",0,conforme padrao,True,caracteristico do produto,,False
LMU-2503-250,Limpador Multiuso Alcalino,3,Estufa 40C,15,9.95,1.016,-0.211,0.0,0.422,0.3,0,"liquido homogeneo, limpido",0,conforme padrao,True,caracteristico do produto,,False
LMU-2503-250,Limpador Multiuso Alcalino,3,Estufa 40C,30,9.92,1.014,-0.422,0.0,0.845,0.599,0,"liquido homogeneo, limpido",0,conforme padrao,True,caracteristico,,False
LMU-2503-250,Limpador Multiuso Alcalino,3,Estufa 40C,60,9.73,1.017,-0.845,0.0,1.689,1.194,0,"liquido homogeneo, limpido",1,"levemente diferente do padrao, conforme",True,caracteristico,,False
LMU-2503-250,Limpador Multiuso Alcalino,3,Estufa 40C,90,9.66,1.019,-1.267,0.0,2.534,1.783,0,"liquido homogeneo, levemente opalescente",2,perceptivelmente mais escura que o padrao,True,caracteristico,,False
LMU-2503-250,Limpador Multiuso Alcalino,3,Geladeira 5C,7,10.05,1.018,-0.002,0.0,0.004,0.003,0,"liquido homogeneo, sem alteracao",0,conforme padrao,True,caracteristico,,False
LMU-2503-250,Limpador Multiuso Alcalino,3,Geladeira 5C,15,10.05,1.017,-0.004,0.0,0.009,0.006,0,"liquido homogeneo, sem alteracao",0,conforme padrao,True,caracteristico do produto,,False
LMU-2503-250,Limpador Multiuso Alcalino,3,Geladeira 5C,30,10.02,1.016,-0.009,0.0,0.018,0.013,0,"liquido homogeneo, sem alteracao",0,conforme padrao,True,caracteristico,,False
LMU-2503-250,Limpador Multiuso Alcalino,3,Geladeira 5C,60,9.98,1.016,-0.018,0.0,0.035,0.025,0,"liquido homogeneo, sem alteracao",0,conforme padrao,True,caracteristico,,False
LMU-2503-250,Limpador Multiuso Alcalino,3,Geladeira 5C,90,10.05,1.015,-0.027,0.0,0.053,0.038,0,"liquido homogeneo, sem alteracao",0,conforme padrao,True,caracteristico do produto,,False
LMU-2503-250,Limpador Multiuso Alcalino,3,Luz Solar,7,10.02,1.016,-0.32,0.0,0.993,0.642,0,"liquido homogeneo, limpido",0,conforme padrao,True,caracteristico do produto,,False
LMU-2503-250,Limpador Multiuso Alcalino,3,Luz Solar,15,10.05,1.016,-0.644,0.0,1.955,1.261,0,"liquido homogeneo, sem alteracao",1,"levemente diferente do padrao, conforme",True,caracteristico,,False
LMU-2503-250,Limpador Multiuso Alcalino,3,Luz Solar,30,9.94,1.016,-1.152,0.0,3.369,2.166,0,"liquido homogeneo, levemente opalescente",2,perceptivelmente mais escura que o padrao,True,caracteristico do produto,,False
LMU-2503-250,Limpador Multiuso Alcalino,3,Luz Solar,60,9.95,1.015,-1.884,0.0,5.175,3.326,0,"liquido homogeneo, limpido",3,amarelada em relacao ao padrao,True,caracteristico do produto,,False
LMU-2503-250,Limpador Multiuso Alcalino,3,Luz Solar,90,9.88,1.016,-2.372,0.0,6.216,4.009,0,"liquido homogeneo, sem alteracao",3,amarelada em relacao ao padrao,True,caracteristico,,False
ALV-2503-251,Alvejante Liquido sem Cloro,3,Ambiente Escuro 25C,7,4.04,1.033,-0.014,0.0,0.028,0.025,0,"liquido homogeneo, levemente opalescente",0,conforme padrao,True,caracteristico,,False
ALV-2503-251,Alvejante Liquido sem Cloro,3,Ambiente Escuro 25C,15,4.03,1.035,-0.03,0.0,0.06,0.055,0,"liquido homogeneo, limpido",0,conforme padrao,True,caracteristico,,False
ALV-2503-251,Alvejante Liquido sem Cloro,3,Ambiente Escuro 25C,30,4.08,1.039,-0.06,0.0,0.12,0.109,0,"liquido homogeneo, sem alteracao",0,conforme padrao,True,caracteristico do produto,,False
ALV-2503-251,Alvejante Liquido sem Cloro,3,Ambiente Escuro 25C,60,4.05,1.036,-0.12,0.0,0.24,0.218,0,"liquido homogeneo, sem alteracao",0,conforme padrao,True,caracteristico do produto,,False
ALV-2503-251,Alvejante Liquido sem Cloro,3,Ambiente Escuro 25C,90,3.91,1.035,-0.18,0.0,0.36,0.326,0,"liquido homogeneo, sem alteracao",0,conforme padrao,True,caracteristico do produto,,False
ALV-2503-251,Alvejante Liquido sem Cloro,3,Estufa 40C,7,4.03,1.037,-0.066,0.0,0.131,0.119,0,"liquido homogeneo, sem alteracao",0,conforme padrao,True,caracteristico,,False
ALV-2503-251,Alvejante Liquido sem Cloro,3,Estufa 40C,15,4.0,1.037,-0.141,0.0,0.282,0.255,0,"liquido homogeneo, limpido",0,conforme padrao,True,caracteristico,,False
ALV-2503-251,Alvejante Liquido sem Cloro,3,Estufa 40C,30,3.93,1.039,-0.282,0.0,0.563,0.508,0,"liquido homogeneo, levemente opalescente",0,conforme padrao,True,caracteristico,,False
ALV-2503-251,Alvejante Liquido sem Cloro,3,Estufa 40C,60,3.78,1.041,-0.563,0.0,1.126,1.007,0,"liquido homogeneo, limpido",1,"levemente diferente do padrao, conforme",True,caracteristico do produto,,False
ALV-2503-251,Alvejante Liquido sem Cloro,3,Estufa 40C,90,3.6,1.045,-0.845,0.0,1.689,1.496,0,"liquido homogeneo, limpido",1,"levemente diferente do padrao, conforme",True,caracteristico do produto,,False
ALV-2503-251,Alvejante Liquido sem Cloro,3,Geladeira 5C,7,4.0,1.038,-0.001,0.0,0.003,0.003,0,"liquido homogeneo, sem alteracao",0,conforme padrao,True,caracteristico do produto,,False
ALV-2503-251,Alvejante Liquido sem Cloro,3,Geladeira 5C,15,4.06,1.036,-0.003,0.0,0.006,0.005,0,"liquido homogeneo, levemente opalescente",0,conforme padrao,True,caracteristico,,False
ALV-2503-251,Alvejante Liquido sem Cloro,3,Geladeira 5C,30,4.03,1.035,-0.006,0.0,0.012,0.011,0,"liquido homogeneo, sem alteracao",0,conforme padrao,True,caracteristico do produto,,False
ALV-2503-251,Alvejante Liquido sem Cloro,3,Geladeira 5C,60,4.07,1.038,-0.012,0.0,0.024,0.021,0,"liquido homogeneo, levemente opalescente",0,conforme padrao,True,caracteristico,,False
ALV-2503-251,Alvejante Liquido sem Cloro,3,Geladeira 5C,90,4.06,1.035,-0.018,0.0,0.035,0.032,0,"liquido homogeneo, limpido",0,conforme padrao,True,caracteristico,,False
ALV-2503-251,Alvejante Liquido sem Cloro,3,Luz Solar,7,4.03,1.037,-0.376,0.0,1.19,1.024,0,"liquido homogeneo, sem alteracao",1,"levemente diferente do padrao, conforme",True,caracteristico do produto,,False
ALV-2503-251,Alvejante Liquido sem Cloro,3,Luz Solar,15,4.05,1.038,-0.754,0.0,2.337,1.974,0,"liquido homogeneo, limpido",2,perceptivelmente mais escura que o padrao,True,caracteristico,,False
ALV-2503-251,Alvejante Liquido sem Cloro,3,Luz Solar,30,3.98,1.036,-1.34,0.0,4.002,3.293,0,"liquido homogeneo, sem alteracao",3,amarelada em relacao ao padrao,True,caracteristico,,False
ALV-2503-251,Alvejante Liquido sem Cloro,3,Luz Solar,60,3.94,1.04,-2.16,0.0,6.066,4.847,0,"liquido homogeneo, limpido",3,amarelada em relacao ao padrao,True,caracteristico do produto,,False
ALV-2503-251,Alvejante Liquido sem Cloro,3,Luz Solar,90,3.9,1.041,-2.678,0.0,7.18,5.66,0,"liquido homogeneo, sem alteracao",3,amarelada em relacao ao padrao,True,caracteristico,,False
DLR-2503-252,Detergente Liquido para Roupas,3,Ambiente Escuro 25C,7,9.65,1.028,-0.018,0.0,0.036,0.03,1,"homogeneo, leve turvacao em relacao ao padrao",0,conforme padrao,True,caracteristico do produto,,False
DLR-2503-252,Detergente Liquido para Roupas,3,Ambiente Escuro 25C,15,9.67,1.029,-0.039,0.0,0.078,0.065,1,liquido homogeneo com leve pelicula na superficie,0,conforme padrao,True,caracteristico,,False
DLR-2503-252,Detergente Liquido para Roupas,3,Ambiente Escuro 25C,30,9.63,1.027,-0.078,0.0,0.156,0.13,2,"leve cremeacao na superficie, porem conforme",0,conforme padrao,True,caracteristico,,False
DLR-2503-252,Detergente Liquido para Roupas,3,Ambiente Escuro 25C,60,9.62,1.026,-0.156,0.0,0.312,0.261,1,liquido homogeneo com leve pelicula na superficie,0,conforme padrao,True,caracteristico,,False
DLR-2503-252,Detergente Liquido para Roupas,3,Ambiente Escuro 25C,90,9.62,1.029,-0.234,0.0,0.468,0.391,1,"homogeneo, leve turvacao em relacao ao padrao",0,conforme padrao,True,caracteristico do produto,,False
DLR-2503-252,Detergente Liquido para Roupas,3,Estufa 40C,7,9.58,1.028,-0.085,0.0,0.171,0.143,2,"leve cremeacao na superficie, porem conforme",0,conforme padrao,True,caracteristico,,False
DLR-2503-252,Detergente Liquido para Roupas,3,Estufa 40C,15,9.59,1.029,-0.183,0.0,0.366,0.306,1,"homogeneo, leve turvacao em relacao ao padrao",0,conforme padrao,True,caracteristico,,False
DLR-2503-252,Detergente Liquido para Roupas,3,Estufa 40C,30,9.57,1.028,-0.366,0.0,0.732,0.612,1,"homogeneo, leve turvacao em relacao ao padrao",0,conforme padrao,True,caracteristico,,False
DLR-2503-252,Detergente Liquido para Roupas,3,Estufa 40C,60,9.37,1.028,-0.732,0.0,1.464,1.223,1,"homogeneo, leve turvacao em relacao ao padrao",1,"levemente diferente do padrao, conforme",True,caracteristico do produto,,False
DLR-2503-252,Detergente Liquido para Roupas,3,Estufa 40C,90,9.3,1.033,-1.098,0.0,2.196,1.833,2,"leve cremeacao na superficie, porem conforme",2,perceptivelmente mais escura que o padrao,True,caracteristico,,False
DLR-2503-252,Detergente Liquido para Roupas,3,Geladeira 5C,7,9.65,1.027,-0.002,0.0,0.004,0.003,1,"homogeneo, leve turvacao em relacao ao padrao",0,conforme padrao,True,caracteristico,,False
DLR-2503-252,Detergente Liquido para Roupas,3,Geladeira 5C,15,9.65,1.026,-0.004,0.0,0.008,0.006,1,liquido homogeneo com leve pelicula na superficie,0,conforme padrao,True,caracteristico,,False
DLR-2503-252,Detergente Liquido para Roupas,3,Geladeira 5C,30,9.64,1.028,-0.008,0.0,0.015,0.013,1,liquido homogeneo com leve pelicula na superficie,0,conforme padrao,True,caracteristico,,False
DLR-2503-252,Detergente Liquido para Roupas,3,Geladeira 5C,60,9.67,1.026,-0.015,0.0,0.031,0.026,1,liquido homogeneo com leve pelicula na superficie,0,conforme padrao,True,caracteristico,,False
DLR-2503-252,Detergente Liquido para Roupas,3,Geladeira 5C,90,9.61,1.025,-0.023,0.0,0.046,0.038,1,liquido homogeneo com leve pelicula na superficie,0,conforme padrao,True,caracteristico do produto,,False
DLR-2503-252,Detergente Liquido para Roupas,3,Luz Solar,7,9.63,1.027,-0.281,0.0,0.873,0.694,2,"leve cremeacao na superficie, porem conforme",0,conforme padrao,True,caracteristico,,False
DLR-2503-252,Detergente Liquido para Roupas,3,Luz Solar,15,9.64,1.031,-0.565,0.0,1.719,1.367,1,"homogeneo, leve turvacao em relacao ao padrao",1,"levemente diferente do padrao, conforme",True,caracteristico,,False
DLR-2503-252,Detergente Liquido para Roupas,3,Luz Solar,30,9.61,1.029,-1.012,0.0,2.961,2.357,1,liquido homogeneo com leve pelicula na superficie,2,perceptivelmente mais escura que o padrao,True,caracteristico do produto,,False
DLR-2503-252,Detergente Liquido para Roupas,3,Luz Solar,60,9.6,1.027,-1.654,0.0,4.546,3.623,1,"homogeneo, leve turvacao em relacao ao padrao",3,amarelada em relacao ao padrao,True,caracteristico do produto,,False
DLR-2503-252,Detergente Liquido para Roupas,3,Luz Solar,90,9.54,1.029,-2.082,0.0,5.457,4.356,1,liquido homogeneo com leve pelicula na superficie,3,amarelada em relacao ao padrao,True,caracteristico do produto,,False
LMU-2503-254,Limpador Multiuso Alcalino,3,Ambiente Escuro 25C,7,9.92,1.011,-0.021,0.0,0.042,0.03,0,"liquido homogeneo, limpido",0,conforme padrao,True,caracteristico,,False
LMU-2503-254,Limpador Multiuso Alcalino,3,Ambiente Escuro 25C,15,9.96,1.01,-0.045,0.0,0.09,0.065,1,"homogeneo, leve turvacao em relacao ao padrao",0,conforme padrao,True,caracteristico,,False
LMU-2503-254,Limpador Multiuso Alcalino,3,Ambiente Escuro 25C,30,9.9,1.013,-0.09,0.0,0.18,0.13,1,liquido homogeneo com leve pelicula na superficie,0,conforme padrao,True,caracteristico,,False
LMU-2503-254,Limpador Multiuso Alcalino,3,Ambiente Escuro 25C,60,9.83,1.011,-0.18,0.0,0.36,0.26,1,liquido homogeneo com leve pelicula na superficie,0,conforme padrao,True,caracteristico do produto,,False
LMU-2503-254,Limpador Multiuso Alcalino,3,Ambiente Escuro 25C,90,9.9,1.012,-0.27,0.0,0.54,0.389,1,liquido homogeneo com leve pelicula na superficie,0,conforme padrao,True,caracteristico,,False
LMU-2503-254,Limpador Multiuso Alcalino,3,Estufa 40C,7,9.92,1.009,-0.099,0.0,0.197,0.142,0,"liquido homogeneo, limpido",0,conforme padrao,True,caracteristico,,False
LMU-2503-254,Limpador Multiuso Alcalino,3,Estufa 40C,15,9.89,1.011,-0.211,0.0,0.422,0.305,1,liquido homogeneo com leve pelicula na superficie,0,conforme padrao,True,caracteristico,,False
LMU-2503-254,Limpador Multiuso Alcalino,3,Estufa 40C,30,9.75,1.013,-0.422,0.0,0.845,0.608,1,liquido homogeneo com leve pelicula na superficie,0,conforme padrao,True,caracteristico,,False
LMU-2503-254,Limpador Multiuso Alcalino,3,Estufa 40C,60,9.63,1.014,-0.845,0.0,1.689,1.21,1,"homogeneo, leve turvacao em relacao ao padrao",1,"levemente diferente do padrao, conforme",True,caracteristico do produto,,False
LMU-2503-254,Limpador Multiuso Alcalino,3,Estufa 40C,90,9.47,1.016,-1.267,0.0,2.534,1.808,0,"liquido homogeneo, sem alteracao",2,perceptivelmente mais escura que o padrao,True,caracteristico do produto,pH fora de faixa,True
LMU-2503-254,Limpador Multiuso Alcalino,3,Geladeira 5C,7,9.9,1.011,-0.002,0.0,0.004,0.003,1,liquido homogeneo com leve pelicula na superficie,0,conforme padrao,True,caracteristico,,False
LMU-2503-254,Limpador Multiuso Alcalino,3,Geladeira 5C,15,9.88,1.01,-0.004,0.0,0.009,0.006,1,liquido homogeneo com leve pelicula na superficie,0,conforme padrao,True,caracteristico,,False
LMU-2503-254,Limpador Multiuso Alcalino,3,Geladeira 5C,30,9.95,1.009,-0.009,0.0,0.018,0.013,1,"homogeneo, leve turvacao em relacao ao padrao",0,conforme padrao,True,caracteristico,,False
LMU-2503-254,Limpador Multiuso Alcalino,3,Geladeira 5C,60,9.93,1.01,-0.018,0.0,0.035,0.026,1,"homogeneo, leve turvacao em relacao ao padrao",0,conforme padrao,True,caracteristico,,False
LMU-2503-254,Limpador Multiuso Alcalino,3,Geladeira 5C,90,9.86,1.01,-0.027,0.0,0.053,0.038,1,liquido homogeneo com leve pelicula na superficie,0,conforme padrao,True,caracteristico,,False
LMU-2503-254,Limpador Multiuso Alcalino,3,Luz Solar,7,9.93,1.013,-0.32,0.0,0.993,0.653,1,"homogeneo, leve turvacao em relacao ao padrao",0,conforme padrao,True,caracteristico,,False
LMU-2503-254,Limpador Multiuso Alcalino,3,Luz Solar,15,9.92,1.01,-0.644,0.0,1.955,1.282,1,liquido homogeneo com leve pelicula na superficie,1,"levemente diferente do padrao, conforme",True,caracteristico do produto,,False
LMU-2503-254,Limpador Multiuso Alcalino,3,Luz Solar,30,9.9,1.01,-1.152,0.0,3.369,2.202,1,"homogeneo, leve turvacao em relacao ao padrao",2,perceptivelmente mais escura que o padrao,True,caracteristico do produto,,False
LMU-2503-254,Limpador Multiuso Alcalino,3,Luz Solar,60,9.82,1.011,-1.884,0.0,5.175,3.38,1,liquido homogeneo com leve pelicula na superficie,3,amarelada em relacao ao padrao,True,caracteristico do produto,,False
LMU-2503-254,Limpador Multiuso Alcalino,3,Luz Solar,90,9.71,1.013,-2.372,0.0,6.216,4.071,1,"homogeneo, leve turvacao em relacao ao padrao",3,amarelada em relacao ao padrao,True,caracteristico,,False
DLL-2503-256,Detergente Liquido Lava-Loucas,3,Ambiente Escuro 25C,7,7.52,1.037,-0.017,0.0,0.034,0.019,2,"leve cremeacao na superficie, porem conforme",0,conforme padrao,True,caracteristico,,False
DLL-2503-256,Detergente Liquido Lava-Loucas,3,Ambiente Escuro 25C,15,7.52,1.035,-0.036,0.0,0.072,0.04,2,"cremeacao visivel na superficie, reversivel a agitacao",0,conforme padrao,True,caracteristico do produto,,False
DLL-2503-256,Detergente Liquido Lava-Loucas,3,Ambiente Escuro 25C,30,7.49,1.034,-0.072,0.0,0.144,0.079,2,"leve cremeacao na superficie, porem conforme",0,conforme padrao,True,caracteristico,,False
DLL-2503-256,Detergente Liquido Lava-Loucas,3,Ambiente Escuro 25C,60,7.44,1.035,-0.144,0.0,0.288,0.158,1,liquido homogeneo com leve pelicula na superficie,0,conforme padrao,True,caracteristico do produto,,False
DLL-2503-256,Detergente Liquido Lava-Loucas,3,Ambiente Escuro 25C,90,7.46,1.037,-0.216,0.0,0.432,0.237,2,"leve cremeacao na superficie, porem conforme",0,conforme padrao,True,caracteristico,,False
DLL-2503-256,Detergente Liquido Lava-Loucas,3,Estufa 40C,7,7.52,1.036,-0.079,0.0,0.158,0.087,1,"homogeneo, leve turvacao em relacao ao padrao",0,conforme padrao,True,caracteristico,,False
DLL-2503-256,Detergente Liquido Lava-Loucas,3,Estufa 40C,15,7.45,1.036,-0.169,0.0,0.338,0.186,1,"homogeneo, leve turvacao em relacao ao padrao",0,conforme padrao,True,caracteristico,,False
DLL-2503-256,Detergente Liquido Lava-Loucas,3,Estufa 40C,30,7.44,1.04,-0.338,0.0,0.676,0.371,2,"cremeacao visivel na superficie, reversivel a agitacao",0,conforme padrao,False,"alterado, notas rancosas",odor alterado,True
DLL-2503-256,Detergente Liquido Lava-Loucas,3,Estufa 40C,60,7.28,1.038,-0.676,0.0,1.351,0.738,2,"leve cremeacao na superficie, porem conforme",0,conforme padrao,True,caracteristico,,False
DLL-2503-256,Detergente Liquido Lava-Loucas,3,Estufa 40C,90,7.08,1.042,-1.014,0.0,2.027,1.103,2,"cremeacao visivel na superficie, reversivel a agitacao",1,"levemente diferente do padrao, conforme",True,caracteristico,,False
DLL-2503-256,Detergente Liquido Lava-Loucas,3,Geladeira 5C,7,7.53,1.034,-0.002,0.0,0.003,0.002,1,"homogeneo, leve turvacao em relacao ao padrao",0,conforme padrao,True,caracteristico,,False
DLL-2503-256,Detergente Liquido Lava-Loucas,3,Geladeira 5C,15,7.53,1.034,-0.004,0.0,0.007,0.004,2,"cremeacao visivel na superficie, reversivel a agitacao",0,conforme padrao,True,caracteristico do produto,,False
DLL-2503-256,Detergente Liquido Lava-Loucas,3,Geladeira 5C,30,7.53,1.035,-0.007,0.0,0.014,0.008,1,liquido homogeneo com leve pelicula na superficie,0,conforme padrao,True,caracteristico do produto,,False
DLL-2503-256,Detergente Liquido Lava-Loucas,3,Geladeira 5C,60,7.54,1.038,-0.014,0.0,0.028,0.016,1,"homogeneo, leve turvacao em relacao ao padrao",0,conforme padrao,True,caracteristico,,False
DLL-2503-256,Detergente Liquido Lava-Loucas,3,Geladeira 5C,90,7.52,1.035,-0.021,0.0,0.042,0.023,1,liquido homogeneo com leve pelicula na superficie,0,conforme padrao,True,caracteristico do produto,,False
DLL-2503-256,Detergente Liquido Lava-Loucas,3,Luz Solar,7,7.55,1.033,-0.256,0.0,0.794,0.39,1,"homogeneo, leve turvacao em relacao ao padrao",0,conforme padrao,True,caracteristico,,False
DLL-2503-256,Detergente Liquido Lava-Loucas,3,Luz Solar,15,7.52,1.036,-0.515,0.0,1.564,0.767,1,"homogeneo, leve turvacao em relacao ao padrao",0,conforme padrao,True,caracteristico do produto,,False
DLL-2503-256,Detergente Liquido Lava-Loucas,3,Luz Solar,30,7.47,1.035,-0.921,0.0,2.695,1.319,1,"homogeneo, leve turvacao em relacao ao padrao",1,"levemente diferente do padrao, conforme",True,caracteristico do produto,,False
DLL-2503-256,Detergente Liquido Lava-Loucas,3,Luz Solar,60,7.41,1.035,-1.507,0.0,4.14,2.031,1,"homogeneo, leve turvacao em relacao ao padrao",2,perceptivelmente mais escura que o padrao,True,caracteristico do produto,,False
DLL-2503-256,Detergente Liquido Lava-Loucas,3,Luz Solar,90,7.39,1.036,-1.898,0.0,4.972,2.453,1,liquido homogeneo com leve pelicula na superficie,2,perceptivelmente mais escura que o padrao,True,caracteristico do produto,,False
ALV-2503-257,Alvejante Liquido sem Cloro,3,Ambiente Escuro 25C,7,4.12,1.052,-0.014,0.0,0.028,0.025,0,"liquido homogeneo, levemente opalescente",0,conforme padrao,True,caracteristico do produto,,False
ALV-2503-257,Alvejante Liquido sem Cloro,3,Ambiente Escuro 25C,15,4.11,1.046,-0.03,0.0,0.06,0.054,0,"liquido homogeneo, levemente opalescente",0,conforme padrao,False,"alterado, notas rancosas",odor alterado,True
ALV-2503-257,Alvejante Liquido sem Cloro,3,Ambiente Escuro 25C,30,4.07,1.048,-0.06,0.0,0.12,0.108,0,"liquido homogeneo, limpido",0,conforme padrao,True,caracteristico,,False
ALV-2503-257,Alvejante Liquido sem Cloro,3,Ambiente Escuro 25C,60,4.0,1.05,-0.12,0.0,0.24,0.216,0,"liquido homogeneo, levemente opalescente",0,conforme padrao,True,caracteristico do produto,,False
ALV-2503-257,Alvejante Liquido sem Cloro,3,Ambiente Escuro 25C,90,3.99,1.053,-0.18,0.0,0.36,0.323,0,"liquido homogeneo, levemente opalescente",0,conforme padrao,True,caracteristico,,False
ALV-2503-257,Alvejante Liquido sem Cloro,3,Estufa 40C,7,4.03,1.049,-0.066,0.0,0.131,0.118,0,"liquido homogeneo, limpido",0,conforme padrao,True,caracteristico do produto,,False
ALV-2503-257,Alvejante Liquido sem Cloro,3,Estufa 40C,15,4.01,1.049,-0.141,0.0,0.282,0.253,0,"liquido homogeneo, limpido",0,conforme padrao,True,caracteristico do produto,,False
ALV-2503-257,Alvejante Liquido sem Cloro,3,Estufa 40C,30,3.96,1.051,-0.282,0.0,0.563,0.504,0,"liquido homogeneo, levemente opalescente",0,conforme padrao,True,caracteristico,,False
ALV-2503-257,Alvejante Liquido sem Cloro,3,Estufa 40C,60,3.79,1.052,-0.563,0.0,1.126,0.998,0,"liquido homogeneo, sem alteracao",1,"levemente diferente do padrao, conforme",True,caracteristico,,False
ALV-2503-257,Alvejante Liquido sem Cloro,3,Estufa 40C,90,3.64,1.056,-0.845,0.0,1.689,1.483,0,"liquido homogeneo, sem alteracao",1,"levemente diferente do padrao, conforme",True,caracteristico do produto,,False
ALV-2503-257,Alvejante Liquido sem Cloro,3,Geladeira 5C,7,4.06,1.048,-0.001,0.0,0.003,0.002,0,"liquido homogeneo, limpido",0,conforme padrao,True,caracteristico do produto,,False
ALV-2503-257,Alvejante Liquido sem Cloro,3,Geladeira 5C,15,4.14,1.047,-0.003,0.0,0.006,0.005,0,"liquido homogeneo, levemente opalescente",0,conforme padrao,True,caracteristico do produto,,False
ALV-2503-257,Alvejante Liquido sem Cloro,3,Geladeira 5C,30,4.09,1.048,-0.006,0.0,0.012,0.011,0,"liquido homogeneo, levemente opalescente",0,conforme padrao,True,caracteristico do produto,,False
ALV-2503-257,Alvejante Liquido sem Cloro,3,Geladeira 5C,60,4.09,1.047,-0.012,0.0,0.024,0.021,0,"liquido homogeneo, levemente opalescente",0,conforme padrao,True,caracteristico,,False
ALV-2503-257,Alvejante Liquido sem Cloro,3,Geladeira 5C,90,4.12,1.05,-0.018,0.0,0.035,0.032,0,"liquido homogeneo, levemente opalescente",0,conforme padrao,True,caracteristico,,False
ALV-2503-257,Alvejante Liquido sem Cloro,3,Luz Solar,7,4.13,1.049,-0.376,0.0,1.19,1.015,0,"liquido homogeneo, limpido",1,"levemente diferente do padrao, conforme",True,caracteristico do produto,,False
ALV-2503-257,Alvejante Liquido sem Cloro,3,Luz Solar,15,4.02,1.048,-0.754,0.0,2.337,1.957,0,"liquido homogeneo, sem alteracao",2,perceptivelmente mais escura que o padrao,True,caracteristico do produto,,False
ALV-2503-257,Alvejante Liquido sem Cloro,3,Luz Solar,30,4.03,1.05,-1.34,0.0,4.002,3.265,1,liquido homogeneo com leve pelicula na superficie,3,amarelada em relacao ao padrao,True,caracteristico,,False
ALV-2503-257,Alvejante Liquido sem Cloro,3,Luz Solar,60,3.98,1.051,-2.16,0.0,6.066,4.807,0,"liquido homogeneo, levemente opalescente",3,amarelada em relacao ao padrao,True,caracteristico,,False
ALV-2503-257,Alvejante Liquido sem Cloro,3,Luz Solar,90,3.87,1.051,-2.678,0.0,7.18,5.614,0,"liquido homogeneo, sem alteracao",3,amarelada em relacao ao padrao,True,caracteristico do produto,,False
DES-2503-258,Desinfetante Quaternario Concentrado,3,Ambiente Escuro 25C,7,6.72,1.004,-0.015,0.0,0.031,0.017,0,"liquido homogeneo, sem alteracao",0,conforme padrao,True,caracteristico,,False
DES-2503-258,Desinfetante Quaternario Concentrado,3,Ambiente Escuro 25C,15,6.78,1.002,-0.033,0.0,0.066,0.037,0,"liquido homogeneo, levemente opalescente",0,conforme padrao,True,caracteristico do produto,,False
DES-2503-258,Desinfetante Quaternario Concentrado,3,Ambiente Escuro 25C,30,6.74,1.002,-0.066,0.0,0.132,0.073,0,"liquido homogeneo, sem alteracao",0,conforme padrao,True,caracteristico do produto,,False
DES-2503-258,Desinfetante Quaternario Concentrado,3,Ambiente Escuro 25C,60,6.72,1.006,-0.132,0.0,0.264,0.147,0,"liquido homogeneo, levemente opalescente",0,conforme padrao,True,caracteristico,,False
DES-2503-258,Desinfetante Quaternario Concentrado,3,Ambiente Escuro 25C,90,6.69,1.0,-0.198,0.0,0.396,0.221,0,"liquido homogeneo, limpido",0,conforme padrao,True,caracteristico do produto,,False
DES-2503-258,Desinfetante Quaternario Concentrado,3,Estufa 40C,7,6.78,1.002,-0.072,0.0,0.145,0.08,0,"liquido homogeneo, limpido",0,conforme padrao,True,caracteristico do produto,,False
DES-2503-258,Desinfetante Quaternario Concentrado,3,Estufa 40C,15,6.74,1.003,-0.155,0.0,0.31,0.172,0,"liquido homogeneo, levemente opalescente",0,conforme padrao,True,caracteristico,,False
DES-2503-258,Desinfetante Quaternario Concentrado,3,Estufa 40C,30,6.66,1.004,-0.31,0.0,0.619,0.346,1,liquido homogeneo com leve pelicula na superficie,0,conforme padrao,True,caracteristico do produto,,False
DES-2503-258,Desinfetante Quaternario Concentrado,3,Estufa 40C,60,6.62,1.006,-0.619,0.0,1.239,0.695,0,"liquido homogeneo, limpido",0,conforme padrao,True,caracteristico do produto,,False
DES-2503-258,Desinfetante Quaternario Concentrado,3,Estufa 40C,90,6.53,1.007,-0.929,0.0,1.858,1.048,0,"liquido homogeneo, sem alteracao",1,"levemente diferente do padrao, conforme",True,caracteristico,,False
DES-2503-258,Desinfetante Quaternario Concentrado,3,Geladeira 5C,7,6.71,1.002,-0.002,0.0,0.003,0.002,0,"liquido homogeneo, sem alteracao",0,conforme padrao,True,caracteristico do produto,,False
DES-2503-258,Desinfetante Quaternario Concentrado,3,Geladeira 5C,15,6.72,1.001,-0.003,0.0,0.006,0.004,0,"liquido homogeneo, levemente opalescente",0,conforme padrao,True,caracteristico do produto,,False
DES-2503-258,Desinfetante Quaternario Concentrado,3,Geladeira 5C,30,6.8,1.003,-0.006,0.0,0.013,0.007,0,"liquido homogeneo, levemente opalescente",0,conforme padrao,True,caracteristico do produto,,False
DES-2503-258,Desinfetante Quaternario Concentrado,3,Geladeira 5C,60,6.78,1.002,-0.013,0.0,0.026,0.014,0,"liquido homogeneo, sem alteracao",0,conforme padrao,True,caracteristico do produto,,False
DES-2503-258,Desinfetante Quaternario Concentrado,3,Geladeira 5C,90,6.74,1.003,-0.019,0.0,0.039,0.022,0,"liquido homogeneo, sem alteracao",0,conforme padrao,True,caracteristico do produto,,False
DES-2503-258,Desinfetante Quaternario Concentrado,3,Luz Solar,7,6.74,1.002,-0.344,0.0,1.084,0.495,0,"liquido homogeneo, levemente opalescente",0,conforme padrao,True,caracteristico,,False
DES-2503-258,Desinfetante Quaternario Concentrado,3,Luz Solar,15,6.76,1.002,-0.691,0.0,2.131,0.992,1,liquido homogeneo com leve pelicula na superficie,1,"levemente diferente do padrao, conforme",True,caracteristico do produto,,False
DES-2503-258,Desinfetante Quaternario Concentrado,3,Luz Solar,30,6.72,1.003,-1.231,0.0,3.655,1.755,0,"liquido homogeneo, limpido",2,perceptivelmente mais escura que o padrao,True,caracteristico do produto,,False
DES-2503-258,Desinfetante Quaternario Concentrado,3,Luz Solar,60,6.69,1.007,-1.991,0.0,5.559,2.793,0,"liquido homogeneo, limpido",2,perceptivelmente mais escura que o padrao,True,caracteristico do produto,,False
DES-2503-258,Desinfetante Quaternario Concentrado,3,Luz Solar,90,6.68,1.004,-2.479,0.0,6.606,3.422,0,"liquido homogeneo, sem alteracao",3,amarelada em relacao ao padrao,True,caracteristico,,False
LMU-2503-259,Limpador Multiuso Alcalino,3,Ambiente Escuro 25C,7,9.98,1.008,-0.021,0.0,0.042,0.03,1,liquido homogeneo com leve pelicula na superficie,0,conforme padrao,True,caracteristico do produto,,False
LMU-2503-259,Limpador Multiuso Alcalino,3,Ambiente Escuro 25C,15,9.96,1.009,-0.045,0.0,0.09,0.065,1,liquido homogeneo com leve pelicula na superficie,0,conforme padrao,True,caracteristico do produto,,False
LMU-2503-259,Limpador Multiuso Alcalino,3,Ambiente Escuro 25C,30,10.01,1.009,-0.09,0.0,0.18,0.129,1,liquido homogeneo com leve pelicula na superficie,0,conforme padrao,True,caracteristico,,False
LMU-2503-259,Limpador Multiuso Alcalino,3,Ambiente Escuro 25C,60,9.94,1.01,-0.18,0.0,0.36,0.258,1,"homogeneo, leve turvacao em relacao ao padrao",0,conforme padrao,True,caracteristico,,False
LMU-2503-259,Limpador Multiuso Alcalino,3,Ambiente Escuro 25C,90,9.93,1.012,-0.27,0.0,0.54,0.387,1,"homogeneo, leve turvacao em relacao ao padrao",0,conforme padrao,True,caracteristico,,False
LMU-2503-259,Limpador Multiuso Alcalino,3,Estufa 40C,7,9.94,1.011,-0.099,0.0,0.197,0.141,1,"homogeneo, leve turvacao em relacao ao padrao",0,conforme padrao,True,caracteristico do produto,,False
LMU-2503-259,Limpador Multiuso Alcalino,3,Estufa 40C,15,9.9,1.011,-0.211,0.0,0.422,0.303,1,"homogeneo, leve turvacao em relacao ao padrao",0,conforme padrao,True,caracteristico do produto,,False
LMU-2503-259,Limpador Multiuso Alcalino,3,Estufa 40C,30,9.83,1.011,-0.422,0.0,0.845,0.604,1,"homogeneo, leve turvacao em relacao ao padrao",0,conforme padrao,True,caracteristico,,False
LMU-2503-259,Limpador Multiuso Alcalino,3,Estufa 40C,60,9.62,1.011,-0.845,0.0,1.689,1.203,1,liquido homogeneo com leve pelicula na superficie,1,"levemente diferente do padrao, conforme",True,caracteristico,,False
LMU-2503-259,Limpador Multiuso Alcalino,3,Estufa 40C,90,9.47,1.015,-1.267,0.0,2.534,1.797,1,"homogeneo, leve turvacao em relacao ao padrao",2,perceptivelmente mais escura que o padrao,True,caracteristico,pH fora de faixa,True
LMU-2503-259,Limpador Multiuso Alcalino,3,Geladeira 5C,7,10.05,1.01,-0.002,0.0,0.004,0.003,2,"cremeacao visivel na superficie, reversivel a agitacao",0,conforme padrao,True,caracteristico do produto,,False
LMU-2503-259,Limpador Multiuso Alcalino,3,Geladeira 5C,15,9.98,1.013,-0.004,0.0,0.009,0.006,1,"homogeneo, leve turvacao em relacao ao padrao",0,conforme padrao,True,caracteristico do produto,,False
LMU-2503-259,Limpador Multiuso Alcalino,3,Geladeira 5C,30,10.05,1.009,-0.009,0.0,0.018,0.013,1,"homogeneo, leve turvacao em relacao ao padrao",0,conforme padrao,True,caracteristico do produto,,False
LMU-2503-259,Limpador Multiuso Alcalino,3,Geladeira 5C,60,9.96,1.01,-0.018,0.0,0.035,0.025,1,liquido homogeneo com leve pelicula na superficie,0,conforme padrao,True,caracteristico,,False
LMU-2503-259,Limpador Multiuso Alcalino,3,Geladeira 5C,90,9.96,1.009,-0.027,0.0,0.053,0.038,1,liquido homogeneo com leve pelicula na superficie,0,conforme padrao,True,caracteristico do produto,,False
LMU-2503-259,Limpador Multiuso Alcalino,3,Luz Solar,7,10.03,1.01,-0.32,0.0,0.993,0.649,0,"liquido homogeneo, levemente opalescente",0,conforme padrao,True,caracteristico,,False
LMU-2503-259,Limpador Multiuso Alcalino,3,Luz Solar,15,9.93,1.013,-0.644,0.0,1.955,1.275,1,liquido homogeneo com leve pelicula na superficie,1,"levemente diferente do padrao, conforme",True,caracteristico,,False
LMU-2503-259,Limpador Multiuso Alcalino,3,Luz Solar,30,9.94,1.013,-1.152,0.0,3.369,2.189,1,liquido homogeneo com leve pelicula na superficie,2,perceptivelmente mais escura que o padrao,True,caracteristico,,False
LMU-2503-259,Limpador Multiuso Alcalino,3,Luz Solar,60,9.89,1.012,-1.884,0.0,5.175,3.36,1,"homogeneo, leve turvacao em relacao ao padrao",3,amarelada em relacao ao padrao,True,caracteristico do produto,,False
LMU-2503-259,Limpador Multiuso Alcalino,3,Luz Solar,90,9.84,1.011,-2.372,0.0,6.216,4.047,1,"homogeneo, leve turvacao em relacao ao padrao",3,amarelada em relacao ao padrao,True,caracteristico do produto,,False
DLR-2503-260,Detergente Liquido para Roupas,3,Ambiente Escuro 25C,7,9.78,1.03,-0.018,0.0,0.036,0.03,1,"homogeneo, leve turvacao em relacao ao padrao",0,conforme padrao,True,caracteristico do produto,,False
DLR-2503-260,Detergente Liquido para Roupas,3,Ambiente Escuro 25C,15,9.81,1.026,-0.039,0.0,0.078,0.065,1,liquido homogeneo com leve pelicula na superficie,0,conforme padrao,True,caracteristico,,False
DLR-2503-260,Detergente Liquido para Roupas,3,Ambiente Escuro 25C,30,9.78,1.025,-0.078,0.0,0.156,0.13,1,"homogeneo, leve turvacao em relacao ao padrao",0,conforme padrao,True,caracteristico,,False
DLR-2503-260,Detergente Liquido para Roupas,3,Ambiente Escuro 25C,60,9.76,1.025,-0.156,0.0,0.312,0.26,1,liquido homogeneo com leve pelicula na superficie,0,conforme padrao,True,caracteristico do produto,,False
DLR-2503-260,Detergente Liquido para Roupas,3,Ambiente Escuro 25C,90,9.78,1.028,-0.234,0.0,0.468,0.39,1,"homogeneo, leve turvacao em relacao ao padrao",0,conforme padrao,True,caracteristico,,False
DLR-2503-260,Detergente Liquido para Roupas,3,Estufa 40C,7,9.81,1.026,-0.085,0.0,0.171,0.142,1,liquido homogeneo com leve pelicula na superficie,0,conforme padrao,True,caracteristico,,False
DLR-2503-260,Detergente Liquido para Roupas,3,Estufa 40C,15,9.75,1.027,-0.183,0.0,0.366,0.305,1,"homogeneo, leve turvacao em relacao ao padrao",0,conforme padrao,True,caracteristico,,False
DLR-2503-260,Detergente Liquido para Roupas,3,Estufa 40C,30,9.69,1.026,-0.366,0.0,0.732,0.609,1,"homogeneo, leve turvacao em relacao ao padrao",0,conforme padrao,True,caracteristico,,False
DLR-2503-260,Detergente Liquido para Roupas,3,Estufa 40C,60,9.58,1.028,-0.732,0.0,1.464,1.218,1,liquido homogeneo com leve pelicula na superficie,1,"levemente diferente do padrao, conforme",True,caracteristico,,False
DLR-2503-260,Detergente Liquido para Roupas,3,Estufa 40C,90,9.44,1.033,-1.098,0.0,2.196,1.825,0,"liquido homogeneo, limpido",2,perceptivelmente mais escura que o padrao,True,caracteristico,,False
DLR-2503-260,Detergente Liquido para Roupas,3,Geladeira 5C,7,9.81,1.025,-0.002,0.0,0.004,0.003,1,liquido homogeneo com leve pelicula na superficie,0,conforme padrao,True,caracteristico do produto,,False
DLR-2503-260,Detergente Liquido para Roupas,3,Geladeira 5C,15,9.77,1.026,-0.004,0.0,0.008,0.006,0,"liquido homogeneo, limpido",0,conforme padrao,True,caracteristico do produto,,False
DLR-2503-260,Detergente Liquido para Roupas,3,Geladeira 5C,30,9.76,1.026,-0.008,0.0,0.015,0.013,1,liquido homogeneo com leve pelicula na superficie,0,conforme padrao,True,caracteristico do produto,,False
DLR-2503-260,Detergente Liquido para Roupas,3,Geladeira 5C,60,9.8,1.025,-0.015,0.0,0.031,0.026,1,liquido homogeneo com leve pelicula na superficie,0,conforme padrao,True,caracteristico,,False
DLR-2503-260,Detergente Liquido para Roupas,3,Geladeira 5C,90,9.8,1.027,-0.023,0.0,0.046,0.038,1,liquido homogeneo com leve pelicula na superficie,0,conforme padrao,True,caracteristico do produto,,False
DLR-2503-260,Detergente Liquido para Roupas,3,Luz Solar,7,9.79,1.028,-0.281,0.0,0.873,0.69,1,"homogeneo, leve turvacao em relacao ao padrao",0,conforme padrao,True,caracteristico,,False
DLR-2503-260,Detergente Liquido para Roupas,3,Luz Solar,15,9.73,1.025,-0.565,0.0,1.719,1.36,1,"homogeneo, leve turvacao em relacao ao padrao",1,"levemente diferente do padrao, conforme",True,caracteristico do produto,,False
DLR-2503-260,Detergente Liquido para Roupas,3,Luz Solar,30,9.79,1.024,-1.012,0.0,2.961,2.343,1,liquido homogeneo com leve pelicula na superficie,2,perceptivelmente mais escura que o padrao,True,caracteristico do produto,,False
DLR-2503-260,Detergente Liquido para Roupas,3,Luz Solar,60,9.73,1.024,-1.654,0.0,4.546,3.601,1,"homogeneo, leve turvacao em relacao ao padrao",3,amarelada em relacao ao padrao,True,caracteristico do produto,,False
DLR-2503-260,Detergente Liquido para Roupas,3,Luz Solar,90,9.74,1.026,-2.082,0.0,5.457,4.329,1,liquido homogeneo com leve pelicula na superficie,3,amarelada em relacao ao padrao,True,caracteristico,,False
DLR-2503-261,Detergente Liquido para Roupas,3,Ambiente Escuro 25C,7,9.11,1.024,-0.018,0.0,0.036,0.031,1,liquido homogeneo com leve pelicula na superficie,0,conforme padrao,True,caracteristico,,False
DLR-2503-261,Detergente Liquido para Roupas,3,Ambiente Escuro 25C,15,9.11,1.024,-0.039,0.0,0.078,0.066,1,"homogeneo, leve turvacao em relacao ao padrao",0,conforme padrao,True,caracteristico,,False
DLR-2503-261,Detergente Liquido para Roupas,3,Ambiente Escuro 25C,30,9.12,1.026,-0.078,0.0,0.156,0.132,1,liquido homogeneo com leve pelicula na superficie,0,conforme padrao,True,caracteristico do produto,,False
DLR-2503-261,Detergente Liquido para Roupas,3,Ambiente Escuro 25C,60,9.06,1.026,-0.156,0.0,0.312,0.263,1,"homogeneo, leve turvacao em relacao ao padrao",0,conforme padrao,True,caracteristico,,False
DLR-2503-261,Detergente Liquido para Roupas,3,Ambiente Escuro 25C,90,9.06,1.027,-0.234,0.0,0.468,0.395,1,"homogeneo, leve turvacao em relacao ao padrao",0,conforme padrao,True,caracteristico do produto,,False
DLR-2503-261,Detergente Liquido para Roupas,3,Estufa 40C,7,9.08,1.023,-0.085,0.0,0.171,0.144,0,"liquido homogeneo, sem alteracao",0,conforme padrao,True,caracteristico do produto,,False
DLR-2503-261,Detergente Liquido para Roupas,3,Estufa 40C,15,9.04,1.022,-0.183,0.0,0.366,0.309,1,liquido homogeneo com leve pelicula na superficie,0,conforme padrao,True,caracteristico,,False
DLR-2503-261,Detergente Liquido para Roupas,3,Estufa 40C,30,8.99,1.027,-0.366,0.0,0.732,0.617,1,liquido homogeneo com leve pelicula na superficie,0,conforme padrao,True,caracteristico do produto,,False
DLR-2503-261,Detergente Liquido para Roupas,3,Estufa 40C,60,8.83,1.028,-0.732,0.0,1.464,1.232,0,"liquido homogeneo, sem alteracao",1,"levemente diferente do padrao, conforme",True,caracteristico,,False
DLR-2503-261,Detergente Liquido para Roupas,3,Estufa 40C,90,8.76,1.028,-1.098,0.0,2.196,1.844,1,"homogeneo, leve turvacao em relacao ao padrao",2,perceptivelmente mais escura que o padrao,True,caracteristico,,False
DLR-2503-261,Detergente Liquido para Roupas,3,Geladeira 5C,7,9.15,1.025,-0.002,0.0,0.004,0.003,1,"homogeneo, leve turvacao em relacao ao padrao",0,conforme padrao,True,caracteristico do produto,,False
DLR-2503-261,Detergente Liquido para Roupas,3,Geladeira 5C,15,9.15,1.026,-0.004,0.0,0.008,0.006,1,"homogeneo, leve turvacao em relacao ao padrao",0,conforme padrao,True,caracteristico,,False
DLR-2503-261,Detergente Liquido para Roupas,3,Geladeira 5C,30,9.13,1.026,-0.008,0.0,0.015,0.013,1,"homogeneo, leve turvacao em relacao ao padrao",0,conforme padrao,True,caracteristico,,False
DLR-2503-261,Detergente Liquido para Roupas,3,Geladeira 5C,60,9.13,1.026,-0.015,0.0,0.031,0.026,1,"homogeneo, leve turvacao em relacao ao padrao",0,conforme padrao,True,caracteristico,,False
DLR-2503-261,Detergente Liquido para Roupas,3,Geladeira 5C,90,9.09,1.024,-0.023,0.0,0.046,0.039,1,"homogeneo, leve turvacao em relacao ao padrao",0,conforme padrao,True,caracteristico,,False
DLR-2503-261,Detergente Liquido para Roupas,3,Luz Solar,7,9.16,1.025,-0.281,0.0,0.873,0.698,1,"homogeneo, leve turvacao em relacao ao padrao",0,conforme padrao,True,caracteristico do produto,,False
DLR-2503-261,Detergente Liquido para Roupas,3,Luz Solar,15,9.18,1.027,-0.565,0.0,1.719,1.374,1,"homogeneo, leve turvacao em relacao ao padrao",1,"levemente diferente do padrao, conforme",True,caracteristico,,False
DLR-2503-261,Detergente Liquido para Roupas,3,Luz Solar,30,9.1,1.027,-1.012,0.0,2.961,2.364,1,liquido homogeneo com leve pelicula na superficie,2,perceptivelmente mais escura que o padrao,True,caracteristico,,False
DLR-2503-261,Detergente Liquido para Roupas,3,Luz Solar,60,9.06,1.025,-1.654,0.0,4.546,3.625,1,"homogeneo, leve turvacao em relacao ao padrao",3,amarelada em relacao ao padrao,True,caracteristico,,False
DLR-2503-261,Detergente Liquido para Roupas,3,Luz Solar,90,9.0,1.024,-2.082,0.0,5.457,4.353,1,liquido homogeneo com leve pelicula na superficie,3,amarelada em relacao ao padrao,True,caracteristico,,False
LMU-2503-262,Limpador Multiuso Alcalino,3,Ambiente Escuro 25C,7,10.25,1.006,-0.021,0.0,0.042,0.03,2,"leve cremeacao na superficie, porem conforme",0,conforme padrao,True,caracteristico do produto,,False
LMU-2503-262,Limpador Multiuso Alcalino,3,Ambiente Escuro 25C,15,10.3,1.005,-0.045,0.0,0.09,0.065,2,"leve cremeacao na superficie, porem conforme",0,conforme padrao,True,caracteristico,,False
LMU-2503-262,Limpador Multiuso Alcalino,3,Ambiente Escuro 25C,30,10.27,1.004,-0.09,0.0,0.18,0.129,2,"cremeacao visivel na superficie, reversivel a agitacao",0,conforme padrao,True,caracteristico,,False
LMU-2503-262,Limpador Multiuso Alcalino,3,Ambiente Escuro 25C,60,10.24,1.007,-0.18,0.0,0.36,0.259,2,"cremeacao visivel na superficie, reversivel a agitacao",0,conforme padrao,True,caracteristico do produto,,False
LMU-2503-262,Limpador Multiuso Alcalino,3,Ambiente Escuro 25C,90,10.16,1.008,-0.27,0.0,0.54,0.387,2,"leve cremeacao na superficie, porem conforme",0,conforme padrao,False,"alterado, notas rancosas",odor alterado,True
LMU-2503-262,Limpador Multiuso Alcalino,3,Estufa 40C,7,10.3,1.004,-0.099,0.0,0.197,0.142,2,"leve cremeacao na superficie, porem conforme",0,conforme padrao,True,caracteristico do produto,,False
LMU-2503-262,Limpador Multiuso Alcalino,3,Estufa 40C,15,10.18,1.005,-0.211,0.0,0.422,0.303,2,"leve cremeacao na superficie, porem conforme",0,conforme padrao,True,caracteristico do produto,,False
LMU-2503-262,Limpador Multiuso Alcalino,3,Estufa 40C,30,10.11,1.006,-0.422,0.0,0.845,0.605,2,"leve cremeacao na superficie, porem conforme",0,conforme padrao,True,caracteristico,,False
LMU-2503-262,Limpador Multiuso Alcalino,3,Estufa 40C,60,9.89,1.009,-0.845,0.0,1.689,1.205,3,"separacao parcial de fase, camada superior definida",1,"levemente diferente do padrao, conforme",True,caracteristico do produto,aspecto nao conforme,True
LMU-2503-262,Limpador Multiuso Alcalino,3,Estufa 40C,90,9.65,1.013,-1.267,0.0,2.534,1.8,3,"separacao parcial de fase, camada superior definida",2,perceptivelmente mais escura que o padrao,True,caracteristico do produto,aspecto nao conforme,True
LMU-2503-262,Limpador Multiuso Alcalino,3,Geladeira 5C,7,10.33,1.005,-0.002,0.0,0.004,0.003,1,liquido homogeneo com leve pelicula na superficie,0,conforme padrao,True,caracteristico do produto,,False
LMU-2503-262,Limpador Multiuso Alcalino,3,Geladeira 5C,15,10.3,1.008,-0.004,0.0,0.009,0.006,2,"leve cremeacao na superficie, porem conforme",0,conforme padrao,True,caracteristico do produto,,False
LMU-2503-262,Limpador Multiuso Alcalino,3,Geladeira 5C,30,10.33,1.007,-0.009,0.0,0.018,0.013,2,"leve cremeacao na superficie, porem conforme",0,conforme padrao,True,caracteristico,,False
LMU-2503-262,Limpador Multiuso Alcalino,3,Geladeira 5C,60,10.33,1.005,-0.018,0.0,0.035,0.025,2,"cremeacao visivel na superficie, reversivel a agitacao",0,conforme padrao,True,caracteristico do produto,,False
LMU-2503-262,Limpador Multiuso Alcalino,3,Geladeira 5C,90,10.32,1.006,-0.027,0.0,0.053,0.038,2,"cremeacao visivel na superficie, reversivel a agitacao",0,conforme padrao,True,caracteristico do produto,,False
LMU-2503-262,Limpador Multiuso Alcalino,3,Luz Solar,7,10.28,1.007,-0.32,0.0,0.993,0.65,2,"leve cremeacao na superficie, porem conforme",0,conforme padrao,True,caracteristico,,False
LMU-2503-262,Limpador Multiuso Alcalino,3,Luz Solar,15,10.27,1.007,-0.644,0.0,1.955,1.276,2,"leve cremeacao na superficie, porem conforme",1,"levemente diferente do padrao, conforme",True,caracteristico do produto,,False
LMU-2503-262,Limpador Multiuso Alcalino,3,Luz Solar,30,10.21,1.006,-1.152,0.0,3.369,2.191,1,"homogeneo, leve turvacao em relacao ao padrao",2,perceptivelmente mais escura que o padrao,True,caracteristico do produto,,False
LMU-2503-262,Limpador Multiuso Alcalino,3,Luz Solar,60,10.13,1.007,-1.884,0.0,5.175,3.363,2,"cremeacao visivel na superficie, reversivel a agitacao",3,amarelada em relacao ao padrao,True,caracteristico do produto,,False
LMU-2503-262,Limpador Multiuso Alcalino,3,Luz Solar,90,10.1,1.008,-2.372,0.0,6.216,4.051,2,"cremeacao visivel na superficie, reversivel a agitacao",3,amarelada em relacao ao padrao,True,caracteristico do produto,,False
DES-2504-263,Desinfetante Quaternario Concentrado,3,Ambiente Escuro 25C,7,6.92,1.005,-0.015,0.0,0.031,0.017,0,"liquido homogeneo, limpido",0,conforme padrao,True,caracteristico do produto,,False
DES-2504-263,Desinfetante Quaternario Concentrado,3,Ambiente Escuro 25C,15,6.92,1.007,-0.033,0.0,0.066,0.037,1,liquido homogeneo com leve pelicula na superficie,0,conforme padrao,True,caracteristico do produto,,False
DES-2504-263,Desinfetante Quaternario Concentrado,3,Ambiente Escuro 25C,30,6.87,1.008,-0.066,0.0,0.132,0.073,1,liquido homogeneo com leve pelicula na superficie,0,conforme padrao,True,caracteristico,,False
DES-2504-263,Desinfetante Quaternario Concentrado,3,Ambiente Escuro 25C,60,6.85,1.006,-0.132,0.0,0.264,0.147,0,"liquido homogeneo, limpido",0,conforme padrao,True,caracteristico do produto,,False
DES-2504-263,Desinfetante Quaternario Concentrado,3,Ambiente Escuro 25C,90,6.86,1.005,-0.198,0.0,0.396,0.221,0,"liquido homogeneo, limpido",0,conforme padrao,True,caracteristico,,False
DES-2504-263,Desinfetante Quaternario Concentrado,3,Estufa 40C,7,6.88,1.008,-0.072,0.0,0.145,0.08,1,"homogeneo, leve turvacao em relacao ao padrao",0,conforme padrao,True,caracteristico,,False
DES-2504-263,Desinfetante Quaternario Concentrado,3,Estufa 40C,15,6.88,1.006,-0.155,0.0,0.31,0.173,1,liquido homogeneo com leve pelicula na superficie,0,conforme padrao,True,caracteristico do produto,,False
DES-2504-263,Desinfetante Quaternario Concentrado,3,Estufa 40C,30,6.8,1.005,-0.31,0.0,0.619,0.346,0,"liquido homogeneo, limpido",0,conforme padrao,True,caracteristico do produto,,False
DES-2504-263,Desinfetante Quaternario Concentrado,3,Estufa 40C,60,6.68,1.01,-0.619,0.0,1.239,0.696,0,"liquido homogeneo, limpido",0,conforme padrao,True,caracteristico,,False
DES-2504-263,Desinfetante Quaternario Concentrado,3,Estufa 40C,90,6.62,1.01,-0.929,0.0,1.858,1.05,1,liquido homogeneo com leve pelicula na superficie,1,"levemente diferente do padrao, conforme",True,caracteristico,,False
DES-2504-263,Desinfetante Quaternario Concentrado,3,Geladeira 5C,7,6.92,1.006,-0.002,0.0,0.003,0.002,1,liquido homogeneo com leve pelicula na superficie,0,conforme padrao,True,caracteristico do produto,,False
DES-2504-263,Desinfetante Quaternario Concentrado,3,Geladeira 5C,15,6.9,1.006,-0.003,0.0,0.006,0.004,0,"liquido homogeneo, sem alteracao",0,conforme padrao,True,caracteristico,,False
DES-2504-263,Desinfetante Quaternario Concentrado,3,Geladeira 5C,30,6.87,1.008,-0.006,0.0,0.013,0.007,0,"liquido homogeneo, sem alteracao",0,conforme padrao,True,caracteristico,,False
DES-2504-263,Desinfetante Quaternario Concentrado,3,Geladeira 5C,60,6.94,1.008,-0.013,0.0,0.026,0.014,0,"liquido homogeneo, levemente opalescente",0,conforme padrao,True,caracteristico,,False
DES-2504-263,Desinfetante Quaternario Concentrado,3,Geladeira 5C,90,6.89,1.006,-0.019,0.0,0.039,0.022,1,"homogeneo, leve turvacao em relacao ao padrao",0,conforme padrao,True,caracteristico do produto,,False
DES-2504-263,Desinfetante Quaternario Concentrado,3,Luz Solar,7,6.9,1.01,-0.344,0.0,1.084,0.501,1,liquido homogeneo com leve pelicula na superficie,0,conforme padrao,True,caracteristico,,False
DES-2504-263,Desinfetante Quaternario Concentrado,3,Luz Solar,15,6.88,1.008,-0.691,0.0,2.131,1.003,0,"liquido homogeneo, limpido",1,"levemente diferente do padrao, conforme",True,caracteristico,,False
DES-2504-263,Desinfetante Quaternario Concentrado,3,Luz Solar,30,6.9,1.007,-1.231,0.0,3.655,1.776,1,liquido homogeneo com leve pelicula na superficie,2,perceptivelmente mais escura que o padrao,True,caracteristico do produto,,False
DES-2504-263,Desinfetante Quaternario Concentrado,3,Luz Solar,60,6.8,1.007,-1.991,0.0,5.559,2.826,1,liquido homogeneo com leve pelicula na superficie,2,perceptivelmente mais escura que o padrao,True,caracteristico,,False
DES-2504-263,Desinfetante Quaternario Concentrado,3,Luz Solar,90,6.74,1.01,-2.479,0.0,6.606,3.461,1,"homogeneo, leve turvacao em relacao ao padrao",3,amarelada em relacao ao padrao,True,caracteristico,,False
AMA-2504-264,Amaciante de Roupas (esterquat),3,Ambiente Escuro 25C,7,3.39,0.994,-0.02,0.0,0.039,0.034,0,"liquido homogeneo, limpido",0,conforme padrao,True,caracteristico do produto,,False
AMA-2504-264,Amaciante de Roupas (esterquat),3,Ambiente Escuro 25C,15,3.44,0.994,-0.042,0.0,0.084,0.073,0,"liquido homogeneo, sem alteracao",0,conforme padrao,True,caracteristico,,False
AMA-2504-264,Amaciante de Roupas (esterquat),3,Ambiente Escuro 25C,30,3.34,0.994,-0.084,0.0,0.168,0.147,0,"liquido homogeneo, limpido",0,conforme padrao,True,caracteristico do produto,,False
AMA-2504-264,Amaciante de Roupas (esterquat),3,Ambiente Escuro 25C,60,3.32,0.997,-0.168,0.0,0.336,0.294,0,"liquido homogeneo, levemente opalescente",0,conforme padrao,True,caracteristico do produto,,False
AMA-2504-264,Amaciante de Roupas (esterquat),3,Ambiente Escuro 25C,90,3.27,0.997,-0.252,0.0,0.504,0.442,0,"liquido homogeneo, levemente opalescente",0,conforme padrao,True,caracteristico do produto,,False
AMA-2504-264,Amaciante de Roupas (esterquat),3,Estufa 40C,7,3.37,0.994,-0.092,0.0,0.184,0.161,0,"liquido homogeneo, limpido",0,conforme padrao,True,caracteristico,,False
AMA-2504-264,Amaciante de Roupas (esterquat),3,Estufa 40C,15,3.34,0.994,-0.197,0.0,0.394,0.345,0,"liquido homogeneo, sem alteracao",0,conforme padrao,True,caracteristico,,False
AMA-2504-264,Amaciante de Roupas (esterquat),3,Estufa 40C,30,3.26,0.999,-0.394,0.0,0.788,0.694,0,"liquido homogeneo, limpido",0,conforme padrao,True,caracteristico do produto,,False
AMA-2504-264,Amaciante de Roupas (esterquat),3,Estufa 40C,60,3.07,1.001,-0.788,0.0,1.577,1.402,0,"liquido homogeneo, limpido",1,"levemente diferente do padrao, conforme",True,caracteristico do produto,,False
AMA-2504-264,Amaciante de Roupas (esterquat),3,Estufa 40C,90,2.89,1.002,-1.182,0.0,2.365,2.123,0,"liquido homogeneo, levemente opalescente",2,perceptivelmente mais escura que o padrao,True,caracteristico,,False
AMA-2504-264,Amaciante de Roupas (esterquat),3,Geladeira 5C,7,3.35,0.996,-0.002,0.0,0.004,0.003,0,"liquido homogeneo, limpido",0,conforme padrao,False,"caracteristico, porem alterado",odor alterado,True
AMA-2504-264,Amaciante de Roupas (esterquat),3,Geladeira 5C,15,3.38,0.994,-0.004,0.0,0.008,0.007,0,"liquido homogeneo, levemente opalescente",0,conforme padrao,True,caracteristico do produto,,False
AMA-2504-264,Amaciante de Roupas (esterquat),3,Geladeira 5C,30,3.4,0.996,-0.008,0.0,0.017,0.014,0,"liquido homogeneo, sem alteracao",0,conforme padrao,True,caracteristico do produto,,False
AMA-2504-264,Amaciante de Roupas (esterquat),3,Geladeira 5C,60,3.36,0.995,-0.017,0.0,0.033,0.029,0,"liquido homogeneo, levemente opalescente",0,conforme padrao,True,caracteristico do produto,,False
AMA-2504-264,Amaciante de Roupas (esterquat),3,Geladeira 5C,90,3.4,0.995,-0.025,0.0,0.05,0.043,0,"liquido homogeneo, sem alteracao",0,conforme padrao,True,caracteristico do produto,,False
AMA-2504-264,Amaciante de Roupas (esterquat),3,Luz Solar,7,3.36,0.995,-0.226,0.0,0.693,0.587,0,"liquido homogeneo, sem alteracao",0,conforme padrao,True,caracteristico,,False
AMA-2504-264,Amaciante de Roupas (esterquat),3,Luz Solar,15,3.35,0.994,-0.457,0.0,1.368,1.17,0,"liquido homogeneo, limpido",1,"levemente diferente do padrao, conforme",True,caracteristico do produto,,False
AMA-2504-264,Amaciante de Roupas (esterquat),3,Luz Solar,30,3.38,0.995,-0.822,0.0,2.369,2.057,0,"liquido homogeneo, limpido",2,perceptivelmente mais escura que o padrao,True,caracteristico do produto,,False
AMA-2504-264,Amaciante de Roupas (esterquat),3,Luz Solar,60,3.27,0.998,-1.359,0.0,3.674,3.25,0,"liquido homogeneo, sem alteracao",3,amarelada em relacao ao padrao,True,caracteristico,,False
AMA-2504-264,Amaciante de Roupas (esterquat),3,Luz Solar,90,3.21,0.995,-1.73,0.0,4.46,3.984,0,"liquido homogeneo, sem alteracao",3,amarelada em relacao ao padrao,True,caracteristico,,False
ALV-2504-265,Alvejante Liquido sem Cloro,3,Ambiente Escuro 25C,7,4.09,1.045,-0.014,0.0,0.028,0.026,0,"liquido homogeneo, limpido",0,conforme padrao,True,caracteristico,,False
ALV-2504-265,Alvejante Liquido sem Cloro,3,Ambiente Escuro 25C,15,4.1,1.045,-0.03,0.0,0.06,0.055,0,"liquido homogeneo, sem alteracao",0,conforme padrao,True,caracteristico do produto,,False
ALV-2504-265,Alvejante Liquido sem Cloro,3,Ambiente Escuro 25C,30,4.05,1.047,-0.06,0.0,0.12,0.11,0,"liquido homogeneo, limpido",0,conforme padrao,True,caracteristico,,False
ALV-2504-265,Alvejante Liquido sem Cloro,3,Ambiente Escuro 25C,60,4.06,1.048,-0.12,0.0,0.24,0.219,0,"liquido homogeneo, sem alteracao",0,conforme padrao,True,caracteristico do produto,,False
ALV-2504-265,Alvejante Liquido sem Cloro,3,Ambiente Escuro 25C,90,3.93,1.049,-0.18,0.0,0.36,0.328,0,"liquido homogeneo, limpido",0,conforme padrao,True,caracteristico do produto,,False
ALV-2504-265,Alvejante Liquido sem Cloro,3,Estufa 40C,7,4.02,1.045,-0.066,0.0,0.131,0.12,0,"liquido homogeneo, sem alteracao",0,conforme padrao,True,caracteristico do produto,,False
ALV-2504-265,Alvejante Liquido sem Cloro,3,Estufa 40C,15,4.0,1.048,-0.141,0.0,0.282,0.257,0,"liquido homogeneo, levemente opalescente",0,conforme padrao,True,caracteristico do produto,,False
ALV-2504-265,Alvejante Liquido sem Cloro,3,Estufa 40C,30,3.94,1.047,-0.282,0.0,0.563,0.512,0,"liquido homogeneo, limpido",0,conforme padrao,True,caracteristico do produto,,False
ALV-2504-265,Alvejante Liquido sem Cloro,3,Estufa 40C,60,3.83,1.054,-0.563,0.0,1.126,1.014,0,"liquido homogeneo, limpido",1,"levemente diferente do padrao, conforme",True,caracteristico do produto,,False
ALV-2504-265,Alvejante Liquido sem Cloro,3,Estufa 40C,90,3.69,1.05,-0.845,0.0,1.689,1.508,0,"liquido homogeneo, sem alteracao",1,"levemente diferente do padrao, conforme",True,caracteristico do produto,,False
ALV-2504-265,Alvejante Liquido sem Cloro,3,Geladeira 5C,7,4.09,1.044,-0.001,0.0,0.003,0.003,0,"liquido homogeneo, levemente opalescente",0,conforme padrao,True,caracteristico do produto,,False
ALV-2504-265,Alvejante Liquido sem Cloro,3,Geladeira 5C,15,4.06,1.044,-0.003,0.0,0.006,0.005,0,"liquido homogeneo, sem alteracao",0,conforme padrao,True,caracteristico do produto,,False
ALV-2504-265,Alvejante Liquido sem Cloro,3,Geladeira 5C,30,4.08,1.049,-0.006,0.0,0.012,0.011,0,"liquido homogeneo, limpido",0,conforme padrao,True,caracteristico do produto,,False
ALV-2504-265,Alvejante Liquido sem Cloro,3,Geladeira 5C,60,4.1,1.042,-0.012,0.0,0.024,0.022,0,"liquido homogeneo, levemente opalescente",0,conforme padrao,True,caracteristico,,False
ALV-2504-265,Alvejante Liquido sem Cloro,3,Geladeira 5C,90,4.07,1.048,-0.018,0.0,0.035,0.032,0,"liquido homogeneo, levemente opalescente",0,conforme padrao,True,caracteristico do produto,,False
ALV-2504-265,Alvejante Liquido sem Cloro,3,Luz Solar,7,4.09,1.046,-0.376,0.0,1.19,1.033,0,"liquido homogeneo, limpido",1,"levemente diferente do padrao, conforme",True,caracteristico,,False
ALV-2504-265,Alvejante Liquido sem Cloro,3,Luz Solar,15,4.06,1.045,-0.754,0.0,2.337,1.991,0,"liquido homogeneo, sem alteracao",2,perceptivelmente mais escura que o padrao,True,caracteristico,,False
ALV-2504-265,Alvejante Liquido sem Cloro,3,Luz Solar,30,4.04,1.043,-1.34,0.0,4.002,3.322,0,"liquido homogeneo, levemente opalescente",3,amarelada em relacao ao padrao,True,caracteristico,,False
ALV-2504-265,Alvejante Liquido sem Cloro,3,Luz Solar,60,3.98,1.043,-2.16,0.0,6.066,4.888,0,"liquido homogeneo, levemente opalescente",3,amarelada em relacao ao padrao,True,caracteristico,,False
ALV-2504-265,Alvejante Liquido sem Cloro,3,Luz Solar,90,3.9,1.05,-2.678,0.0,7.18,5.707,0,"liquido homogeneo, sem alteracao",3,amarelada em relacao ao padrao,True,caracteristico do produto,,False
DES-2504-266,Desinfetante Quaternario Concentrado,3,Ambiente Escuro 25C,7,6.76,1.006,-0.015,0.0,0.031,0.017,0,"liquido homogeneo, sem alteracao",0,conforme padrao,True,caracteristico do produto,,False
DES-2504-266,Desinfetante Quaternario Concentrado,3,Ambiente Escuro 25C,15,6.76,1.007,-0.033,0.0,0.066,0.037,0,"liquido homogeneo, levemente opalescente",0,conforme padrao,True,caracteristico,,False
DES-2504-266,Desinfetante Quaternario Concentrado,3,Ambiente Escuro 25C,30,6.74,1.008,-0.066,0.0,0.132,0.074,0,"liquido homogeneo, sem alteracao",0,conforme padrao,True,caracteristico do produto,,False
DES-2504-266,Desinfetante Quaternario Concentrado,3,Ambiente Escuro 25C,60,6.71,1.012,-0.132,0.0,0.264,0.148,0,"liquido homogeneo, limpido",0,conforme padrao,True,caracteristico do produto,,False
DES-2504-266,Desinfetante Quaternario Concentrado,3,Ambiente Escuro 25C,90,6.71,1.011,-0.198,0.0,0.396,0.223,1,"homogeneo, leve turvacao em relacao ao padrao",0,conforme padrao,True,caracteristico do produto,,False
DES-2504-266,Desinfetante Quaternario Concentrado,3,Estufa 40C,7,6.75,1.008,-0.072,0.0,0.145,0.081,0,"liquido homogeneo, sem alteracao",0,conforme padrao,True,caracteristico do produto,,False
DES-2504-266,Desinfetante Quaternario Concentrado,3,Estufa 40C,15,6.7,1.007,-0.155,0.0,0.31,0.174,1,"homogeneo, leve turvacao em relacao ao padrao",0,conforme padrao,True,caracteristico do produto,,False
DES-2504-266,Desinfetante Quaternario Concentrado,3,Estufa 40C,30,6.7,1.009,-0.31,0.0,0.619,0.349,1,"homogeneo, leve turvacao em relacao ao padrao",0,conforme padrao,True,caracteristico,,False
DES-2504-266,Desinfetante Quaternario Concentrado,3,Estufa 40C,60,6.57,1.009,-0.619,0.0,1.239,0.703,1,liquido homogeneo com leve pelicula na superficie,0,conforme padrao,True,caracteristico do produto,,False
DES-2504-266,Desinfetante Quaternario Concentrado,3,Estufa 40C,90,6.44,1.013,-0.929,0.0,1.858,1.061,0,"liquido homogeneo, sem alteracao",1,"levemente diferente do padrao, conforme",True,caracteristico,,False
DES-2504-266,Desinfetante Quaternario Concentrado,3,Geladeira 5C,7,6.74,1.009,-0.002,0.0,0.003,0.002,1,"homogeneo, leve turvacao em relacao ao padrao",0,conforme padrao,True,caracteristico do produto,,False
DES-2504-266,Desinfetante Quaternario Concentrado,3,Geladeira 5C,15,6.77,1.011,-0.003,0.0,0.006,0.004,0,"liquido homogeneo, sem alteracao",0,conforme padrao,True,caracteristico,,False
DES-2504-266,Desinfetante Quaternario Concentrado,3,Geladeira 5C,30,6.79,1.009,-0.006,0.0,0.013,0.007,0,"liquido homogeneo, sem alteracao",0,conforme padrao,True,caracteristico,,False
DES-2504-266,Desinfetante Quaternario Concentrado,3,Geladeira 5C,60,6.75,1.008,-0.013,0.0,0.026,0.015,1,"homogeneo, leve turvacao em relacao ao padrao",0,conforme padrao,True,caracteristico do produto,,False
DES-2504-266,Desinfetante Quaternario Concentrado,3,Geladeira 5C,90,6.78,1.009,-0.019,0.0,0.039,0.022,0,"liquido homogeneo, limpido",0,conforme padrao,True,caracteristico,,False
DES-2504-266,Desinfetante Quaternario Concentrado,3,Luz Solar,7,6.73,1.008,-0.344,0.0,1.084,0.506,1,"homogeneo, leve turvacao em relacao ao padrao",0,conforme padrao,True,caracteristico,,False
DES-2504-266,Desinfetante Quaternario Concentrado,3,Luz Solar,15,6.72,1.008,-0.691,0.0,2.131,1.014,0,"liquido homogeneo, levemente opalescente",1,"levemente diferente do padrao, conforme",True,caracteristico,,False
DES-2504-266,Desinfetante Quaternario Concentrado,3,Luz Solar,30,6.73,1.008,-1.231,0.0,3.655,1.794,0,"liquido homogeneo, sem alteracao",2,perceptivelmente mais escura que o padrao,True,caracteristico,,False
DES-2504-266,Desinfetante Quaternario Concentrado,3,Luz Solar,60,6.73,1.011,-1.991,0.0,5.559,2.856,0,"liquido homogeneo, limpido",2,perceptivelmente mais escura que o padrao,True,caracteristico do produto,,False
DES-2504-266,Desinfetante Quaternario Concentrado,3,Luz Solar,90,6.66,1.01,-2.479,0.0,6.606,3.498,0,"liquido homogeneo, limpido",3,amarelada em relacao ao padrao,True,caracteristico,,False
LMU-2504-267,Limpador Multiuso Alcalino,3,Ambiente Escuro 25C,7,9.88,1.016,-0.021,0.0,0.042,0.03,0,"liquido homogeneo, sem alteracao",0,conforme padrao,True,caracteristico do produto,,False
LMU-2504-267,Limpador Multiuso Alcalino,3,Ambiente Escuro 25C,15,9.87,1.016,-0.045,0.0,0.09,0.065,1,"homogeneo, leve turvacao em relacao ao padrao",0,conforme padrao,True,caracteristico,,False
LMU-2504-267,Limpador Multiuso Alcalino,3,Ambiente Escuro 25C,30,9.81,1.019,-0.09,0.0,0.18,0.129,1,liquido homogeneo com leve pelicula na superficie,0,conforme padrao,True,caracteristico,,False
LMU-2504-267,Limpador Multiuso Alcalino,3,Ambiente Escuro 25C,60,9.79,1.021,-0.18,0.0,0.36,0.258,0,"liquido homogeneo, sem alteracao",0,conforme padrao,True,caracteristico do produto,,False
LMU-2504-267,Limpador Multiuso Alcalino,3,Ambiente Escuro 25C,90,9.77,1.019,-0.27,0.0,0.54,0.386,1,liquido homogeneo com leve pelicula na superficie,0,conforme padrao,True,caracteristico,,False
LMU-2504-267,Limpador Multiuso Alcalino,3,Estufa 40C,7,9.88,1.017,-0.099,0.0,0.197,0.141,0,"liquido homogeneo, levemente opalescente",0,conforme padrao,True,caracteristico do produto,,False
LMU-2504-267,Limpador Multiuso Alcalino,3,Estufa 40C,15,9.84,1.018,-0.211,0.0,0.422,0.302,1,liquido homogeneo com leve pelicula na superficie,0,conforme padrao,True,caracteristico do produto,,False
LMU-2504-267,Limpador Multiuso Alcalino,3,Estufa 40C,30,9.73,1.02,-0.422,0.0,0.845,0.603,1,"homogeneo, leve turvacao em relacao ao padrao",0,conforme padrao,True,caracteristico,,False
LMU-2504-267,Limpador Multiuso Alcalino,3,Estufa 40C,60,9.55,1.023,-0.845,0.0,1.689,1.202,0,"liquido homogeneo, limpido",1,"levemente diferente do padrao, conforme",True,caracteristico,,False
LMU-2504-267,Limpador Multiuso Alcalino,3,Estufa 40C,90,9.4,1.024,-1.267,0.0,2.534,1.795,0,"liquido homogeneo, limpido",2,perceptivelmente mais escura que o padrao,True,caracteristico do produto,pH fora de faixa,True
LMU-2504-267,Limpador Multiuso Alcalino,3,Geladeira 5C,7,9.9,1.018,-0.002,0.0,0.004,0.003,0,"liquido homogeneo, levemente opalescente",0,conforme padrao,True,caracteristico do produto,,False
LMU-2504-267,Limpador Multiuso Alcalino,3,Geladeira 5C,15,9.88,1.017,-0.004,0.0,0.009,0.006,1,"homogeneo, leve turvacao em relacao ao padrao",0,conforme padrao,True,caracteristico,,False
LMU-2504-267,Limpador Multiuso Alcalino,3,Geladeira 5C,30,9.84,1.02,-0.009,0.0,0.018,0.013,1,"homogeneo, leve turvacao em relacao ao padrao",0,conforme padrao,True,caracteristico do produto,,False
LMU-2504-267,Limpador Multiuso Alcalino,3,Geladeira 5C,60,9.87,1.018,-0.018,0.0,0.035,0.025,1,"homogeneo, leve turvacao em relacao ao padrao",0,conforme padrao,True,caracteristico do produto,,False
LMU-2504-267,Limpador Multiuso Alcalino,3,Geladeira 5C,90,9.86,1.017,-0.027,0.0,0.053,0.038,1,"homogeneo, leve turvacao em relacao ao padrao",0,conforme padrao,True,caracteristico do produto,,False
LMU-2504-267,Limpador Multiuso Alcalino,3,Luz Solar,7,9.87,1.02,-0.32,0.0,0.993,0.646,0,"liquido homogeneo, sem alteracao",0,conforme padrao,True,caracteristico do produto,,False
LMU-2504-267,Limpador Multiuso Alcalino,3,Luz Solar,15,9.84,1.02,-0.644,0.0,1.955,1.268,1,"homogeneo, leve turvacao em relacao ao padrao",1,"levemente diferente do padrao, conforme",True,caracteristico do produto,,False
LMU-2504-267,Limpador Multiuso Alcalino,3,Luz Solar,30,9.83,1.02,-1.152,0.0,3.369,2.178,0,"liquido homogeneo, limpido",2,perceptivelmente mais escura que o padrao,True,caracteristico do produto,,False
LMU-2504-267,Limpador Multiuso Alcalino,3,Luz Solar,60,9.76,1.02,-1.884,0.0,5.175,3.346,1,"homogeneo, leve turvacao em relacao ao padrao",3,amarelada em relacao ao padrao,True,caracteristico do produto,,False
LMU-2504-267,Limpador Multiuso Alcalino,3,Luz Solar,90,9.71,1.019,-2.372,0.0,6.216,4.033,0,"liquido homogeneo, limpido",3,amarelada em relacao ao padrao,True,caracteristico,,False
LMU-2504-268,Limpador Multiuso Alcalino,3,Ambiente Escuro 25C,7,9.88,1.014,-0.021,0.0,0.042,0.03,1,"homogeneo, leve turvacao em relacao ao padrao",0,conforme padrao,True,caracteristico,,False
LMU-2504-268,Limpador Multiuso Alcalino,3,Ambiente Escuro 25C,15,9.78,1.015,-0.045,0.0,0.09,0.065,1,liquido homogeneo com leve pelicula na superficie,0,conforme padrao,True,caracteristico do produto,,False
LMU-2504-268,Limpador Multiuso Alcalino,3,Ambiente Escuro 25C,30,9.9,1.014,-0.09,0.0,0.18,0.13,1,liquido homogeneo com leve pelicula na superficie,0,conforme padrao,True,caracteristico,,False
LMU-2504-268,Limpador Multiuso Alcalino,3,Ambiente Escuro 25C,60,9.8,1.014,-0.18,0.0,0.36,0.26,1,liquido homogeneo com leve pelicula na superficie,0,conforme padrao,False,"alterado, notas rancosas",odor alterado,True
LMU-2504-268,Limpador Multiuso Alcalino,3,Ambiente Escuro 25C,90,9.78,1.014,-0.27,0.0,0.54,0.389,1,"homogeneo, leve turvacao em relacao ao padrao",0,conforme padrao,True,caracteristico do produto,,False
LMU-2504-268,Limpador Multiuso Alcalino,3,Estufa 40C,7,9.8,1.014,-0.099,0.0,0.197,0.142,1,"homogeneo, leve turvacao em relacao ao padrao",0,conforme padrao,True,caracteristico do produto,,False
LMU-2504-268,Limpador Multiuso Alcalino,3,Estufa 40C,15,9.77,1.011,-0.211,0.0,0.422,0.304,1,"homogeneo, leve turvacao em relacao ao padrao",0,conforme padrao,True,caracteristico do produto,,False
LMU-2504-268,Limpador Multiuso Alcalino,3,Estufa 40C,30,9.59,1.016,-0.422,0.0,0.845,0.607,1,"homogeneo, leve turvacao em relacao ao padrao",0,conforme padrao,True,caracteristico do produto,,False
LMU-2504-268,Limpador Multiuso Alcalino,3,Estufa 40C,60,9.5,1.017,-0.845,0.0,1.689,1.21,1,liquido homogeneo com leve pelicula na superficie,1,"levemente diferente do padrao, conforme",True,caracteristico do produto,,False
LMU-2504-268,Limpador Multiuso Alcalino,3,Estufa 40C,90,9.32,1.017,-1.267,0.0,2.534,1.807,1,liquido homogeneo com leve pelicula na superficie,2,perceptivelmente mais escura que o padrao,True,caracteristico,pH fora de faixa,True
LMU-2504-268,Limpador Multiuso Alcalino,3,Geladeira 5C,7,9.87,1.014,-0.002,0.0,0.004,0.003,1,"homogeneo, leve turvacao em relacao ao padrao",0,conforme padrao,True,caracteristico,,False
LMU-2504-268,Limpador Multiuso Alcalino,3,Geladeira 5C,15,9.9,1.017,-0.004,0.0,0.009,0.006,1,"homogeneo, leve turvacao em relacao ao padrao",0,conforme padrao,True,caracteristico do produto,,False
LMU-2504-268,Limpador Multiuso Alcalino,3,Geladeira 5C,30,9.83,1.012,-0.009,0.0,0.018,0.013,1,liquido homogeneo com leve pelicula na superficie,0,conforme padrao,True,caracteristico do produto,,False
LMU-2504-268,Limpador Multiuso Alcalino,3,Geladeira 5C,60,9.85,1.013,-0.018,0.0,0.035,0.026,1,"homogeneo, leve turvacao em relacao ao padrao",0,conforme padrao,True,caracteristico do produto,,False
LMU-2504-268,Limpador Multiuso Alcalino,3,Geladeira 5C,90,9.85,1.01,-0.027,0.0,0.053,0.038,1,liquido homogeneo com leve pelicula na superficie,0,conforme padrao,True,caracteristico do produto,,False
LMU-2504-268,Limpador Multiuso Alcalino,3,Luz Solar,7,9.85,1.014,-0.32,0.0,0.993,0.651,1,liquido homogeneo com leve pelicula na superficie,0,conforme padrao,False,"alterado, notas rancosas",odor alterado,True
LMU-2504-268,Limpador Multiuso Alcalino,3,Luz Solar,15,9.79,1.014,-0.644,0.0,1.955,1.279,1,"homogeneo, leve turvacao em relacao ao padrao",1,"levemente diferente do padrao, conforme",True,caracteristico do produto,,False
LMU-2504-268,Limpador Multiuso Alcalino,3,Luz Solar,30,9.79,1.014,-1.152,0.0,3.369,2.197,1,liquido homogeneo com leve pelicula na superficie,2,perceptivelmente mais escura que o padrao,True,caracteristico,,False
LMU-2504-268,Limpador Multiuso Alcalino,3,Luz Solar,60,9.71,1.019,-1.884,0.0,5.175,3.373,1,"homogeneo, leve turvacao em relacao ao padrao",3,amarelada em relacao ao padrao,True,caracteristico,,False
LMU-2504-268,Limpador Multiuso Alcalino,3,Luz Solar,90,9.68,1.016,-2.372,0.0,6.216,4.064,1,"homogeneo, leve turvacao em relacao ao padrao",3,amarelada em relacao ao padrao,True,caracteristico,,False
DLR-2504-273,Detergente Liquido para Roupas,3,Ambiente Escuro 25C,7,9.78,1.016,-0.018,0.0,0.036,0.031,1,"homogeneo, leve turvacao em relacao ao padrao",0,conforme padrao,True,caracteristico do produto,,False
DLR-2504-273,Detergente Liquido para Roupas,3,Ambiente Escuro 25C,15,9.85,1.014,-0.039,0.0,0.078,0.065,1,"homogeneo, leve turvacao em relacao ao padrao",0,conforme padrao,True,caracteristico,,False
DLR-2504-273,Detergente Liquido para Roupas,3,Ambiente Escuro 25C,30,9.87,1.016,-0.078,0.0,0.156,0.131,1,"homogeneo, leve turvacao em relacao ao padrao",0,conforme padrao,True,caracteristico,,False
DLR-2504-273,Detergente Liquido para Roupas,3,Ambiente Escuro 25C,60,9.82,1.015,-0.156,0.0,0.312,0.262,1,"homogeneo, leve turvacao em relacao ao padrao",0,conforme padrao,True,caracteristico,,False
DLR-2504-273,Detergente Liquido para Roupas,3,Ambiente Escuro 25C,90,9.76,1.018,-0.234,0.0,0.468,0.393,0,"liquido homogeneo, sem alteracao",0,conforme padrao,True,caracteristico,,False
DLR-2504-273,Detergente Liquido para Roupas,3,Estufa 40C,7,9.8,1.013,-0.085,0.0,0.171,0.143,1,liquido homogeneo com leve pelicula na superficie,0,conforme padrao,True,caracteristico,,False
DLR-2504-273,Detergente Liquido para Roupas,3,Estufa 40C,15,9.76,1.015,-0.183,0.0,0.366,0.307,1,"homogeneo, leve turvacao em relacao ao padrao",0,conforme padrao,True,caracteristico do produto,,False
DLR-2504-273,Detergente Liquido para Roupas,3,Estufa 40C,30,9.75,1.017,-0.366,0.0,0.732,0.614,1,liquido homogeneo com leve pelicula na superficie,0,conforme padrao,True,caracteristico do produto,,False
DLR-2504-273,Detergente Liquido para Roupas,3,Estufa 40C,60,9.57,1.017,-0.732,0.0,1.464,1.228,1,liquido homogeneo com leve pelicula na superficie,1,"levemente diferente do padrao, conforme",True,caracteristico,,False
DLR-2504-273,Detergente Liquido para Roupas,3,Estufa 40C,90,9.48,1.02,-1.098,0.0,2.196,1.841,1,liquido homogeneo com leve pelicula na superficie,2,perceptivelmente mais escura que o padrao,True,caracteristico do produto,,False
DLR-2504-273,Detergente Liquido para Roupas,3,Geladeira 5C,7,9.82,1.015,-0.002,0.0,0.004,0.003,1,liquido homogeneo com leve pelicula na superficie,0,conforme padrao,True,caracteristico,,False
DLR-2504-273,Detergente Liquido para Roupas,3,Geladeira 5C,15,9.88,1.015,-0.004,0.0,0.008,0.006,1,"homogeneo, leve turvacao em relacao ao padrao",0,conforme padrao,True,caracteristico do produto,,False
DLR-2504-273,Detergente Liquido para Roupas,3,Geladeira 5C,30,9.8,1.014,-0.008,0.0,0.015,0.013,1,"homogeneo, leve turvacao em relacao ao padrao",0,conforme padrao,True,caracteristico,,False
DLR-2504-273,Detergente Liquido para Roupas,3,Geladeira 5C,60,9.84,1.015,-0.015,0.0,0.031,0.026,1,liquido homogeneo com leve pelicula na superficie,0,conforme padrao,True,caracteristico,,False
DLR-2504-273,Detergente Liquido para Roupas,3,Geladeira 5C,90,9.85,1.012,-0.023,0.0,0.046,0.039,1,"homogeneo, leve turvacao em relacao ao padrao",0,conforme padrao,True,caracteristico,,False
DLR-2504-273,Detergente Liquido para Roupas,3,Luz Solar,7,9.91,1.015,-0.281,0.0,0.873,0.696,1,liquido homogeneo com leve pelicula na superficie,0,conforme padrao,True,caracteristico,,False
DLR-2504-273,Detergente Liquido para Roupas,3,Luz Solar,15,9.87,1.014,-0.565,0.0,1.719,1.372,1,"homogeneo, leve turvacao em relacao ao padrao",1,"levemente diferente do padrao, conforme",True,caracteristico do produto,,False
DLR-2504-273,Detergente Liquido para Roupas,3,Luz Solar,30,9.82,1.015,-1.012,0.0,2.961,2.367,1,liquido homogeneo com leve pelicula na superficie,2,perceptivelmente mais escura que o padrao,True,caracteristico,,False
DLR-2504-273,Detergente Liquido para Roupas,3,Luz Solar,60,9.8,1.018,-1.654,0.0,4.546,3.64,1,liquido homogeneo com leve pelicula na superficie,3,amarelada em relacao ao padrao,True,caracteristico,,False
DLR-2504-273,Detergente Liquido para Roupas,3,Luz Solar,90,9.74,1.019,-2.082,0.0,5.457,4.378,1,"homogeneo, leve turvacao em relacao ao padrao",3,amarelada em relacao ao padrao,True,caracteristico,,False
AMA-2505-275,Amaciante de Roupas (esterquat),3,Ambiente Escuro 25C,7,3.02,0.998,-0.02,0.0,0.039,0.035,0,"liquido homogeneo, limpido",0,conforme padrao,True,caracteristico do produto,,False
AMA-2505-275,Amaciante de Roupas (esterquat),3,Ambiente Escuro 25C,15,3.01,0.995,-0.042,0.0,0.084,0.074,0,"liquido homogeneo, limpido",0,conforme padrao,True,caracteristico do produto,,False
AMA-2505-275,Amaciante de Roupas (esterquat),3,Ambiente Escuro 25C,30,2.98,0.995,-0.084,0.0,0.168,0.149,0,"liquido homogeneo, levemente opalescente",0,conforme padrao,True,caracteristico,,False
AMA-2505-275,Amaciante de Roupas (esterquat),3,Ambiente Escuro 25C,60,2.97,0.997,-0.168,0.0,0.336,0.298,0,"liquido homogeneo, levemente opalescente",0,conforme padrao,True,caracteristico do produto,,False
AMA-2505-275,Amaciante de Roupas (esterquat),3,Ambiente Escuro 25C,90,2.88,0.998,-0.252,0.0,0.504,0.448,0,"liquido homogeneo, limpido",0,conforme padrao,True,caracteristico do produto,,False
AMA-2505-275,Amaciante de Roupas (esterquat),3,Estufa 40C,7,2.94,0.996,-0.092,0.0,0.184,0.163,0,"liquido homogeneo, limpido",0,conforme padrao,True,caracteristico do produto,,False
AMA-2505-275,Amaciante de Roupas (esterquat),3,Estufa 40C,15,2.96,0.998,-0.197,0.0,0.394,0.35,0,"liquido homogeneo, limpido",0,conforme padrao,True,caracteristico,,False
AMA-2505-275,Amaciante de Roupas (esterquat),3,Estufa 40C,30,2.84,0.999,-0.394,0.0,0.788,0.704,0,"liquido homogeneo, levemente opalescente",0,conforme padrao,True,caracteristico,,False
AMA-2505-275,Amaciante de Roupas (esterquat),3,Estufa 40C,60,2.68,1.001,-0.788,0.0,1.577,1.421,0,"liquido homogeneo, limpido",1,"levemente diferente do padrao, conforme",True,caracteristico do produto,,False
AMA-2505-275,Amaciante de Roupas (esterquat),3,Estufa 40C,90,2.6,1.004,-1.182,0.0,2.365,2.15,0,"liquido homogeneo, limpido",2,perceptivelmente mais escura que o padrao,True,caracteristico do produto,,False
AMA-2505-275,Amaciante de Roupas (esterquat),3,Geladeira 5C,7,3.0,0.996,-0.002,0.0,0.004,0.003,0,"liquido homogeneo, levemente opalescente",0,conforme padrao,True,caracteristico,,False
AMA-2505-275,Amaciante de Roupas (esterquat),3,Geladeira 5C,15,3.01,0.997,-0.004,0.0,0.008,0.007,0,"liquido homogeneo, sem alteracao",0,conforme padrao,True,caracteristico do produto,,False
AMA-2505-275,Amaciante de Roupas (esterquat),3,Geladeira 5C,30,2.99,0.995,-0.008,0.0,0.017,0.015,0,"liquido homogeneo, sem alteracao",0,conforme padrao,True,caracteristico do produto,,False
AMA-2505-275,Amaciante de Roupas (esterquat),3,Geladeira 5C,60,3.0,0.995,-0.017,0.0,0.033,0.029,0,"liquido homogeneo, sem alteracao",0,conforme padrao,True,caracteristico do produto,,False
AMA-2505-275,Amaciante de Roupas (esterquat),3,Geladeira 5C,90,2.99,0.998,-0.025,0.0,0.05,0.044,0,"liquido homogeneo, limpido",0,conforme padrao,True,caracteristico,,False
AMA-2505-275,Amaciante de Roupas (esterquat),3,Luz Solar,7,3.0,0.996,-0.226,0.0,0.693,0.596,0,"liquido homogeneo, sem alteracao",0,conforme padrao,True,caracteristico,,False
AMA-2505-275,Amaciante de Roupas (esterquat),3,Luz Solar,15,3.01,1.0,-0.457,0.0,1.368,1.188,0,"liquido homogeneo, levemente opalescente",1,"levemente diferente do padrao, conforme",True,caracteristico,,False
AMA-2505-275,Amaciante de Roupas (esterquat),3,Luz Solar,30,2.91,0.994,-0.822,0.0,2.369,2.086,0,"liquido homogeneo, levemente opalescente",2,perceptivelmente mais escura que o padrao,True,caracteristico do produto,,False
AMA-2505-275,Amaciante de Roupas (esterquat),3,Luz Solar,60,2.9,0.998,-1.359,0.0,3.674,3.287,0,"liquido homogeneo, limpido",3,amarelada em relacao ao padrao,True,caracteristico do produto,,False
AMA-2505-275,Amaciante de Roupas (esterquat),3,Luz Solar,90,2.83,1.001,-1.73,0.0,4.46,4.022,0,"liquido homogeneo, levemente opalescente",3,amarelada em relacao ao padrao,True,caracteristico,,False
DLR-2505-277,Detergente Liquido para Roupas,3,Ambiente Escuro 25C,7,9.6,1.029,-0.018,0.0,0.036,0.031,0,"liquido homogeneo, limpido",0,conforme padrao,True,caracteristico do produto,,False
DLR-2505-277,Detergente Liquido para Roupas,3,Ambiente Escuro 25C,15,9.58,1.029,-0.039,0.0,0.078,0.065,0,"liquido homogeneo, limpido",0,conforme padrao,True,caracteristico,,False
DLR-2505-277,Detergente Liquido para Roupas,3,Ambiente Escuro 25C,30,9.55,1.034,-0.078,0.0,0.156,0.131,0,"liquido homogeneo, sem alteracao",0,conforme padrao,True,caracteristico,,False
DLR-2505-277,Detergente Liquido para Roupas,3,Ambiente Escuro 25C,60,9.58,1.03,-0.156,0.0,0.312,0.262,0,"liquido homogeneo, limpido",0,conforme padrao,True,caracteristico do produto,,False
DLR-2505-277,Detergente Liquido para Roupas,3,Ambiente Escuro 25C,90,9.55,1.035,-0.234,0.0,0.468,0.393,0,"liquido homogeneo, limpido",0,conforme padrao,True,caracteristico,,False
DLR-2505-277,Detergente Liquido para Roupas,3,Estufa 40C,7,9.55,1.03,-0.085,0.0,0.171,0.143,0,"liquido homogeneo, levemente opalescente",0,conforme padrao,True,caracteristico do produto,,False
DLR-2505-277,Detergente Liquido para Roupas,3,Estufa 40C,15,9.57,1.032,-0.183,0.0,0.366,0.307,0,"liquido homogeneo, levemente opalescente",0,conforme padrao,True,caracteristico,,False
DLR-2505-277,Detergente Liquido para Roupas,3,Estufa 40C,30,9.48,1.033,-0.366,0.0,0.732,0.614,0,"liquido homogeneo, levemente opalescente",0,conforme padrao,True,caracteristico do produto,,False
DLR-2505-277,Detergente Liquido para Roupas,3,Estufa 40C,60,9.41,1.036,-0.732,0.0,1.464,1.228,0,"liquido homogeneo, limpido",1,"levemente diferente do padrao, conforme",True,caracteristico do produto,densidade fora de faixa,True
DLR-2505-277,Detergente Liquido para Roupas,3,Estufa 40C,90,9.31,1.037,-1.098,0.0,2.196,1.841,0,"liquido homogeneo, sem alteracao",2,perceptivelmente mais escura que o padrao,True,caracteristico,densidade fora de faixa,True
DLR-2505-277,Detergente Liquido para Roupas,3,Geladeira 5C,7,9.56,1.032,-0.002,0.0,0.004,0.003,0,"liquido homogeneo, sem alteracao",0,conforme padrao,True,caracteristico do produto,,False
DLR-2505-277,Detergente Liquido para Roupas,3,Geladeira 5C,15,9.54,1.032,-0.004,0.0,0.008,0.006,0,"liquido homogeneo, sem alteracao",0,conforme padrao,True,caracteristico do produto,,False
DLR-2505-277,Detergente Liquido para Roupas,3,Geladeira 5C,30,9.56,1.031,-0.008,0.0,0.015,0.013,0,"liquido homogeneo, sem alteracao",0,conforme padrao,True,caracteristico do produto,,False
DLR-2505-277,Detergente Liquido para Roupas,3,Geladeira 5C,60,9.53,1.03,-0.015,0.0,0.031,0.026,0,"liquido homogeneo, limpido",0,conforme padrao,True,caracteristico,,False
DLR-2505-277,Detergente Liquido para Roupas,3,Geladeira 5C,90,9.6,1.03,-0.023,0.0,0.046,0.039,0,"liquido homogeneo, limpido",0,conforme padrao,True,caracteristico do produto,,False
DLR-2505-277,Detergente Liquido para Roupas,3,Luz Solar,7,9.58,1.03,-0.281,0.0,0.873,0.697,0,"liquido homogeneo, levemente opalescente",0,conforme padrao,True,caracteristico do produto,,False
DLR-2505-277,Detergente Liquido para Roupas,3,Luz Solar,15,9.6,1.033,-0.565,0.0,1.719,1.374,0,"liquido homogeneo, limpido",1,"levemente diferente do padrao, conforme",True,caracteristico,,False
DLR-2505-277,Detergente Liquido para Roupas,3,Luz Solar,30,9.61,1.03,-1.012,0.0,2.961,2.368,0,"liquido homogeneo, limpido",2,perceptivelmente mais escura que o padrao,True,caracteristico do produto,,False
DLR-2505-277,Detergente Liquido para Roupas,3,Luz Solar,60,9.52,1.031,-1.654,0.0,4.546,3.64,0,"liquido homogeneo, limpido",3,amarelada em relacao ao padrao,True,caracteristico do produto,,False
DLR-2505-277,Detergente Liquido para Roupas,3,Luz Solar,90,9.48,1.034,-2.082,0.0,5.457,4.377,1,"homogeneo, leve turvacao em relacao ao padrao",3,amarelada em relacao ao padrao,True,caracteristico,,False
AMA-2505-278,Amaciante de Roupas (esterquat),3,Ambiente Escuro 25C,7,3.4,1.005,-0.02,0.0,0.039,0.035,1,liquido homogeneo com leve pelicula na superficie,0,conforme padrao,True,caracteristico,,False
AMA-2505-278,Amaciante de Roupas (esterquat),3,Ambiente Escuro 25C,15,3.4,1.003,-0.042,0.0,0.084,0.074,1,liquido homogeneo com leve pelicula na superficie,0,conforme padrao,True,caracteristico,,False
AMA-2505-278,Amaciante de Roupas (esterquat),3,Ambiente Escuro 25C,30,3.42,1.004,-0.084,0.0,0.168,0.149,1,liquido homogeneo com leve pelicula na superficie,0,conforme padrao,True,caracteristico do produto,,False
AMA-2505-278,Amaciante de Roupas (esterquat),3,Ambiente Escuro 25C,60,3.33,1.001,-0.168,0.0,0.336,0.299,2,"leve cremeacao na superficie, porem conforme",0,conforme padrao,True,caracteristico do produto,,False
AMA-2505-278,Amaciante de Roupas (esterquat),3,Ambiente Escuro 25C,90,3.22,1.006,-0.252,0.0,0.504,0.449,1,"homogeneo, leve turvacao em relacao ao padrao",0,conforme padrao,True,caracteristico do produto,,False
AMA-2505-278,Amaciante de Roupas (esterquat),3,Estufa 40C,7,3.35,1.004,-0.092,0.0,0.184,0.163,2,"cremeacao visivel na superficie, reversivel a agitacao",0,conforme padrao,True,caracteristico,,False
AMA-2505-278,Amaciante de Roupas (esterquat),3,Estufa 40C,15,3.31,1.006,-0.197,0.0,0.394,0.351,2,"cremeacao visivel na superficie, reversivel a agitacao",0,conforme padrao,True,caracteristico,,False
AMA-2505-278,Amaciante de Roupas (esterquat),3,Estufa 40C,30,3.16,1.007,-0.394,0.0,0.788,0.704,1,liquido homogeneo com leve pelicula na superficie,0,conforme padrao,True,caracteristico,,False
AMA-2505-278,Amaciante de Roupas (esterquat),3,Estufa 40C,60,2.99,1.011,-0.788,0.0,1.577,1.422,2,"leve cremeacao na superficie, porem conforme",1,"levemente diferente do padrao, conforme",True,caracteristico,densidade fora de faixa,True
AMA-2505-278,Amaciante de Roupas (esterquat),3,Estufa 40C,90,2.78,1.01,-1.182,0.0,2.365,2.149,3,"separacao parcial de fase, camada superior definida",2,perceptivelmente mais escura que o padrao,True,caracteristico do produto,aspecto nao conforme,True
AMA-2505-278,Amaciante de Roupas (esterquat),3,Geladeira 5C,7,3.4,1.0,-0.002,0.0,0.004,0.003,1,liquido homogeneo com leve pelicula na superficie,0,conforme padrao,True,caracteristico do produto,,False
AMA-2505-278,Amaciante de Roupas (esterquat),3,Geladeira 5C,15,3.39,1.002,-0.004,0.0,0.008,0.007,1,"homogeneo, leve turvacao em relacao ao padrao",0,conforme padrao,True,caracteristico do produto,,False
AMA-2505-278,Amaciante de Roupas (esterquat),3,Geladeira 5C,30,3.42,1.002,-0.008,0.0,0.017,0.015,2,"leve cremeacao na superficie, porem conforme",0,conforme padrao,True,caracteristico,,False
AMA-2505-278,Amaciante de Roupas (esterquat),3,Geladeira 5C,60,3.38,1.003,-0.017,0.0,0.033,0.029,2,"leve cremeacao na superficie, porem conforme",0,conforme padrao,True,caracteristico do produto,,False
AMA-2505-278,Amaciante de Roupas (esterquat),3,Geladeira 5C,90,3.42,1.002,-0.025,0.0,0.05,0.044,1,"homogeneo, leve turvacao em relacao ao padrao",0,conforme padrao,True,caracteristico,,False
AMA-2505-278,Amaciante de Roupas (esterquat),3,Luz Solar,7,3.38,1.004,-0.226,0.0,0.693,0.596,1,"homogeneo, leve turvacao em relacao ao padrao",0,conforme padrao,True,caracteristico,,False
AMA-2505-278,Amaciante de Roupas (esterquat),3,Luz Solar,15,3.33,1.002,-0.457,0.0,1.368,1.188,1,liquido homogeneo com leve pelicula na superficie,1,"levemente diferente do padrao, conforme",True,caracteristico do produto,,False
AMA-2505-278,Amaciante de Roupas (esterquat),3,Luz Solar,30,3.37,1.004,-0.822,0.0,2.369,2.085,1,"homogeneo, leve turvacao em relacao ao padrao",2,perceptivelmente mais escura que o padrao,True,caracteristico do produto,,False
AMA-2505-278,Amaciante de Roupas (esterquat),3,Luz Solar,60,3.27,1.006,-1.359,0.0,3.674,3.282,1,liquido homogeneo com leve pelicula na superficie,3,amarelada em relacao ao padrao,True,caracteristico,,False
AMA-2505-278,Amaciante de Roupas (esterquat),3,Luz Solar,90,3.17,1.005,-1.73,0.0,4.46,4.015,2,"leve cremeacao na superficie, porem conforme",3,amarelada em relacao ao padrao,True,caracteristico do produto,,False
ALV-2505-281,Alvejante Liquido sem Cloro,3,Ambiente Escuro 25C,7,4.33,1.052,-0.014,0.0,0.028,0.025,1,liquido homogeneo com leve pelicula na superficie,0,conforme padrao,True,caracteristico,,False
ALV-2505-281,Alvejante Liquido sem Cloro,3,Ambiente Escuro 25C,15,4.35,1.051,-0.03,0.0,0.06,0.054,1,liquido homogeneo com leve pelicula na superficie,0,conforme padrao,True,caracteristico,,False
ALV-2505-281,Alvejante Liquido sem Cloro,3,Ambiente Escuro 25C,30,4.24,1.051,-0.06,0.0,0.12,0.107,1,liquido homogeneo com leve pelicula na superficie,0,conforme padrao,True,caracteristico,,False
ALV-2505-281,Alvejante Liquido sem Cloro,3,Ambiente Escuro 25C,60,4.23,1.049,-0.12,0.0,0.24,0.215,2,"leve cremeacao na superficie, porem conforme",0,conforme padrao,True,caracteristico do produto,,False
ALV-2505-281,Alvejante Liquido sem Cloro,3,Ambiente Escuro 25C,90,4.13,1.052,-0.18,0.0,0.36,0.321,2,"leve cremeacao na superficie, porem conforme",0,conforme padrao,True,caracteristico,,False
ALV-2505-281,Alvejante Liquido sem Cloro,3,Estufa 40C,7,4.26,1.051,-0.066,0.0,0.131,0.118,2,"leve cremeacao na superficie, porem conforme",0,conforme padrao,True,caracteristico do produto,,False
ALV-2505-281,Alvejante Liquido sem Cloro,3,Estufa 40C,15,4.21,1.048,-0.141,0.0,0.282,0.251,1,"homogeneo, leve turvacao em relacao ao padrao",0,conforme padrao,True,caracteristico,,False
ALV-2505-281,Alvejante Liquido sem Cloro,3,Estufa 40C,30,4.12,1.051,-0.282,0.0,0.563,0.501,1,"homogeneo, leve turvacao em relacao ao padrao",0,conforme padrao,True,caracteristico,,False
ALV-2505-281,Alvejante Liquido sem Cloro,3,Estufa 40C,60,3.91,1.053,-0.563,0.0,1.126,0.992,2,"cremeacao visivel na superficie, reversivel a agitacao",1,"levemente diferente do padrao, conforme",True,caracteristico,,False
ALV-2505-281,Alvejante Liquido sem Cloro,3,Estufa 40C,90,3.63,1.058,-0.845,0.0,1.689,1.475,2,"cremeacao visivel na superficie, reversivel a agitacao",1,"levemente diferente do padrao, conforme",True,caracteristico,,False
ALV-2505-281,Alvejante Liquido sem Cloro,3,Geladeira 5C,7,4.3,1.049,-0.001,0.0,0.003,0.002,1,liquido homogeneo com leve pelicula na superficie,0,conforme padrao,True,caracteristico do produto,,False
ALV-2505-281,Alvejante Liquido sem Cloro,3,Geladeira 5C,15,4.3,1.05,-0.003,0.0,0.006,0.005,1,liquido homogeneo com leve pelicula na superficie,0,conforme padrao,True,caracteristico,,False
ALV-2505-281,Alvejante Liquido sem Cloro,3,Geladeira 5C,30,4.28,1.05,-0.006,0.0,0.012,0.011,1,"homogeneo, leve turvacao em relacao ao padrao",0,conforme padrao,True,caracteristico,,False
ALV-2505-281,Alvejante Liquido sem Cloro,3,Geladeira 5C,60,4.26,1.048,-0.012,0.0,0.024,0.021,2,"leve cremeacao na superficie, porem conforme",0,conforme padrao,True,caracteristico do produto,,False
ALV-2505-281,Alvejante Liquido sem Cloro,3,Geladeira 5C,90,4.29,1.05,-0.018,0.0,0.035,0.032,1,"homogeneo, leve turvacao em relacao ao padrao",0,conforme padrao,True,caracteristico,,False
ALV-2505-281,Alvejante Liquido sem Cloro,3,Luz Solar,7,4.31,1.049,-0.376,0.0,1.19,1.01,1,liquido homogeneo com leve pelicula na superficie,1,"levemente diferente do padrao, conforme",True,caracteristico do produto,,False
ALV-2505-281,Alvejante Liquido sem Cloro,3,Luz Solar,15,4.3,1.052,-0.754,0.0,2.337,1.946,1,liquido homogeneo com leve pelicula na superficie,2,perceptivelmente mais escura que o padrao,True,caracteristico do produto,,False
ALV-2505-281,Alvejante Liquido sem Cloro,3,Luz Solar,30,4.27,1.047,-1.34,0.0,4.002,3.249,1,liquido homogeneo com leve pelicula na superficie,3,amarelada em relacao ao padrao,True,caracteristico do produto,,False
ALV-2505-281,Alvejante Liquido sem Cloro,3,Luz Solar,60,4.15,1.052,-2.16,0.0,6.066,4.784,1,"homogeneo, leve turvacao em relacao ao padrao",3,amarelada em relacao ao padrao,True,caracteristico do produto,,False
ALV-2505-281,Alvejante Liquido sem Cloro,3,Luz Solar,90,4.05,1.05,-2.678,0.0,7.18,5.589,1,liquido homogeneo com leve pelicula na superficie,3,amarelada em relacao ao padrao,True,caracteristico do produto,,False
DES-2505-284,Desinfetante Quaternario Concentrado,3,Ambiente Escuro 25C,7,6.82,1.007,-0.015,0.0,0.031,0.018,0,"liquido homogeneo, levemente opalescente",0,conforme padrao,True,caracteristico do produto,,False
DES-2505-284,Desinfetante Quaternario Concentrado,3,Ambiente Escuro 25C,15,6.78,1.009,-0.033,0.0,0.066,0.038,0,"liquido homogeneo, levemente opalescente",0,conforme padrao,True,caracteristico,,False
DES-2505-284,Desinfetante Quaternario Concentrado,3,Ambiente Escuro 25C,30,6.86,1.007,-0.066,0.0,0.132,0.075,0,"liquido homogeneo, levemente opalescente",0,conforme padrao,True,caracteristico,,False
DES-2505-284,Desinfetante Quaternario Concentrado,3,Ambiente Escuro 25C,60,6.85,1.006,-0.132,0.0,0.264,0.151,0,"liquido homogeneo, sem alteracao",0,conforme padrao,True,caracteristico,,False
DES-2505-284,Desinfetante Quaternario Concentrado,3,Ambiente Escuro 25C,90,6.78,1.006,-0.198,0.0,0.396,0.226,0,"liquido homogeneo, sem alteracao",0,conforme padrao,True,caracteristico do produto,,False
DES-2505-284,Desinfetante Quaternario Concentrado,3,Estufa 40C,7,6.86,1.005,-0.072,0.0,0.145,0.082,0,"liquido homogeneo, sem alteracao",0,conforme padrao,True,caracteristico do produto,,False
DES-2505-284,Desinfetante Quaternario Concentrado,3,Estufa 40C,15,6.73,1.009,-0.155,0.0,0.31,0.177,0,"liquido homogeneo, levemente opalescente",0,conforme padrao,True,caracteristico do produto,,False
DES-2505-284,Desinfetante Quaternario Concentrado,3,Estufa 40C,30,6.78,1.009,-0.31,0.0,0.619,0.355,0,"liquido homogeneo, levemente opalescente",0,conforme padrao,True,caracteristico do produto,,False
DES-2505-284,Desinfetante Quaternario Concentrado,3,Estufa 40C,60,6.68,1.012,-0.619,0.0,1.239,0.714,0,"liquido homogeneo, levemente opalescente",0,conforme padrao,True,caracteristico do produto,,False
DES-2505-284,Desinfetante Quaternario Concentrado,3,Estufa 40C,90,6.58,1.008,-0.929,0.0,1.858,1.077,0,"liquido homogeneo, levemente opalescente",1,"levemente diferente do padrao, conforme",True,caracteristico do produto,,False
DES-2505-284,Desinfetante Quaternario Concentrado,3,Geladeira 5C,7,6.85,1.004,-0.002,0.0,0.003,0.002,1,liquido homogeneo com leve pelicula na superficie,0,conforme padrao,True,caracteristico do produto,,False
DES-2505-284,Desinfetante Quaternario Concentrado,3,Geladeira 5C,15,6.84,1.007,-0.003,0.0,0.006,0.004,0,"liquido homogeneo, limpido",0,conforme padrao,True,caracteristico do produto,,False
DES-2505-284,Desinfetante Quaternario Concentrado,3,Geladeira 5C,30,6.81,1.008,-0.006,0.0,0.013,0.007,0,"liquido homogeneo, sem alteracao",0,conforme padrao,True,caracteristico do produto,,False
DES-2505-284,Desinfetante Quaternario Concentrado,3,Geladeira 5C,60,6.81,1.008,-0.013,0.0,0.026,0.015,0,"liquido homogeneo, levemente opalescente",0,conforme padrao,True,caracteristico do produto,,False
DES-2505-284,Desinfetante Quaternario Concentrado,3,Geladeira 5C,90,6.74,1.007,-0.019,0.0,0.039,0.022,0,"liquido homogeneo, levemente opalescente",0,conforme padrao,True,caracteristico,,False
DES-2505-284,Desinfetante Quaternario Concentrado,3,Luz Solar,7,6.86,1.007,-0.344,0.0,1.084,0.519,0,"liquido homogeneo, limpido",0,conforme padrao,True,caracteristico,,False
DES-2505-284,Desinfetante Quaternario Concentrado,3,Luz Solar,15,6.78,1.006,-0.691,0.0,2.131,1.04,0,"liquido homogeneo, limpido",1,"levemente diferente do padrao, conforme",True,caracteristico,,False
DES-2505-284,Desinfetante Quaternario Concentrado,3,Luz Solar,30,6.76,1.002,-1.231,0.0,3.655,1.843,0,"liquido homogeneo, limpido",2,perceptivelmente mais escura que o padrao,True,caracteristico,,False
DES-2505-284,Desinfetante Quaternario Concentrado,3,Luz Solar,60,6.77,1.007,-1.991,0.0,5.559,2.934,0,"liquido homogeneo, levemente opalescente",2,perceptivelmente mais escura que o padrao,True,caracteristico do produto,,False
DES-2505-284,Desinfetante Quaternario Concentrado,3,Luz Solar,90,6.71,1.008,-2.479,0.0,6.606,3.592,0,"liquido homogeneo, levemente opalescente",3,amarelada em relacao ao padrao,True,caracteristico,,False
DLR-2505-285,Detergente Liquido para Roupas,3,Ambiente Escuro 25C,7,9.39,1.024,-0.018,0.0,0.036,0.031,0,"liquido homogeneo, sem alteracao",0,conforme padrao,True,caracteristico,,False
DLR-2505-285,Detergente Liquido para Roupas,3,Ambiente Escuro 25C,15,9.36,1.028,-0.039,0.0,0.078,0.066,1,liquido homogeneo com leve pelicula na superficie,0,conforme padrao,True,caracteristico,,False
DLR-2505-285,Detergente Liquido para Roupas,3,Ambiente Escuro 25C,30,9.38,1.026,-0.078,0.0,0.156,0.131,0,"liquido homogeneo, levemente opalescente",0,conforme padrao,True,caracteristico do produto,,False
DLR-2505-285,Detergente Liquido para Roupas,3,Ambiente Escuro 25C,60,9.35,1.024,-0.156,0.0,0.312,0.263,0,"liquido homogeneo, limpido",0,conforme padrao,True,caracteristico do produto,,False
DLR-2505-285,Detergente Liquido para Roupas,3,Ambiente Escuro 25C,90,9.36,1.025,-0.234,0.0,0.468,0.394,1,liquido homogeneo com leve pelicula na superficie,0,conforme padrao,True,caracteristico do produto,,False
DLR-2505-285,Detergente Liquido para Roupas,3,Estufa 40C,7,9.35,1.021,-0.085,0.0,0.171,0.144,0,"liquido homogeneo, limpido",0,conforme padrao,True,caracteristico do produto,,False
DLR-2505-285,Detergente Liquido para Roupas,3,Estufa 40C,15,9.35,1.021,-0.183,0.0,0.366,0.308,0,"liquido homogeneo, sem alteracao",0,conforme padrao,True,caracteristico do produto,,False
DLR-2505-285,Detergente Liquido para Roupas,3,Estufa 40C,30,9.34,1.025,-0.366,0.0,0.732,0.616,0,"liquido homogeneo, limpido",0,conforme padrao,True,caracteristico,,False
DLR-2505-285,Detergente Liquido para Roupas,3,Estufa 40C,60,9.17,1.026,-0.732,0.0,1.464,1.23,1,"homogeneo, leve turvacao em relacao ao padrao",1,"levemente diferente do padrao, conforme",True,caracteristico,,False
DLR-2505-285,Detergente Liquido para Roupas,3,Estufa 40C,90,9.06,1.029,-1.098,0.0,2.196,1.841,0,"liquido homogeneo, limpido",2,perceptivelmente mais escura que o padrao,True,caracteristico,,False
DLR-2505-285,Detergente Liquido para Roupas,3,Geladeira 5C,7,9.45,1.024,-0.002,0.0,0.004,0.003,0,"liquido homogeneo, levemente opalescente",0,conforme padrao,True,caracteristico do produto,,False
DLR-2505-285,Detergente Liquido para Roupas,3,Geladeira 5C,15,9.38,1.026,-0.004,0.0,0.008,0.006,0,"liquido homogeneo, levemente opalescente",0,conforme padrao,True,caracteristico do produto,,False
DLR-2505-285,Detergente Liquido para Roupas,3,Geladeira 5C,30,9.34,1.027,-0.008,0.0,0.015,0.013,1,"homogeneo, leve turvacao em relacao ao padrao",0,conforme padrao,True,caracteristico,,False
DLR-2505-285,Detergente Liquido para Roupas,3,Geladeira 5C,60,9.39,1.026,-0.015,0.0,0.031,0.026,0,"liquido homogeneo, sem alteracao",0,conforme padrao,True,caracteristico do produto,,False
DLR-2505-285,Detergente Liquido para Roupas,3,Geladeira 5C,90,9.36,1.024,-0.023,0.0,0.046,0.039,1,"homogeneo, leve turvacao em relacao ao padrao",0,conforme padrao,True,caracteristico do produto,,False
DLR-2505-285,Detergente Liquido para Roupas,3,Luz Solar,7,9.38,1.025,-0.281,0.0,0.873,0.697,0,"liquido homogeneo, limpido",0,conforme padrao,True,caracteristico,,False
DLR-2505-285,Detergente Liquido para Roupas,3,Luz Solar,15,9.35,1.022,-0.565,0.0,1.719,1.373,0,"liquido homogeneo, sem alteracao",1,"levemente diferente do padrao, conforme",True,caracteristico do produto,,False
DLR-2505-285,Detergente Liquido para Roupas,3,Luz Solar,30,9.32,1.022,-1.012,0.0,2.961,2.363,0,"liquido homogeneo, sem alteracao",2,perceptivelmente mais escura que o padrao,True,caracteristico do produto,,False
DLR-2505-285,Detergente Liquido para Roupas,3,Luz Solar,60,9.28,1.028,-1.654,0.0,4.546,3.626,0,"liquido homogeneo, levemente opalescente",3,amarelada em relacao ao padrao,True,caracteristico do produto,,False
DLR-2505-285,Detergente Liquido para Roupas,3,Luz Solar,90,9.34,1.025,-2.082,0.0,5.457,4.356,0,"liquido homogeneo, limpido",3,amarelada em relacao ao padrao,True,caracteristico,,False
LMU-2505-286,Limpador Multiuso Alcalino,3,Ambiente Escuro 25C,7,10.29,1.011,-0.021,0.0,0.042,0.03,1,"homogeneo, leve turvacao em relacao ao padrao",0,conforme padrao,True,caracteristico do produto,,False
LMU-2505-286,Limpador Multiuso Alcalino,3,Ambiente Escuro 25C,15,10.32,1.009,-0.045,0.0,0.09,0.064,1,liquido homogeneo com leve pelicula na superficie,0,conforme padrao,True,caracteristico do produto,,False
LMU-2505-286,Limpador Multiuso Alcalino,3,Ambiente Escuro 25C,30,10.22,1.008,-0.09,0.0,0.18,0.128,1,liquido homogeneo com leve pelicula na superficie,0,conforme padrao,True,caracteristico,,False
LMU-2505-286,Limpador Multiuso Alcalino,3,Ambiente Escuro 25C,60,10.18,1.011,-0.18,0.0,0.36,0.256,1,"homogeneo, leve turvacao em relacao ao padrao",0,conforme padrao,True,caracteristico,,False
LMU-2505-286,Limpador Multiuso Alcalino,3,Ambiente Escuro 25C,90,10.16,1.012,-0.27,0.0,0.54,0.383,1,"homogeneo, leve turvacao em relacao ao padrao",0,conforme padrao,True,caracteristico,,False
LMU-2505-286,Limpador Multiuso Alcalino,3,Estufa 40C,7,10.22,1.01,-0.099,0.0,0.197,0.14,1,"homogeneo, leve turvacao em relacao ao padrao",0,conforme padrao,True,caracteristico do produto,,False
LMU-2505-286,Limpador Multiuso Alcalino,3,Estufa 40C,15,10.17,1.007,-0.211,0.0,0.422,0.3,1,liquido homogeneo com leve pelicula na superficie,0,conforme padrao,True,caracteristico do produto,,False
LMU-2505-286,Limpador Multiuso Alcalino,3,Estufa 40C,30,10.13,1.01,-0.422,0.0,0.845,0.598,1,liquido homogeneo com leve pelicula na superficie,0,conforme padrao,True,caracteristico do produto,,False
LMU-2505-286,Limpador Multiuso Alcalino,3,Estufa 40C,60,9.87,1.01,-0.845,0.0,1.689,1.192,1,liquido homogeneo com leve pelicula na superficie,1,"levemente diferente do padrao, conforme",True,caracteristico do produto,,False
LMU-2505-286,Limpador Multiuso Alcalino,3,Estufa 40C,90,9.76,1.012,-1.267,0.0,2.534,1.781,2,"cremeacao visivel na superficie, reversivel a agitacao",2,perceptivelmente mais escura que o padrao,True,caracteristico do produto,,False
LMU-2505-286,Limpador Multiuso Alcalino,3,Geladeira 5C,7,10.3,1.011,-0.002,0.0,0.004,0.003,1,"homogeneo, leve turvacao em relacao ao padrao",0,conforme padrao,True,caracteristico do produto,,False
LMU-2505-286,Limpador Multiuso Alcalino,3,Geladeira 5C,15,10.22,1.008,-0.004,0.0,0.009,0.006,1,liquido homogeneo com leve pelicula na superficie,0,conforme padrao,True,caracteristico,,False
LMU-2505-286,Limpador Multiuso Alcalino,3,Geladeira 5C,30,10.26,1.012,-0.009,0.0,0.018,0.013,1,"homogeneo, leve turvacao em relacao ao padrao",0,conforme padrao,True,caracteristico,,False
LMU-2505-286,Limpador Multiuso Alcalino,3,Geladeira 5C,60,10.3,1.011,-0.018,0.0,0.035,0.025,1,"homogeneo, leve turvacao em relacao ao padrao",0,conforme padrao,True,caracteristico,,False
LMU-2505-286,Limpador Multiuso Alcalino,3,Geladeira 5C,90,10.22,1.009,-0.027,0.0,0.053,0.038,1,"homogeneo, leve turvacao em relacao ao padrao",0,conforme padrao,True,caracteristico,,False
LMU-2505-286,Limpador Multiuso Alcalino,3,Luz Solar,7,10.29,1.008,-0.32,0.0,0.993,0.641,1,liquido homogeneo com leve pelicula na superficie,0,conforme padrao,True,caracteristico,,False
LMU-2505-286,Limpador Multiuso Alcalino,3,Luz Solar,15,10.26,1.011,-0.644,0.0,1.955,1.258,1,"homogeneo, leve turvacao em relacao ao padrao",1,"levemente diferente do padrao, conforme",True,caracteristico,,False
LMU-2505-286,Limpador Multiuso Alcalino,3,Luz Solar,30,10.23,1.008,-1.152,0.0,3.369,2.162,1,liquido homogeneo com leve pelicula na superficie,2,perceptivelmente mais escura que o padrao,True,caracteristico do produto,,False
LMU-2505-286,Limpador Multiuso Alcalino,3,Luz Solar,60,10.22,1.011,-1.884,0.0,5.175,3.321,1,liquido homogeneo com leve pelicula na superficie,3,amarelada em relacao ao padrao,True,caracteristico,,False
LMU-2505-286,Limpador Multiuso Alcalino,3,Luz Solar,90,10.03,1.009,-2.372,0.0,6.216,4.002,2,"leve cremeacao na superficie, porem conforme",3,amarelada em relacao ao padrao,True,caracteristico do produto,,False
DES-2505-288,Desinfetante Quaternario Concentrado,3,Ambiente Escuro 25C,7,6.89,1.005,-0.015,0.0,0.031,0.017,2,"leve cremeacao na superficie, porem conforme",0,conforme padrao,True,caracteristico,,False
DES-2505-288,Desinfetante Quaternario Concentrado,3,Ambiente Escuro 25C,15,6.86,1.002,-0.033,0.0,0.066,0.037,2,"leve cremeacao na superficie, porem conforme",0,conforme padrao,True,caracteristico do produto,,False
DES-2505-288,Desinfetante Quaternario Concentrado,3,Ambiente Escuro 25C,30,6.88,1.002,-0.066,0.0,0.132,0.074,1,liquido homogeneo com leve pelicula na superficie,0,conforme padrao,True,caracteristico,,False
DES-2505-288,Desinfetante Quaternario Concentrado,3,Ambiente Escuro 25C,60,6.84,1.006,-0.132,0.0,0.264,0.149,2,"cremeacao visivel na superficie, reversivel a agitacao",0,conforme padrao,True,caracteristico,,False
DES-2505-288,Desinfetante Quaternario Concentrado,3,Ambiente Escuro 25C,90,6.85,1.006,-0.198,0.0,0.396,0.223,2,"leve cremeacao na superficie, porem conforme",0,conforme padrao,True,caracteristico do produto,,False
DES-2505-288,Desinfetante Quaternario Concentrado,3,Estufa 40C,7,6.9,1.003,-0.072,0.0,0.145,0.081,1,"homogeneo, leve turvacao em relacao ao padrao",0,conforme padrao,True,caracteristico do produto,,False
DES-2505-288,Desinfetante Quaternario Concentrado,3,Estufa 40C,15,6.89,1.007,-0.155,0.0,0.31,0.175,2,"leve cremeacao na superficie, porem conforme",0,conforme padrao,True,caracteristico,,False
DES-2505-288,Desinfetante Quaternario Concentrado,3,Estufa 40C,30,6.8,1.006,-0.31,0.0,0.619,0.35,1,"homogeneo, leve turvacao em relacao ao padrao",0,conforme padrao,True,caracteristico,,False
DES-2505-288,Desinfetante Quaternario Concentrado,3,Estufa 40C,60,6.68,1.006,-0.619,0.0,1.239,0.705,2,"cremeacao visivel na superficie, reversivel a agitacao",0,conforme padrao,True,caracteristico,,False
DES-2505-288,Desinfetante Quaternario Concentrado,3,Estufa 40C,90,6.59,1.009,-0.929,0.0,1.858,1.063,3,"separacao parcial de fase, camada superior definida",1,"levemente diferente do padrao, conforme",True,caracteristico do produto,aspecto nao conforme,True
DES-2505-288,Desinfetante Quaternario Concentrado,3,Geladeira 5C,7,6.88,1.002,-0.002,0.0,0.003,0.002,2,"leve cremeacao na superficie, porem conforme",0,conforme padrao,True,caracteristico,,False
DES-2505-288,Desinfetante Quaternario Concentrado,3,Geladeira 5C,15,6.93,1.002,-0.003,0.0,0.006,0.004,2,"cremeacao visivel na superficie, reversivel a agitacao",0,conforme padrao,True,caracteristico do produto,,False
DES-2505-288,Desinfetante Quaternario Concentrado,3,Geladeira 5C,30,6.86,1.006,-0.006,0.0,0.013,0.007,2,"leve cremeacao na superficie, porem conforme",0,conforme padrao,True,caracteristico do produto,,False
DES-2505-288,Desinfetante Quaternario Concentrado,3,Geladeira 5C,60,6.9,1.005,-0.013,0.0,0.026,0.015,2,"leve cremeacao na superficie, porem conforme",0,conforme padrao,True,caracteristico do produto,,False
DES-2505-288,Desinfetante Quaternario Concentrado,3,Geladeira 5C,90,6.96,1.005,-0.019,0.0,0.039,0.022,2,"leve cremeacao na superficie, porem conforme",0,conforme padrao,True,caracteristico do produto,,False
DES-2505-288,Desinfetante Quaternario Concentrado,3,Luz Solar,7,6.92,1.004,-0.344,0.0,1.084,0.51,2,"cremeacao visivel na superficie, reversivel a agitacao",0,conforme padrao,True,caracteristico do produto,,False
DES-2505-288,Desinfetante Quaternario Concentrado,3,Luz Solar,15,6.88,1.004,-0.691,0.0,2.131,1.023,1,liquido homogeneo com leve pelicula na superficie,1,"levemente diferente do padrao, conforme",True,caracteristico do produto,,False
DES-2505-288,Desinfetante Quaternario Concentrado,3,Luz Solar,30,6.91,1.004,-1.231,0.0,3.655,1.811,2,"leve cremeacao na superficie, porem conforme",2,perceptivelmente mais escura que o padrao,True,caracteristico,,False
DES-2505-288,Desinfetante Quaternario Concentrado,3,Luz Solar,60,6.85,1.004,-1.991,0.0,5.559,2.883,1,"homogeneo, leve turvacao em relacao ao padrao",2,perceptivelmente mais escura que o padrao,True,caracteristico do produto,,False
DES-2505-288,Desinfetante Quaternario Concentrado,3,Luz Solar,90,6.8,1.005,-2.479,0.0,6.606,3.531,3,sedimento no fundo nao reincorporavel,3,amarelada em relacao ao padrao,True,caracteristico do produto,aspecto nao conforme,True
DES-2506-290,Desinfetante Quaternario Concentrado,3,Ambiente Escuro 25C,7,6.64,1.016,-0.015,0.0,0.031,0.017,1,liquido homogeneo com leve pelicula na superficie,0,conforme padrao,True,caracteristico,,False
DES-2506-290,Desinfetante Quaternario Concentrado,3,Ambiente Escuro 25C,15,6.59,1.016,-0.033,0.0,0.066,0.037,2,"leve cremeacao na superficie, porem conforme",0,conforme padrao,True,caracteristico,,False
DES-2506-290,Desinfetante Quaternario Concentrado,3,Ambiente Escuro 25C,30,6.63,1.015,-0.066,0.0,0.132,0.074,1,"homogeneo, leve turvacao em relacao ao padrao",0,conforme padrao,True,caracteristico,,False
DES-2506-290,Desinfetante Quaternario Concentrado,3,Ambiente Escuro 25C,60,6.62,1.017,-0.132,0.0,0.264,0.148,1,liquido homogeneo com leve pelicula na superficie,0,conforme padrao,True,caracteristico do produto,,False
DES-2506-290,Desinfetante Quaternario Concentrado,3,Ambiente Escuro 25C,90,6.55,1.016,-0.198,0.0,0.396,0.223,0,"liquido homogeneo, limpido",0,conforme padrao,True,caracteristico do produto,,False
DES-2506-290,Desinfetante Quaternario Concentrado,3,Estufa 40C,7,6.66,1.015,-0.072,0.0,0.145,0.081,1,liquido homogeneo com leve pelicula na superficie,0,conforme padrao,True,caracteristico do produto,,False
DES-2506-290,Desinfetante Quaternario Concentrado,3,Estufa 40C,15,6.6,1.015,-0.155,0.0,0.31,0.174,1,"homogeneo, leve turvacao em relacao ao padrao",0,conforme padrao,True,caracteristico,,False
DES-2506-290,Desinfetante Quaternario Concentrado,3,Estufa 40C,30,6.6,1.016,-0.31,0.0,0.619,0.349,1,"homogeneo, leve turvacao em relacao ao padrao",0,conforme padrao,True,caracteristico,,False
DES-2506-290,Desinfetante Quaternario Concentrado,3,Estufa 40C,60,6.43,1.015,-0.619,0.0,1.239,0.702,1,"homogeneo, leve turvacao em relacao ao padrao",0,conforme padrao,True,caracteristico,,False
DES-2506-290,Desinfetante Quaternario Concentrado,3,Estufa 40C,90,6.33,1.019,-0.929,0.0,1.858,1.059,1,liquido homogeneo com leve pelicula na superficie,1,"levemente diferente do padrao, conforme",True,caracteristico,,False
DES-2506-290,Desinfetante Quaternario Concentrado,3,Geladeira 5C,7,6.69,1.014,-0.002,0.0,0.003,0.002,1,liquido homogeneo com leve pelicula na superficie,0,conforme padrao,True,caracteristico do produto,,False
DES-2506-290,Desinfetante Quaternario Concentrado,3,Geladeira 5C,15,6.63,1.014,-0.003,0.0,0.006,0.004,0,"liquido homogeneo, sem alteracao",0,conforme padrao,True,caracteristico do produto,,False
DES-2506-290,Desinfetante Quaternario Concentrado,3,Geladeira 5C,30,6.65,1.012,-0.006,0.0,0.013,0.007,1,"homogeneo, leve turvacao em relacao ao padrao",0,conforme padrao,True,caracteristico,,False
DES-2506-290,Desinfetante Quaternario Concentrado,3,Geladeira 5C,60,6.68,1.015,-0.013,0.0,0.026,0.015,1,"homogeneo, leve turvacao em relacao ao padrao",0,conforme padrao,True,caracteristico do produto,,False
DES-2506-290,Desinfetante Quaternario Concentrado,3,Geladeira 5C,90,6.64,1.015,-0.019,0.0,0.039,0.022,1,"homogeneo, leve turvacao em relacao ao padrao",0,conforme padrao,True,caracteristico,,False
DES-2506-290,Desinfetante Quaternario Concentrado,3,Luz Solar,7,6.64,1.014,-0.344,0.0,1.084,0.506,1,"homogeneo, leve turvacao em relacao ao padrao",0,conforme padrao,True,caracteristico,,False
DES-2506-290,Desinfetante Quaternario Concentrado,3,Luz Solar,15,6.65,1.011,-0.691,0.0,2.131,1.015,0,"liquido homogeneo, limpido",1,"levemente diferente do padrao, conforme",True,caracteristico do produto,,False
DES-2506-290,Desinfetante Quaternario Concentrado,3,Luz Solar,30,6.62,1.013,-1.231,0.0,3.655,1.796,1,liquido homogeneo com leve pelicula na superficie,2,perceptivelmente mais escura que o padrao,True,caracteristico,,False
DES-2506-290,Desinfetante Quaternario Concentrado,3,Luz Solar,60,6.54,1.015,-1.991,0.0,5.559,2.859,0,"liquido homogeneo, limpido",2,perceptivelmente mais escura que o padrao,True,caracteristico do produto,,False
DES-2506-290,Desinfetante Quaternario Concentrado,3,Luz Solar,90,6.53,1.017,-2.479,0.0,6.606,3.502,1,"homogeneo, leve turvacao em relacao ao padrao",3,amarelada em relacao ao padrao,True,caracteristico,,False
DLR-2506-291,Detergente Liquido para Roupas,3,Ambiente Escuro 25C,7,9.3,1.022,-0.018,0.0,0.036,0.031,0,"liquido homogeneo, levemente opalescente",0,conforme padrao,True,caracteristico do produto,,False
DLR-2506-291,Detergente Liquido para Roupas,3,Ambiente Escuro 25C,15,9.27,1.017,-0.039,0.0,0.078,0.066,0,"liquido homogeneo, limpido",0,conforme padrao,True,caracteristico do produto,,False
DLR-2506-291,Detergente Liquido para Roupas,3,Ambiente Escuro 25C,30,9.2,1.022,-0.078,0.0,0.156,0.133,0,"liquido homogeneo, levemente opalescente",0,conforme padrao,True,caracteristico,,False
DLR-2506-291,Detergente Liquido para Roupas,3,Ambiente Escuro 25C,60,9.27,1.021,-0.156,0.0,0.312,0.266,0,"liquido homogeneo, limpido",0,conforme padrao,True,caracteristico,,False
DLR-2506-291,Detergente Liquido para Roupas,3,Ambiente Escuro 25C,90,9.19,1.022,-0.234,0.0,0.468,0.399,0,"liquido homogeneo, limpido",0,conforme padrao,True,caracteristico do produto,,False
DLR-2506-291,Detergente Liquido para Roupas,3,Estufa 40C,7,9.25,1.022,-0.085,0.0,0.171,0.145,0,"liquido homogeneo, limpido",0,conforme padrao,True,caracteristico do produto,,False
DLR-2506-291,Detergente Liquido para Roupas,3,Estufa 40C,15,9.28,1.021,-0.183,0.0,0.366,0.312,0,"liquido homogeneo, sem alteracao",0,conforme padrao,True,caracteristico,,False
DLR-2506-291,Detergente Liquido para Roupas,3,Estufa 40C,30,9.17,1.023,-0.366,0.0,0.732,0.623,0,"liquido homogeneo, limpido",0,conforme padrao,True,caracteristico,,False
DLR-2506-291,Detergente Liquido para Roupas,3,Estufa 40C,60,9.07,1.024,-0.732,0.0,1.464,1.245,0,"liquido homogeneo, levemente opalescente",1,"levemente diferente do padrao, conforme",True,caracteristico,,False
DLR-2506-291,Detergente Liquido para Roupas,3,Estufa 40C,90,9.0,1.028,-1.098,0.0,2.196,1.864,0,"liquido homogeneo, limpido",2,perceptivelmente mais escura que o padrao,True,caracteristico,,False
DLR-2506-291,Detergente Liquido para Roupas,3,Geladeira 5C,7,9.28,1.021,-0.002,0.0,0.004,0.003,0,"liquido homogeneo, sem alteracao",0,conforme padrao,True,caracteristico do produto,,False
DLR-2506-291,Detergente Liquido para Roupas,3,Geladeira 5C,15,9.29,1.02,-0.004,0.0,0.008,0.007,0,"liquido homogeneo, levemente opalescente",0,conforme padrao,True,caracteristico do produto,,False
DLR-2506-291,Detergente Liquido para Roupas,3,Geladeira 5C,30,9.3,1.022,-0.008,0.0,0.015,0.013,0,"liquido homogeneo, levemente opalescente",0,conforme padrao,True,caracteristico do produto,,False
DLR-2506-291,Detergente Liquido para Roupas,3,Geladeira 5C,60,9.29,1.02,-0.015,0.0,0.031,0.026,0,"liquido homogeneo, limpido",0,conforme padrao,True,caracteristico,,False
DLR-2506-291,Detergente Liquido para Roupas,3,Geladeira 5C,90,9.28,1.023,-0.023,0.0,0.046,0.039,0,"liquido homogeneo, levemente opalescente",0,conforme padrao,True,caracteristico do produto,,False
DLR-2506-291,Detergente Liquido para Roupas,3,Luz Solar,7,9.26,1.02,-0.281,0.0,0.873,0.706,0,"liquido homogeneo, levemente opalescente",0,conforme padrao,True,caracteristico do produto,,False
DLR-2506-291,Detergente Liquido para Roupas,3,Luz Solar,15,9.26,1.02,-0.565,0.0,1.719,1.39,0,"liquido homogeneo, sem alteracao",1,"levemente diferente do padrao, conforme",True,caracteristico do produto,,False
DLR-2506-291,Detergente Liquido para Roupas,3,Luz Solar,30,9.25,1.025,-1.012,0.0,2.961,2.393,0,"liquido homogeneo, limpido",2,perceptivelmente mais escura que o padrao,True,caracteristico,,False
DLR-2506-291,Detergente Liquido para Roupas,3,Luz Solar,60,9.23,1.021,-1.654,0.0,4.546,3.672,0,"liquido homogeneo, sem alteracao",3,amarelada em relacao ao padrao,True,caracteristico,,False
DLR-2506-291,Detergente Liquido para Roupas,3,Luz Solar,90,9.16,1.022,-2.082,0.0,5.457,4.411,0,"liquido homogeneo, levemente opalescente",3,amarelada em relacao ao padrao,True,caracteristico,,False
LMU-2506-292,Limpador Multiuso Alcalino,3,Ambiente Escuro 25C,7,10.0,1.01,-0.021,0.0,0.042,0.03,1,liquido homogeneo com leve pelicula na superficie,0,conforme padrao,True,caracteristico,,False
LMU-2506-292,Limpador Multiuso Alcalino,3,Ambiente Escuro 25C,15,9.94,1.007,-0.045,0.0,0.09,0.065,0,"liquido homogeneo, levemente opalescente",0,conforme padrao,True,caracteristico do produto,,False
LMU-2506-292,Limpador Multiuso Alcalino,3,Ambiente Escuro 25C,30,9.94,1.011,-0.09,0.0,0.18,0.129,0,"liquido homogeneo, levemente opalescente",0,conforme padrao,True,caracteristico do produto,,False
LMU-2506-292,Limpador Multiuso Alcalino,3,Ambiente Escuro 25C,60,9.98,1.007,-0.18,0.0,0.36,0.259,0,"liquido homogeneo, levemente opalescente",0,conforme padrao,True,caracteristico,,False
LMU-2506-292,Limpador Multiuso Alcalino,3,Ambiente Escuro 25C,90,9.9,1.008,-0.27,0.0,0.54,0.388,0,"liquido homogeneo, levemente opalescente",0,conforme padrao,True,caracteristico,,False
LMU-2506-292,Limpador Multiuso Alcalino,3,Estufa 40C,7,10.0,1.009,-0.099,0.0,0.197,0.142,0,"liquido homogeneo, levemente opalescente",0,conforme padrao,True,caracteristico,,False
LMU-2506-292,Limpador Multiuso Alcalino,3,Estufa 40C,15,9.92,1.011,-0.211,0.0,0.422,0.303,0,"liquido homogeneo, sem alteracao",0,conforme padrao,True,caracteristico,,False
LMU-2506-292,Limpador Multiuso Alcalino,3,Estufa 40C,30,9.81,1.012,-0.422,0.0,0.845,0.605,1,liquido homogeneo com leve pelicula na superficie,0,conforme padrao,True,caracteristico do produto,,False
LMU-2506-292,Limpador Multiuso Alcalino,3,Estufa 40C,60,9.72,1.012,-0.845,0.0,1.689,1.205,0,"liquido homogeneo, limpido",1,"levemente diferente do padrao, conforme",True,caracteristico do produto,,False
LMU-2506-292,Limpador Multiuso Alcalino,3,Estufa 40C,90,9.54,1.015,-1.267,0.0,2.534,1.8,0,"liquido homogeneo, limpido",2,perceptivelmente mais escura que o padrao,True,caracteristico do produto,,False
LMU-2506-292,Limpador Multiuso Alcalino,3,Geladeira 5C,7,9.98,1.009,-0.002,0.0,0.004,0.003,1,liquido homogeneo com leve pelicula na superficie,0,conforme padrao,True,caracteristico do produto,,False
LMU-2506-292,Limpador Multiuso Alcalino,3,Geladeira 5C,15,9.97,1.008,-0.004,0.0,0.009,0.006,0,"liquido homogeneo, levemente opalescente",0,conforme padrao,True,caracteristico,,False
LMU-2506-292,Limpador Multiuso Alcalino,3,Geladeira 5C,30,9.99,1.01,-0.009,0.0,0.018,0.013,0,"liquido homogeneo, levemente opalescente",0,conforme padrao,True,caracteristico,,False
LMU-2506-292,Limpador Multiuso Alcalino,3,Geladeira 5C,60,9.97,1.009,-0.018,0.0,0.035,0.025,1,"homogeneo, leve turvacao em relacao ao padrao",0,conforme padrao,True,caracteristico do produto,,False
LMU-2506-292,Limpador Multiuso Alcalino,3,Geladeira 5C,90,10.05,1.008,-0.027,0.0,0.053,0.038,0,"liquido homogeneo, sem alteracao",0,conforme padrao,True,caracteristico,,False
LMU-2506-292,Limpador Multiuso Alcalino,3,Luz Solar,7,10.0,1.01,-0.32,0.0,0.993,0.65,0,"liquido homogeneo, limpido",0,conforme padrao,True,caracteristico,,False
LMU-2506-292,Limpador Multiuso Alcalino,3,Luz Solar,15,9.96,1.009,-0.644,0.0,1.955,1.276,0,"liquido homogeneo, levemente opalescente",1,"levemente diferente do padrao, conforme",True,caracteristico,,False
LMU-2506-292,Limpador Multiuso Alcalino,3,Luz Solar,30,9.97,1.011,-1.152,0.0,3.369,2.191,0,"liquido homogeneo, sem alteracao",2,perceptivelmente mais escura que o padrao,True,caracteristico do produto,,False
LMU-2506-292,Limpador Multiuso Alcalino,3,Luz Solar,60,9.88,1.008,-1.884,0.0,5.175,3.365,1,"homogeneo, leve turvacao em relacao ao padrao",3,amarelada em relacao ao padrao,True,caracteristico do produto,,False
LMU-2506-292,Limpador Multiuso Alcalino,3,Luz Solar,90,9.78,1.012,-2.372,0.0,6.216,4.053,1,"homogeneo, leve turvacao em relacao ao padrao",3,amarelada em relacao ao padrao,True,caracteristico do produto,,False
ALV-2506-293,Alvejante Liquido sem Cloro,3,Ambiente Escuro 25C,7,3.71,1.038,-0.014,0.0,0.028,0.025,0,"liquido homogeneo, sem alteracao",0,conforme padrao,True,caracteristico,,False
ALV-2506-293,Alvejante Liquido sem Cloro,3,Ambiente Escuro 25C,15,3.72,1.039,-0.03,0.0,0.06,0.053,0,"liquido homogeneo, limpido",0,conforme padrao,True,caracteristico,,False
ALV-2506-293,Alvejante Liquido sem Cloro,3,Ambiente Escuro 25C,30,3.72,1.039,-0.06,0.0,0.12,0.106,0,"liquido homogeneo, sem alteracao",0,conforme padrao,True,caracteristico do produto,,False
ALV-2506-293,Alvejante Liquido sem Cloro,3,Ambiente Escuro 25C,60,3.68,1.038,-0.12,0.0,0.24,0.211,0,"liquido homogeneo, limpido",0,conforme padrao,True,caracteristico do produto,,False
ALV-2506-293,Alvejante Liquido sem Cloro,3,Ambiente Escuro 25C,90,3.71,1.039,-0.18,0.0,0.36,0.316,0,"liquido homogeneo, limpido",0,conforme padrao,True,caracteristico,,False
ALV-2506-293,Alvejante Liquido sem Cloro,3,Estufa 40C,7,3.76,1.038,-0.066,0.0,0.131,0.116,0,"liquido homogeneo, levemente opalescente",0,conforme padrao,True,caracteristico do produto,,False
ALV-2506-293,Alvejante Liquido sem Cloro,3,Estufa 40C,15,3.66,1.038,-0.141,0.0,0.282,0.248,0,"liquido homogeneo, limpido",0,conforme padrao,True,caracteristico,,False
ALV-2506-293,Alvejante Liquido sem Cloro,3,Estufa 40C,30,3.64,1.043,-0.282,0.0,0.563,0.493,0,"liquido homogeneo, levemente opalescente",0,conforme padrao,True,caracteristico do produto,,False
ALV-2506-293,Alvejante Liquido sem Cloro,3,Estufa 40C,60,3.55,1.044,-0.563,0.0,1.126,0.977,0,"liquido homogeneo, limpido",1,"levemente diferente do padrao, conforme",True,caracteristico do produto,,False
ALV-2506-293,Alvejante Liquido sem Cloro,3,Estufa 40C,90,3.44,1.048,-0.845,0.0,1.689,1.453,0,"liquido homogeneo, levemente opalescente",1,"levemente diferente do padrao, conforme",True,caracteristico,pH fora de faixa,True
ALV-2506-293,Alvejante Liquido sem Cloro,3,Geladeira 5C,7,3.81,1.036,-0.001,0.0,0.003,0.002,0,"liquido homogeneo, levemente opalescente",0,conforme padrao,True,caracteristico,,False
ALV-2506-293,Alvejante Liquido sem Cloro,3,Geladeira 5C,15,3.74,1.039,-0.003,0.0,0.006,0.005,0,"liquido homogeneo, limpido",0,conforme padrao,True,caracteristico do produto,,False
ALV-2506-293,Alvejante Liquido sem Cloro,3,Geladeira 5C,30,3.74,1.039,-0.006,0.0,0.012,0.01,0,"liquido homogeneo, limpido",0,conforme padrao,True,caracteristico,,False
ALV-2506-293,Alvejante Liquido sem Cloro,3,Geladeira 5C,60,3.71,1.039,-0.012,0.0,0.024,0.021,0,"liquido homogeneo, levemente opalescente",0,conforme padrao,True,caracteristico do produto,,False
ALV-2506-293,Alvejante Liquido sem Cloro,3,Geladeira 5C,90,3.74,1.039,-0.018,0.0,0.035,0.031,0,"liquido homogeneo, levemente opalescente",0,conforme padrao,True,caracteristico do produto,,False
ALV-2506-293,Alvejante Liquido sem Cloro,3,Luz Solar,7,3.7,1.038,-0.376,0.0,1.19,0.993,0,"liquido homogeneo, limpido",1,"levemente diferente do padrao, conforme",True,caracteristico,,False
ALV-2506-293,Alvejante Liquido sem Cloro,3,Luz Solar,15,3.83,1.04,-0.754,0.0,2.337,1.914,0,"liquido homogeneo, limpido",2,perceptivelmente mais escura que o padrao,True,caracteristico do produto,,False
ALV-2506-293,Alvejante Liquido sem Cloro,3,Luz Solar,30,3.72,1.039,-1.34,0.0,4.002,3.197,0,"liquido homogeneo, levemente opalescente",3,amarelada em relacao ao padrao,True,caracteristico do produto,,False
ALV-2506-293,Alvejante Liquido sem Cloro,3,Luz Solar,60,3.73,1.04,-2.16,0.0,6.066,4.711,0,"liquido homogeneo, sem alteracao",3,amarelada em relacao ao padrao,True,caracteristico do produto,,False
ALV-2506-293,Alvejante Liquido sem Cloro,3,Luz Solar,90,3.64,1.039,-2.678,0.0,7.18,5.505,0,"liquido homogeneo, levemente opalescente",3,amarelada em relacao ao padrao,True,caracteristico,,False
AMA-2506-294,Amaciante de Roupas (esterquat),3,Ambiente Escuro 25C,7,3.19,0.994,-0.02,0.0,0.039,0.034,0,"liquido homogeneo, limpido",0,conforme padrao,True,caracteristico do produto,,False
AMA-2506-294,Amaciante de Roupas (esterquat),3,Ambiente Escuro 25C,15,3.24,0.996,-0.042,0.0,0.084,0.073,1,"homogeneo, leve turvacao em relacao ao padrao",0,conforme padrao,True,caracteristico do produto,,False
AMA-2506-294,Amaciante de Roupas (esterquat),3,Ambiente Escuro 25C,30,3.12,0.996,-0.084,0.0,0.168,0.146,0,"liquido homogeneo, limpido",0,conforme padrao,True,caracteristico do produto,,False
AMA-2506-294,Amaciante de Roupas (esterquat),3,Ambiente Escuro 25C,60,3.09,0.997,-0.168,0.0,0.336,0.292,1,liquido homogeneo com leve pelicula na superficie,0,conforme padrao,True,caracteristico,,False
AMA-2506-294,Amaciante de Roupas (esterquat),3,Ambiente Escuro 25C,90,3.08,0.995,-0.252,0.0,0.504,0.44,1,liquido homogeneo com leve pelicula na superficie,0,conforme padrao,True,caracteristico,,False
AMA-2506-294,Amaciante de Roupas (esterquat),3,Estufa 40C,7,3.17,0.996,-0.092,0.0,0.184,0.16,0,"liquido homogeneo, levemente opalescente",0,conforme padrao,True,caracteristico,,False
AMA-2506-294,Amaciante de Roupas (esterquat),3,Estufa 40C,15,3.09,0.996,-0.197,0.0,0.394,0.343,1,"homogeneo, leve turvacao em relacao ao padrao",0,conforme padrao,True,caracteristico,,False
AMA-2506-294,Amaciante de Roupas (esterquat),3,Estufa 40C,30,3.01,0.995,-0.394,0.0,0.788,0.69,0,"liquido homogeneo, levemente opalescente",0,conforme padrao,True,caracteristico do produto,,False
AMA-2506-294,Amaciante de Roupas (esterquat),3,Estufa 40C,60,2.81,1.0,-0.788,0.0,1.577,1.394,1,"homogeneo, leve turvacao em relacao ao padrao",1,"levemente diferente do padrao, conforme",True,caracteristico,,False
AMA-2506-294,Amaciante de Roupas (esterquat),3,Estufa 40C,90,2.63,1.001,-1.182,0.0,2.365,2.11,1,"homogeneo, leve turvacao em relacao ao padrao",2,perceptivelmente mais escura que o padrao,True,caracteristico do produto,,False
AMA-2506-294,Amaciante de Roupas (esterquat),3,Geladeira 5C,7,3.19,0.995,-0.002,0.0,0.004,0.003,0,"liquido homogeneo, levemente opalescente",0,conforme padrao,True,caracteristico,,False
AMA-2506-294,Amaciante de Roupas (esterquat),3,Geladeira 5C,15,3.14,0.995,-0.004,0.0,0.008,0.007,1,"homogeneo, leve turvacao em relacao ao padrao",0,conforme padrao,True,caracteristico,,False
AMA-2506-294,Amaciante de Roupas (esterquat),3,Geladeira 5C,30,3.17,0.994,-0.008,0.0,0.017,0.014,1,"homogeneo, leve turvacao em relacao ao padrao",0,conforme padrao,True,caracteristico,,False
AMA-2506-294,Amaciante de Roupas (esterquat),3,Geladeira 5C,60,3.24,0.994,-0.017,0.0,0.033,0.029,1,liquido homogeneo com leve pelicula na superficie,0,conforme padrao,True,caracteristico,,False
AMA-2506-294,Amaciante de Roupas (esterquat),3,Geladeira 5C,90,3.14,0.996,-0.025,0.0,0.05,0.043,1,"homogeneo, leve turvacao em relacao ao padrao",0,conforme padrao,True,caracteristico,,False
AMA-2506-294,Amaciante de Roupas (esterquat),3,Luz Solar,7,3.16,0.995,-0.226,0.0,0.693,0.583,1,liquido homogeneo com leve pelicula na superficie,0,conforme padrao,True,caracteristico do produto,,False
AMA-2506-294,Amaciante de Roupas (esterquat),3,Luz Solar,15,3.13,0.991,-0.457,0.0,1.368,1.164,1,liquido homogeneo com leve pelicula na superficie,1,"levemente diferente do padrao, conforme",True,caracteristico,,False
AMA-2506-294,Amaciante de Roupas (esterquat),3,Luz Solar,30,3.09,0.996,-0.822,0.0,2.369,2.044,0,"liquido homogeneo, sem alteracao",2,perceptivelmente mais escura que o padrao,True,caracteristico do produto,,False
AMA-2506-294,Amaciante de Roupas (esterquat),3,Luz Solar,60,3.05,0.996,-1.359,0.0,3.674,3.229,1,liquido homogeneo com leve pelicula na superficie,3,amarelada em relacao ao padrao,True,caracteristico,,False
AMA-2506-294,Amaciante de Roupas (esterquat),3,Luz Solar,90,3.05,0.999,-1.73,0.0,4.46,3.958,1,"homogeneo, leve turvacao em relacao ao padrao",3,amarelada em relacao ao padrao,True,caracteristico,,False
LMU-2506-299,Limpador Multiuso Alcalino,3,Ambiente Escuro 25C,7,10.56,1.014,-0.021,0.0,0.042,0.03,1,"homogeneo, leve turvacao em relacao ao padrao",0,conforme padrao,True,caracteristico do produto,,False
LMU-2506-299,Limpador Multiuso Alcalino,3,Ambiente Escuro 25C,15,10.56,1.014,-0.045,0.0,0.09,0.065,1,liquido homogeneo com leve pelicula na superficie,0,conforme padrao,True,caracteristico,,False
LMU-2506-299,Limpador Multiuso Alcalino,3,Ambiente Escuro 25C,30,10.52,1.012,-0.09,0.0,0.18,0.13,2,"leve cremeacao na superficie, porem conforme",0,conforme padrao,True,caracteristico do produto,,False
LMU-2506-299,Limpador Multiuso Alcalino,3,Ambiente Escuro 25C,60,10.51,1.016,-0.18,0.0,0.36,0.259,1,liquido homogeneo com leve pelicula na superficie,0,conforme padrao,True,caracteristico,,False
LMU-2506-299,Limpador Multiuso Alcalino,3,Ambiente Escuro 25C,90,10.51,1.015,-0.27,0.0,0.54,0.388,1,liquido homogeneo com leve pelicula na superficie,0,conforme padrao,True,caracteristico do produto,,False
LMU-2506-299,Limpador Multiuso Alcalino,3,Estufa 40C,7,10.56,1.016,-0.099,0.0,0.197,0.142,1,liquido homogeneo com leve pelicula na superficie,0,conforme padrao,True,caracteristico do produto,,False
LMU-2506-299,Limpador Multiuso Alcalino,3,Estufa 40C,15,10.53,1.014,-0.211,0.0,0.422,0.304,1,liquido homogeneo com leve pelicula na superficie,0,conforme padrao,True,caracteristico,,False
LMU-2506-299,Limpador Multiuso Alcalino,3,Estufa 40C,30,10.37,1.018,-0.422,0.0,0.845,0.606,1,"homogeneo, leve turvacao em relacao ao padrao",0,conforme padrao,True,caracteristico,,False
LMU-2506-299,Limpador Multiuso Alcalino,3,Estufa 40C,60,10.24,1.018,-0.845,0.0,1.689,1.208,1,"homogeneo, leve turvacao em relacao ao padrao",1,"levemente diferente do padrao, conforme",True,caracteristico,,False
LMU-2506-299,Limpador Multiuso Alcalino,3,Estufa 40C,90,10.03,1.017,-1.267,0.0,2.534,1.804,2,"leve cremeacao na superficie, porem conforme",2,perceptivelmente mais escura que o padrao,True,caracteristico,,False
LMU-2506-299,Limpador Multiuso Alcalino,3,Geladeira 5C,7,10.61,1.012,-0.002,0.0,0.004,0.003,1,"homogeneo, leve turvacao em relacao ao padrao",0,conforme padrao,True,caracteristico do produto,,False
LMU-2506-299,Limpador Multiuso Alcalino,3,Geladeira 5C,15,10.59,1.012,-0.004,0.0,0.009,0.006,1,"homogeneo, leve turvacao em relacao ao padrao",0,conforme padrao,True,caracteristico do produto,,False
LMU-2506-299,Limpador Multiuso Alcalino,3,Geladeira 5C,30,10.6,1.012,-0.009,0.0,0.018,0.013,1,"homogeneo, leve turvacao em relacao ao padrao",0,conforme padrao,True,caracteristico do produto,,False
LMU-2506-299,Limpador Multiuso Alcalino,3,Geladeira 5C,60,10.58,1.015,-0.018,0.0,0.035,0.025,1,liquido homogeneo com leve pelicula na superficie,0,conforme padrao,True,caracteristico,,False
LMU-2506-299,Limpador Multiuso Alcalino,3,Geladeira 5C,90,10.58,1.015,-0.027,0.0,0.053,0.038,1,liquido homogeneo com leve pelicula na superficie,0,conforme padrao,True,caracteristico,,False
LMU-2506-299,Limpador Multiuso Alcalino,3,Luz Solar,7,10.56,1.012,-0.32,0.0,0.993,0.649,1,liquido homogeneo com leve pelicula na superficie,0,conforme padrao,True,caracteristico do produto,,False
LMU-2506-299,Limpador Multiuso Alcalino,3,Luz Solar,15,10.56,1.014,-0.644,0.0,1.955,1.274,1,liquido homogeneo com leve pelicula na superficie,1,"levemente diferente do padrao, conforme",True,caracteristico,,False
LMU-2506-299,Limpador Multiuso Alcalino,3,Luz Solar,30,10.51,1.014,-1.152,0.0,3.369,2.19,1,liquido homogeneo com leve pelicula na superficie,2,perceptivelmente mais escura que o padrao,True,caracteristico,,False
LMU-2506-299,Limpador Multiuso Alcalino,3,Luz Solar,60,10.45,1.018,-1.884,0.0,5.175,3.364,1,"homogeneo, leve turvacao em relacao ao padrao",3,amarelada em relacao ao padrao,True,caracteristico do produto,,False
LMU-2506-299,Limpador Multiuso Alcalino,3,Luz Solar,90,10.4,1.015,-2.372,0.0,6.216,4.054,1,"homogeneo, leve turvacao em relacao ao padrao",3,amarelada em relacao ao padrao,True,caracteristico do produto,,False
DES-2506-300,Desinfetante Quaternario Concentrado,3,Ambiente Escuro 25C,7,7.07,1.0,-0.015,0.0,0.031,0.017,1,"homogeneo, leve turvacao em relacao ao padrao",0,conforme padrao,True,caracteristico,,False
DES-2506-300,Desinfetante Quaternario Concentrado,3,Ambiente Escuro 25C,15,7.01,1.0,-0.033,0.0,0.066,0.037,1,"homogeneo, leve turvacao em relacao ao padrao",0,conforme padrao,True,caracteristico,,False
DES-2506-300,Desinfetante Quaternario Concentrado,3,Ambiente Escuro 25C,30,7.02,1.002,-0.066,0.0,0.132,0.074,1,"homogeneo, leve turvacao em relacao ao padrao",0,conforme padrao,True,caracteristico,,False
DES-2506-300,Desinfetante Quaternario Concentrado,3,Ambiente Escuro 25C,60,7.08,1.003,-0.132,0.0,0.264,0.148,2,"leve cremeacao na superficie, porem conforme",0,conforme padrao,True,caracteristico,,False
DES-2506-300,Desinfetante Quaternario Concentrado,3,Ambiente Escuro 25C,90,6.97,1.003,-0.198,0.0,0.396,0.222,2,"cremeacao visivel na superficie, reversivel a agitacao",0,conforme padrao,True,caracteristico do produto,,False
DES-2506-300,Desinfetante Quaternario Concentrado,3,Estufa 40C,7,6.99,1.003,-0.072,0.0,0.145,0.081,2,"leve cremeacao na superficie, porem conforme",0,conforme padrao,True,caracteristico do produto,,False
DES-2506-300,Desinfetante Quaternario Concentrado,3,Estufa 40C,15,7.06,1.005,-0.155,0.0,0.31,0.173,2,"cremeacao visivel na superficie, reversivel a agitacao",0,conforme padrao,True,caracteristico,,False
DES-2506-300,Desinfetante Quaternario Concentrado,3,Estufa 40C,30,6.86,1.004,-0.31,0.0,0.619,0.348,2,"leve cremeacao na superficie, porem conforme",0,conforme padrao,True,caracteristico do produto,,False
DES-2506-300,Desinfetante Quaternario Concentrado,3,Estufa 40C,60,6.8,1.004,-0.619,0.0,1.239,0.7,3,sedimento no fundo nao reincorporavel,0,conforme padrao,True,caracteristico do produto,aspecto nao conforme,True
DES-2506-300,Desinfetante Quaternario Concentrado,3,Estufa 40C,90,6.65,1.006,-0.929,0.0,1.858,1.056,4,separacao franca de fases; coalescencia evidente,1,"levemente diferente do padrao, conforme",True,caracteristico do produto,aspecto nao conforme,True
DES-2506-300,Desinfetante Quaternario Concentrado,3,Geladeira 5C,7,7.1,1.0,-0.002,0.0,0.003,0.002,1,"homogeneo, leve turvacao em relacao ao padrao",0,conforme padrao,True,caracteristico do produto,,False
DES-2506-300,Desinfetante Quaternario Concentrado,3,Geladeira 5C,15,7.03,1.001,-0.003,0.0,0.006,0.004,1,"homogeneo, leve turvacao em relacao ao padrao",0,conforme padrao,True,caracteristico do produto,,False
DES-2506-300,Desinfetante Quaternario Concentrado,3,Geladeira 5C,30,7.03,1.002,-0.006,0.0,0.013,0.007,2,"leve cremeacao na superficie, porem conforme",0,conforme padrao,True,caracteristico,,False
DES-2506-300,Desinfetante Quaternario Concentrado,3,Geladeira 5C,60,6.98,1.002,-0.013,0.0,0.026,0.014,1,liquido homogeneo com leve pelicula na superficie,0,conforme padrao,True,caracteristico do produto,,False
DES-2506-300,Desinfetante Quaternario Concentrado,3,Geladeira 5C,90,7.02,1.003,-0.019,0.0,0.039,0.022,1,liquido homogeneo com leve pelicula na superficie,0,conforme padrao,True,caracteristico,,False
DES-2506-300,Desinfetante Quaternario Concentrado,3,Luz Solar,7,7.06,1.001,-0.344,0.0,1.084,0.505,1,"homogeneo, leve turvacao em relacao ao padrao",0,conforme padrao,True,caracteristico do produto,,False
DES-2506-300,Desinfetante Quaternario Concentrado,3,Luz Solar,15,7.03,1.004,-0.691,0.0,2.131,1.012,1,"homogeneo, leve turvacao em relacao ao padrao",1,"levemente diferente do padrao, conforme",True,caracteristico,,False
DES-2506-300,Desinfetante Quaternario Concentrado,3,Luz Solar,30,6.96,1.004,-1.231,0.0,3.655,1.791,3,"separacao parcial de fase, camada superior definida",2,perceptivelmente mais escura que o padrao,True,caracteristico,aspecto nao conforme,True
DES-2506-300,Desinfetante Quaternario Concentrado,3,Luz Solar,60,6.91,1.004,-1.991,0.0,5.559,2.85,2,"leve cremeacao na superficie, porem conforme",2,perceptivelmente mais escura que o padrao,True,caracteristico do produto,,False
DES-2506-300,Desinfetante Quaternario Concentrado,3,Luz Solar,90,6.86,1.003,-2.479,0.0,6.606,3.491,3,"separacao parcial de fase, camada superior definida",3,amarelada em relacao ao padrao,True,caracteristico do produto,aspecto nao conforme,True
